0.00000000000000000000 0.00000000000000000000 0.00000000000000000000 0.50000000000000000000 0.00000000000000000000 0.00000000000000000000 0
0.00000000000000000000 0.02000000000000000042 0.00000000000000000000 0.50000000000000000000 0.00000000000000000000 0.00000000000000000000 0
0.00000000000000000000 0.04000000000000000083 0.00000000000000000000 0.50000000000000000000 0.00000000000000000000 0.00000000000000000000 0
0.00000000000000000000 0.05999999999999999778 0.00000000000000000000 0.50000000000000000000 0.00000000000000000000 0.00000000000000000000 0
0.00000000000000000000 0.08000000000000000167 0.00000000000000000000 0.50000000000000000000 0.00000000000000000000 0.00000000000000000000 0
0.00000000000000000000 0.10000000000000000555 0.00000000000000000000 0.50000000000000000000 0.00000000000000000000 0.00000000000000000000 10
0.00000000000000000000 0.11999999999999999556 0.00000000000000000000 0.50000000000000000000 0.00000000000000000000 0.00000000000000000000 10
0.00000000000000000000 0.14000000000000001332 0.00000000000000000000 0.50000000000000000000 0.00000000000000000000 0.00000000000000000000 10
0.00000000000000000000 0.16000000000000000333 0.00000000000000000000 0.50000000000000000000 0.00000000000000000000 0.00000000000000000000 10
0.00000000000000000000 0.17999999999999999334 0.00000000000000000000 0.50000000000000000000 0.00000000000000000000 0.00000000000000000000 10
0.00000000000000000000 0.20000000000000001110 0.00000000000000000000 0.50000000000000000000 0.00000000000000000000 0.00000000000000000000 20
0.00000000000000000000 0.22000000000000000111 0.00000000000000000000 0.50000000000000000000 0.00000000000000000000 0.00000000000000000000 20
0.00000000000000000000 0.23999999999999999112 0.00000000000000000000 0.50000000000000000000 0.00000000000000000000 0.00000000000000000000 20
0.00000000000000000000 0.26000000000000000888 0.00000000000000000000 -0.50000000000000000000 0.00000000000000000000 0.00000000000000000000 20
0.00000000000000000000 0.28000000000000002665 0.00000000000000000000 -0.50000000000000000000 0.00000000000000000000 0.00000000000000000000 20
0.00000000000000000000 0.29999999999999998890 0.00000000000000000000 -0.50000000000000000000 0.00000000000000000000 0.00000000000000000000 30
0.00000000000000000000 0.32000000000000000666 0.00000000000000000000 -0.50000000000000000000 0.00000000000000000000 0.00000000000000000000 30
0.00000000000000000000 0.34000000000000002442 0.00000000000000000000 -0.50000000000000000000 0.00000000000000000000 0.00000000000000000000 30
0.00000000000000000000 0.35999999999999998668 0.00000000000000000000 -0.50000000000000000000 0.00000000000000000000 0.00000000000000000000 30
0.00000000000000000000 0.38000000000000000444 0.00000000000000000000 -0.50000000000000000000 0.00000000000000000000 0.00000000000000000000 30
0.00000000000000000000 0.40000000000000002220 0.00000000000000000000 -0.50000000000000000000 0.00000000000000000000 0.00000000000000000000 40
0.00000000000000000000 0.41999999999999998446 0.00000000000000000000 -0.50000000000000000000 0.00000000000000000000 0.00000000000000000000 40
0.00000000000000000000 0.44000000000000000222 0.00000000000000000000 -0.50000000000000000000 0.00000000000000000000 0.00000000000000000000 40
0.00000000000000000000 0.46000000000000001998 0.00000000000000000000 -0.50000000000000000000 0.00000000000000000000 0.00000000000000000000 40
0.00000000000000000000 0.47999999999999998224 0.00000000000000000000 -0.50000000000000000000 0.00000000000000000000 0.00000000000000000000 40
0.00000000000000000000 0.50000000000000000000 0.00000000000000000000 -0.50000000000000000000 0.00000000000000000000 0.00000000000000000000 50
0.00000000000000000000 0.52000000000000001776 0.00000000000000000000 -0.50000000000000000000 0.00000000000000000000 0.00000000000000000000 50
0.00000000000000000000 0.54000000000000003553 0.00000000000000000000 -0.50000000000000000000 0.00000000000000000000 0.00000000000000000000 50
0.00000000000000000000 0.56000000000000005329 0.00000000000000000000 -0.50000000000000000000 0.00000000000000000000 0.00000000000000000000 50
0.00000000000000000000 0.57999999999999996003 0.00000000000000000000 -0.50000000000000000000 0.00000000000000000000 0.00000000000000000000 50
0.00000000000000000000 0.59999999999999997780 0.00000000000000000000 -0.50000000000000000000 0.00000000000000000000 0.00000000000000000000 60
0.00000000000000000000 0.61999999999999999556 0.00000000000000000000 -0.50000000000000000000 0.00000000000000000000 0.00000000000000000000 60
0.00000000000000000000 0.64000000000000001332 0.00000000000000000000 -0.50000000000000000000 0.00000000000000000000 0.00000000000000000000 60
0.00000000000000000000 0.66000000000000003109 0.00000000000000000000 -0.50000000000000000000 0.00000000000000000000 0.00000000000000000000 60
0.00000000000000000000 0.68000000000000004885 0.00000000000000000000 -0.50000000000000000000 0.00000000000000000000 0.00000000000000000000 60
0.00000000000000000000 0.70000000000000006661 0.00000000000000000000 -0.50000000000000000000 0.00000000000000000000 0.00000000000000000000 70
0.00000000000000000000 0.71999999999999997335 0.00000000000000000000 -0.50000000000000000000 0.00000000000000000000 0.00000000000000000000 70
0.00000000000000000000 0.73999999999999999112 0.00000000000000000000 -0.50000000000000000000 0.00000000000000000000 0.00000000000000000000 70
0.00000000000000000000 0.76000000000000000888 0.00000000000000000000 0.50000000000000000000 0.00000000000000000000 0.00000000000000000000 70
0.00000000000000000000 0.78000000000000002665 0.00000000000000000000 0.50000000000000000000 0.00000000000000000000 0.00000000000000000000 70
0.00000000000000000000 0.80000000000000004441 0.00000000000000000000 0.50000000000000000000 0.00000000000000000000 0.00000000000000000000 80
0.00000000000000000000 0.82000000000000006217 0.00000000000000000000 0.50000000000000000000 0.00000000000000000000 0.00000000000000000000 80
0.00000000000000000000 0.83999999999999996891 0.00000000000000000000 0.50000000000000000000 0.00000000000000000000 0.00000000000000000000 80
0.00000000000000000000 0.85999999999999998668 0.00000000000000000000 0.50000000000000000000 0.00000000000000000000 0.00000000000000000000 80
0.00000000000000000000 0.88000000000000000444 0.00000000000000000000 0.50000000000000000000 0.00000000000000000000 0.00000000000000000000 80
0.00000000000000000000 0.90000000000000002220 0.00000000000000000000 0.50000000000000000000 0.00000000000000000000 0.00000000000000000000 90
0.00000000000000000000 0.92000000000000003997 0.00000000000000000000 0.50000000000000000000 0.00000000000000000000 0.00000000000000000000 90
0.00000000000000000000 0.94000000000000005773 0.00000000000000000000 0.50000000000000000000 0.00000000000000000000 0.00000000000000000000 90
0.00000000000000000000 0.95999999999999996447 0.00000000000000000000 0.50000000000000000000 0.00000000000000000000 0.00000000000000000000 90
0.00000000000000000000 0.97999999999999998224 0.00000000000000000000 0.50000000000000000000 0.00000000000000000000 0.00000000000000000000 90
0.00000000000000000000 1.00000000000000000000 0.00000000000000000000 0.50000000000000000000 0.00000000000000000000 0.00000000000000000000 90
0.02000000000000000042 0.00000000000000000000 0.00000000000000000000 0.50125333233564306479 0.00125333233564304267 0.00000000000000000000 0
0.02000000000000000042 0.02000000000000000042 0.00000000000000000000 0.50125333233564306479 0.00125333233564304267 0.00000000000000000000 0
0.02000000000000000042 0.04000000000000000083 0.00000000000000000000 0.50125333233564306479 0.00125333233564304267 0.00000000000000000000 0
0.02000000000000000042 0.05999999999999999778 0.00000000000000000000 0.50125333233564306479 0.00125333233564304267 0.00000000000000000000 0
0.02000000000000000042 0.08000000000000000167 0.00000000000000000000 0.50125333233564306479 0.00125333233564304267 0.00000000000000000000 0
0.02000000000000000042 0.10000000000000000555 0.00000000000000000000 0.50125333233564306479 0.00125333233564304267 0.00000000000000000000 10
0.02000000000000000042 0.11999999999999999556 0.00000000000000000000 0.50125333233564306479 0.00125333233564304267 0.00000000000000000000 10
0.02000000000000000042 0.14000000000000001332 0.00000000000000000000 0.50125333233564306479 0.00125333233564304267 0.00000000000000000000 10
0.02000000000000000042 0.16000000000000000333 0.00000000000000000000 0.50125333233564306479 0.00125333233564304267 0.00000000000000000000 10
0.02000000000000000042 0.17999999999999999334 0.00000000000000000000 0.50125333233564306479 0.00125333233564304267 0.00000000000000000000 10
0.02000000000000000042 0.20000000000000001110 0.00000000000000000000 0.50125333233564306479 0.00125333233564304267 0.00000000000000000000 20
0.02000000000000000042 0.22000000000000000111 0.00000000000000000000 0.50125333233564306479 0.00125333233564304267 0.00000000000000000000 20
0.02000000000000000042 0.23999999999999999112 0.00000000000000000000 0.50125333233564306479 0.00125333233564304267 0.00000000000000000000 20
0.02000000000000000042 0.26000000000000000888 0.00000000000000000000 -0.49874666766435693521 0.00125333233564304267 0.00000000000000000000 20
0.02000000000000000042 0.28000000000000002665 0.00000000000000000000 -0.49874666766435693521 0.00125333233564304267 0.00000000000000000000 20
0.02000000000000000042 0.29999999999999998890 0.00000000000000000000 -0.49874666766435693521 0.00125333233564304267 0.00000000000000000000 30
0.02000000000000000042 0.32000000000000000666 0.00000000000000000000 -0.49874666766435693521 0.00125333233564304267 0.00000000000000000000 30
0.02000000000000000042 0.34000000000000002442 0.00000000000000000000 -0.49874666766435693521 0.00125333233564304267 0.00000000000000000000 30
0.02000000000000000042 0.35999999999999998668 0.00000000000000000000 -0.49874666766435693521 0.00125333233564304267 0.00000000000000000000 30
0.02000000000000000042 0.38000000000000000444 0.00000000000000000000 -0.49874666766435693521 0.00125333233564304267 0.00000000000000000000 30
0.02000000000000000042 0.40000000000000002220 0.00000000000000000000 -0.49874666766435693521 0.00125333233564304267 0.00000000000000000000 40
0.02000000000000000042 0.41999999999999998446 0.00000000000000000000 -0.49874666766435693521 0.00125333233564304267 0.00000000000000000000 40
0.02000000000000000042 0.44000000000000000222 0.00000000000000000000 -0.49874666766435693521 0.00125333233564304267 0.00000000000000000000 40
0.02000000000000000042 0.46000000000000001998 0.00000000000000000000 -0.49874666766435693521 0.00125333233564304267 0.00000000000000000000 40
0.02000000000000000042 0.47999999999999998224 0.00000000000000000000 -0.49874666766435693521 0.00125333233564304267 0.00000000000000000000 40
0.02000000000000000042 0.50000000000000000000 0.00000000000000000000 -0.49874666766435693521 0.00125333233564304267 0.00000000000000000000 50
0.02000000000000000042 0.52000000000000001776 0.00000000000000000000 -0.49874666766435693521 0.00125333233564304267 0.00000000000000000000 50
0.02000000000000000042 0.54000000000000003553 0.00000000000000000000 -0.49874666766435693521 0.00125333233564304267 0.00000000000000000000 50
0.02000000000000000042 0.56000000000000005329 0.00000000000000000000 -0.49874666766435693521 0.00125333233564304267 0.00000000000000000000 50
0.02000000000000000042 0.57999999999999996003 0.00000000000000000000 -0.49874666766435693521 0.00125333233564304267 0.00000000000000000000 50
0.02000000000000000042 0.59999999999999997780 0.00000000000000000000 -0.49874666766435693521 0.00125333233564304267 0.00000000000000000000 60
0.02000000000000000042 0.61999999999999999556 0.00000000000000000000 -0.49874666766435693521 0.00125333233564304267 0.00000000000000000000 60
0.02000000000000000042 0.64000000000000001332 0.00000000000000000000 -0.49874666766435693521 0.00125333233564304267 0.00000000000000000000 60
0.02000000000000000042 0.66000000000000003109 0.00000000000000000000 -0.49874666766435693521 0.00125333233564304267 0.00000000000000000000 60
0.02000000000000000042 0.68000000000000004885 0.00000000000000000000 -0.49874666766435693521 0.00125333233564304267 0.00000000000000000000 60
0.02000000000000000042 0.70000000000000006661 0.00000000000000000000 -0.49874666766435693521 0.00125333233564304267 0.00000000000000000000 70
0.02000000000000000042 0.71999999999999997335 0.00000000000000000000 -0.49874666766435693521 0.00125333233564304267 0.00000000000000000000 70
0.02000000000000000042 0.73999999999999999112 0.00000000000000000000 -0.49874666766435693521 0.00125333233564304267 0.00000000000000000000 70
0.02000000000000000042 0.76000000000000000888 0.00000000000000000000 0.50125333233564306479 0.00125333233564304267 0.00000000000000000000 70
0.02000000000000000042 0.78000000000000002665 0.00000000000000000000 0.50125333233564306479 0.00125333233564304267 0.00000000000000000000 70
0.02000000000000000042 0.80000000000000004441 0.00000000000000000000 0.50125333233564306479 0.00125333233564304267 0.00000000000000000000 80
0.02000000000000000042 0.82000000000000006217 0.00000000000000000000 0.50125333233564306479 0.00125333233564304267 0.00000000000000000000 80
0.02000000000000000042 0.83999999999999996891 0.00000000000000000000 0.50125333233564306479 0.00125333233564304267 0.00000000000000000000 80
0.02000000000000000042 0.85999999999999998668 0.00000000000000000000 0.50125333233564306479 0.00125333233564304267 0.00000000000000000000 80
0.02000000000000000042 0.88000000000000000444 0.00000000000000000000 0.50125333233564306479 0.00125333233564304267 0.00000000000000000000 80
0.02000000000000000042 0.90000000000000002220 0.00000000000000000000 0.50125333233564306479 0.00125333233564304267 0.00000000000000000000 90
0.02000000000000000042 0.92000000000000003997 0.00000000000000000000 0.50125333233564306479 0.00125333233564304267 0.00000000000000000000 90
0.02000000000000000042 0.94000000000000005773 0.00000000000000000000 0.50125333233564306479 0.00125333233564304267 0.00000000000000000000 90
0.02000000000000000042 0.95999999999999996447 0.00000000000000000000 0.50125333233564306479 0.00125333233564304267 0.00000000000000000000 90
0.02000000000000000042 0.97999999999999998224 0.00000000000000000000 0.50125333233564306479 0.00125333233564304267 0.00000000000000000000 90
0.02000000000000000042 1.00000000000000000000 0.00000000000000000000 0.50125333233564306479 0.00125333233564304267 0.00000000000000000000 90
0.04000000000000000083 0.00000000000000000000 0.00000000000000000000 0.50248689887164854628 0.00248689887164854802 0.00000000000000000000 0
0.04000000000000000083 0.02000000000000000042 0.00000000000000000000 0.50248689887164854628 0.00248689887164854802 0.00000000000000000000 0
0.04000000000000000083 0.04000000000000000083 0.00000000000000000000 0.50248689887164854628 0.00248689887164854802 0.00000000000000000000 0
0.04000000000000000083 0.05999999999999999778 0.00000000000000000000 0.50248689887164854628 0.00248689887164854802 0.00000000000000000000 0
0.04000000000000000083 0.08000000000000000167 0.00000000000000000000 0.50248689887164854628 0.00248689887164854802 0.00000000000000000000 0
0.04000000000000000083 0.10000000000000000555 0.00000000000000000000 0.50248689887164854628 0.00248689887164854802 0.00000000000000000000 10
0.04000000000000000083 0.11999999999999999556 0.00000000000000000000 0.50248689887164854628 0.00248689887164854802 0.00000000000000000000 10
0.04000000000000000083 0.14000000000000001332 0.00000000000000000000 0.50248689887164854628 0.00248689887164854802 0.00000000000000000000 10
0.04000000000000000083 0.16000000000000000333 0.00000000000000000000 0.50248689887164854628 0.00248689887164854802 0.00000000000000000000 10
0.04000000000000000083 0.17999999999999999334 0.00000000000000000000 0.50248689887164854628 0.00248689887164854802 0.00000000000000000000 10
0.04000000000000000083 0.20000000000000001110 0.00000000000000000000 0.50248689887164854628 0.00248689887164854802 0.00000000000000000000 20
0.04000000000000000083 0.22000000000000000111 0.00000000000000000000 0.50248689887164854628 0.00248689887164854802 0.00000000000000000000 20
0.04000000000000000083 0.23999999999999999112 0.00000000000000000000 0.50248689887164854628 0.00248689887164854802 0.00000000000000000000 20
0.04000000000000000083 0.26000000000000000888 0.00000000000000000000 -0.49751310112835145372 0.00248689887164854802 0.00000000000000000000 20
0.04000000000000000083 0.28000000000000002665 0.00000000000000000000 -0.49751310112835145372 0.00248689887164854802 0.00000000000000000000 20
0.04000000000000000083 0.29999999999999998890 0.00000000000000000000 -0.49751310112835145372 0.00248689887164854802 0.00000000000000000000 30
0.04000000000000000083 0.32000000000000000666 0.00000000000000000000 -0.49751310112835145372 0.00248689887164854802 0.00000000000000000000 30
0.04000000000000000083 0.34000000000000002442 0.00000000000000000000 -0.49751310112835145372 0.00248689887164854802 0.00000000000000000000 30
0.04000000000000000083 0.35999999999999998668 0.00000000000000000000 -0.49751310112835145372 0.00248689887164854802 0.00000000000000000000 30
0.04000000000000000083 0.38000000000000000444 0.00000000000000000000 -0.49751310112835145372 0.00248689887164854802 0.00000000000000000000 30
0.04000000000000000083 0.40000000000000002220 0.00000000000000000000 -0.49751310112835145372 0.00248689887164854802 0.00000000000000000000 40
0.04000000000000000083 0.41999999999999998446 0.00000000000000000000 -0.49751310112835145372 0.00248689887164854802 0.00000000000000000000 40
0.04000000000000000083 0.44000000000000000222 0.00000000000000000000 -0.49751310112835145372 0.00248689887164854802 0.00000000000000000000 40
0.04000000000000000083 0.46000000000000001998 0.00000000000000000000 -0.49751310112835145372 0.00248689887164854802 0.00000000000000000000 40
0.04000000000000000083 0.47999999999999998224 0.00000000000000000000 -0.49751310112835145372 0.00248689887164854802 0.00000000000000000000 40
0.04000000000000000083 0.50000000000000000000 0.00000000000000000000 -0.49751310112835145372 0.00248689887164854802 0.00000000000000000000 50
0.04000000000000000083 0.52000000000000001776 0.00000000000000000000 -0.49751310112835145372 0.00248689887164854802 0.00000000000000000000 50
0.04000000000000000083 0.54000000000000003553 0.00000000000000000000 -0.49751310112835145372 0.00248689887164854802 0.00000000000000000000 50
0.04000000000000000083 0.56000000000000005329 0.00000000000000000000 -0.49751310112835145372 0.00248689887164854802 0.00000000000000000000 50
0.04000000000000000083 0.57999999999999996003 0.00000000000000000000 -0.49751310112835145372 0.00248689887164854802 0.00000000000000000000 50
0.04000000000000000083 0.59999999999999997780 0.00000000000000000000 -0.49751310112835145372 0.00248689887164854802 0.00000000000000000000 60
0.04000000000000000083 0.61999999999999999556 0.00000000000000000000 -0.49751310112835145372 0.00248689887164854802 0.00000000000000000000 60
0.04000000000000000083 0.64000000000000001332 0.00000000000000000000 -0.49751310112835145372 0.00248689887164854802 0.00000000000000000000 60
0.04000000000000000083 0.66000000000000003109 0.00000000000000000000 -0.49751310112835145372 0.00248689887164854802 0.00000000000000000000 60
0.04000000000000000083 0.68000000000000004885 0.00000000000000000000 -0.49751310112835145372 0.00248689887164854802 0.00000000000000000000 60
0.04000000000000000083 0.70000000000000006661 0.00000000000000000000 -0.49751310112835145372 0.00248689887164854802 0.00000000000000000000 70
0.04000000000000000083 0.71999999999999997335 0.00000000000000000000 -0.49751310112835145372 0.00248689887164854802 0.00000000000000000000 70
0.04000000000000000083 0.73999999999999999112 0.00000000000000000000 -0.49751310112835145372 0.00248689887164854802 0.00000000000000000000 70
0.04000000000000000083 0.76000000000000000888 0.00000000000000000000 0.50248689887164854628 0.00248689887164854802 0.00000000000000000000 70
0.04000000000000000083 0.78000000000000002665 0.00000000000000000000 0.50248689887164854628 0.00248689887164854802 0.00000000000000000000 70
0.04000000000000000083 0.80000000000000004441 0.00000000000000000000 0.50248689887164854628 0.00248689887164854802 0.00000000000000000000 80
0.04000000000000000083 0.82000000000000006217 0.00000000000000000000 0.50248689887164854628 0.00248689887164854802 0.00000000000000000000 80
0.04000000000000000083 0.83999999999999996891 0.00000000000000000000 0.50248689887164854628 0.00248689887164854802 0.00000000000000000000 80
0.04000000000000000083 0.85999999999999998668 0.00000000000000000000 0.50248689887164854628 0.00248689887164854802 0.00000000000000000000 80
0.04000000000000000083 0.88000000000000000444 0.00000000000000000000 0.50248689887164854628 0.00248689887164854802 0.00000000000000000000 80
0.04000000000000000083 0.90000000000000002220 0.00000000000000000000 0.50248689887164854628 0.00248689887164854802 0.00000000000000000000 90
0.04000000000000000083 0.92000000000000003997 0.00000000000000000000 0.50248689887164854628 0.00248689887164854802 0.00000000000000000000 90
0.04000000000000000083 0.94000000000000005773 0.00000000000000000000 0.50248689887164854628 0.00248689887164854802 0.00000000000000000000 90
0.04000000000000000083 0.95999999999999996447 0.00000000000000000000 0.50248689887164854628 0.00248689887164854802 0.00000000000000000000 90
0.04000000000000000083 0.97999999999999998224 0.00000000000000000000 0.50248689887164854628 0.00248689887164854802 0.00000000000000000000 90
0.04000000000000000083 1.00000000000000000000 0.00000000000000000000 0.50248689887164854628 0.00248689887164854802 0.00000000000000000000 90
0.05999999999999999778 0.00000000000000000000 0.00000000000000000000 0.50368124552684678807 0.00368124552684677940 0.00000000000000000000 0
0.05999999999999999778 0.02000000000000000042 0.00000000000000000000 0.50368124552684678807 0.00368124552684677940 0.00000000000000000000 0
0.05999999999999999778 0.04000000000000000083 0.00000000000000000000 0.50368124552684678807 0.00368124552684677940 0.00000000000000000000 0
0.05999999999999999778 0.05999999999999999778 0.00000000000000000000 0.50368124552684678807 0.00368124552684677940 0.00000000000000000000 0
0.05999999999999999778 0.08000000000000000167 0.00000000000000000000 0.50368124552684678807 0.00368124552684677940 0.00000000000000000000 0
0.05999999999999999778 0.10000000000000000555 0.00000000000000000000 0.50368124552684678807 0.00368124552684677940 0.00000000000000000000 10
0.05999999999999999778 0.11999999999999999556 0.00000000000000000000 0.50368124552684678807 0.00368124552684677940 0.00000000000000000000 10
0.05999999999999999778 0.14000000000000001332 0.00000000000000000000 0.50368124552684678807 0.00368124552684677940 0.00000000000000000000 10
0.05999999999999999778 0.16000000000000000333 0.00000000000000000000 0.50368124552684678807 0.00368124552684677940 0.00000000000000000000 10
0.05999999999999999778 0.17999999999999999334 0.00000000000000000000 0.50368124552684678807 0.00368124552684677940 0.00000000000000000000 10
0.05999999999999999778 0.20000000000000001110 0.00000000000000000000 0.50368124552684678807 0.00368124552684677940 0.00000000000000000000 20
0.05999999999999999778 0.22000000000000000111 0.00000000000000000000 0.50368124552684678807 0.00368124552684677940 0.00000000000000000000 20
0.05999999999999999778 0.23999999999999999112 0.00000000000000000000 0.50368124552684678807 0.00368124552684677940 0.00000000000000000000 20
0.05999999999999999778 0.26000000000000000888 0.00000000000000000000 -0.49631875447315321193 0.00368124552684677940 0.00000000000000000000 20
0.05999999999999999778 0.28000000000000002665 0.00000000000000000000 -0.49631875447315321193 0.00368124552684677940 0.00000000000000000000 20
0.05999999999999999778 0.29999999999999998890 0.00000000000000000000 -0.49631875447315321193 0.00368124552684677940 0.00000000000000000000 30
0.05999999999999999778 0.32000000000000000666 0.00000000000000000000 -0.49631875447315321193 0.00368124552684677940 0.00000000000000000000 30
0.05999999999999999778 0.34000000000000002442 0.00000000000000000000 -0.49631875447315321193 0.00368124552684677940 0.00000000000000000000 30
0.05999999999999999778 0.35999999999999998668 0.00000000000000000000 -0.49631875447315321193 0.00368124552684677940 0.00000000000000000000 30
0.05999999999999999778 0.38000000000000000444 0.00000000000000000000 -0.49631875447315321193 0.00368124552684677940 0.00000000000000000000 30
0.05999999999999999778 0.40000000000000002220 0.00000000000000000000 -0.49631875447315321193 0.00368124552684677940 0.00000000000000000000 40
0.05999999999999999778 0.41999999999999998446 0.00000000000000000000 -0.49631875447315321193 0.00368124552684677940 0.00000000000000000000 40
0.05999999999999999778 0.44000000000000000222 0.00000000000000000000 -0.49631875447315321193 0.00368124552684677940 0.00000000000000000000 40
0.05999999999999999778 0.46000000000000001998 0.00000000000000000000 -0.49631875447315321193 0.00368124552684677940 0.00000000000000000000 40
0.05999999999999999778 0.47999999999999998224 0.00000000000000000000 -0.49631875447315321193 0.00368124552684677940 0.00000000000000000000 40
0.05999999999999999778 0.50000000000000000000 0.00000000000000000000 -0.49631875447315321193 0.00368124552684677940 0.00000000000000000000 50
0.05999999999999999778 0.52000000000000001776 0.00000000000000000000 -0.49631875447315321193 0.00368124552684677940 0.00000000000000000000 50
0.05999999999999999778 0.54000000000000003553 0.00000000000000000000 -0.49631875447315321193 0.00368124552684677940 0.00000000000000000000 50
0.05999999999999999778 0.56000000000000005329 0.00000000000000000000 -0.49631875447315321193 0.00368124552684677940 0.00000000000000000000 50
0.05999999999999999778 0.57999999999999996003 0.00000000000000000000 -0.49631875447315321193 0.00368124552684677940 0.00000000000000000000 50
0.05999999999999999778 0.59999999999999997780 0.00000000000000000000 -0.49631875447315321193 0.00368124552684677940 0.00000000000000000000 60
0.05999999999999999778 0.61999999999999999556 0.00000000000000000000 -0.49631875447315321193 0.00368124552684677940 0.00000000000000000000 60
0.05999999999999999778 0.64000000000000001332 0.00000000000000000000 -0.49631875447315321193 0.00368124552684677940 0.00000000000000000000 60
0.05999999999999999778 0.66000000000000003109 0.00000000000000000000 -0.49631875447315321193 0.00368124552684677940 0.00000000000000000000 60
0.05999999999999999778 0.68000000000000004885 0.00000000000000000000 -0.49631875447315321193 0.00368124552684677940 0.00000000000000000000 60
0.05999999999999999778 0.70000000000000006661 0.00000000000000000000 -0.49631875447315321193 0.00368124552684677940 0.00000000000000000000 70
0.05999999999999999778 0.71999999999999997335 0.00000000000000000000 -0.49631875447315321193 0.00368124552684677940 0.00000000000000000000 70
0.05999999999999999778 0.73999999999999999112 0.00000000000000000000 -0.49631875447315321193 0.00368124552684677940 0.00000000000000000000 70
0.05999999999999999778 0.76000000000000000888 0.00000000000000000000 0.50368124552684678807 0.00368124552684677940 0.00000000000000000000 70
0.05999999999999999778 0.78000000000000002665 0.00000000000000000000 0.50368124552684678807 0.00368124552684677940 0.00000000000000000000 70
0.05999999999999999778 0.80000000000000004441 0.00000000000000000000 0.50368124552684678807 0.00368124552684677940 0.00000000000000000000 80
0.05999999999999999778 0.82000000000000006217 0.00000000000000000000 0.50368124552684678807 0.00368124552684677940 0.00000000000000000000 80
0.05999999999999999778 0.83999999999999996891 0.00000000000000000000 0.50368124552684678807 0.00368124552684677940 0.00000000000000000000 80
0.05999999999999999778 0.85999999999999998668 0.00000000000000000000 0.50368124552684678807 0.00368124552684677940 0.00000000000000000000 80
0.05999999999999999778 0.88000000000000000444 0.00000000000000000000 0.50368124552684678807 0.00368124552684677940 0.00000000000000000000 80
0.05999999999999999778 0.90000000000000002220 0.00000000000000000000 0.50368124552684678807 0.00368124552684677940 0.00000000000000000000 90
0.05999999999999999778 0.92000000000000003997 0.00000000000000000000 0.50368124552684678807 0.00368124552684677940 0.00000000000000000000 90
0.05999999999999999778 0.94000000000000005773 0.00000000000000000000 0.50368124552684678807 0.00368124552684677940 0.00000000000000000000 90
0.05999999999999999778 0.95999999999999996447 0.00000000000000000000 0.50368124552684678807 0.00368124552684677940 0.00000000000000000000 90
0.05999999999999999778 0.97999999999999998224 0.00000000000000000000 0.50368124552684678807 0.00368124552684677940 0.00000000000000000000 90
0.05999999999999999778 1.00000000000000000000 0.00000000000000000000 0.50368124552684678807 0.00368124552684677940 0.00000000000000000000 90
0.08000000000000000167 0.00000000000000000000 0.00000000000000000000 0.50481753674101714768 0.00481753674101715375 0.00000000000000000000 0
0.08000000000000000167 0.02000000000000000042 0.00000000000000000000 0.50481753674101714768 0.00481753674101715375 0.00000000000000000000 0
0.08000000000000000167 0.04000000000000000083 0.00000000000000000000 0.50481753674101714768 0.00481753674101715375 0.00000000000000000000 0
0.08000000000000000167 0.05999999999999999778 0.00000000000000000000 0.50481753674101714768 0.00481753674101715375 0.00000000000000000000 0
0.08000000000000000167 0.08000000000000000167 0.00000000000000000000 0.50481753674101714768 0.00481753674101715375 0.00000000000000000000 0
0.08000000000000000167 0.10000000000000000555 0.00000000000000000000 0.50481753674101714768 0.00481753674101715375 0.00000000000000000000 10
0.08000000000000000167 0.11999999999999999556 0.00000000000000000000 0.50481753674101714768 0.00481753674101715375 0.00000000000000000000 10
0.08000000000000000167 0.14000000000000001332 0.00000000000000000000 0.50481753674101714768 0.00481753674101715375 0.00000000000000000000 10
0.08000000000000000167 0.16000000000000000333 0.00000000000000000000 0.50481753674101714768 0.00481753674101715375 0.00000000000000000000 10
0.08000000000000000167 0.17999999999999999334 0.00000000000000000000 0.50481753674101714768 0.00481753674101715375 0.00000000000000000000 10
0.08000000000000000167 0.20000000000000001110 0.00000000000000000000 0.50481753674101714768 0.00481753674101715375 0.00000000000000000000 20
0.08000000000000000167 0.22000000000000000111 0.00000000000000000000 0.50481753674101714768 0.00481753674101715375 0.00000000000000000000 20
0.08000000000000000167 0.23999999999999999112 0.00000000000000000000 0.50481753674101714768 0.00481753674101715375 0.00000000000000000000 20
0.08000000000000000167 0.26000000000000000888 0.00000000000000000000 -0.49518246325898285232 0.00481753674101715375 0.00000000000000000000 20
0.08000000000000000167 0.28000000000000002665 0.00000000000000000000 -0.49518246325898285232 0.00481753674101715375 0.00000000000000000000 20
0.08000000000000000167 0.29999999999999998890 0.00000000000000000000 -0.49518246325898285232 0.00481753674101715375 0.00000000000000000000 30
0.08000000000000000167 0.32000000000000000666 0.00000000000000000000 -0.49518246325898285232 0.00481753674101715375 0.00000000000000000000 30
0.08000000000000000167 0.34000000000000002442 0.00000000000000000000 -0.49518246325898285232 0.00481753674101715375 0.00000000000000000000 30
0.08000000000000000167 0.35999999999999998668 0.00000000000000000000 -0.49518246325898285232 0.00481753674101715375 0.00000000000000000000 30
0.08000000000000000167 0.38000000000000000444 0.00000000000000000000 -0.49518246325898285232 0.00481753674101715375 0.00000000000000000000 30
0.08000000000000000167 0.40000000000000002220 0.00000000000000000000 -0.49518246325898285232 0.00481753674101715375 0.00000000000000000000 40
0.08000000000000000167 0.41999999999999998446 0.00000000000000000000 -0.49518246325898285232 0.00481753674101715375 0.00000000000000000000 40
0.08000000000000000167 0.44000000000000000222 0.00000000000000000000 -0.49518246325898285232 0.00481753674101715375 0.00000000000000000000 40
0.08000000000000000167 0.46000000000000001998 0.00000000000000000000 -0.49518246325898285232 0.00481753674101715375 0.00000000000000000000 40
0.08000000000000000167 0.47999999999999998224 0.00000000000000000000 -0.49518246325898285232 0.00481753674101715375 0.00000000000000000000 40
0.08000000000000000167 0.50000000000000000000 0.00000000000000000000 -0.49518246325898285232 0.00481753674101715375 0.00000000000000000000 50
0.08000000000000000167 0.52000000000000001776 0.00000000000000000000 -0.49518246325898285232 0.00481753674101715375 0.00000000000000000000 50
0.08000000000000000167 0.54000000000000003553 0.00000000000000000000 -0.49518246325898285232 0.00481753674101715375 0.00000000000000000000 50
0.08000000000000000167 0.56000000000000005329 0.00000000000000000000 -0.49518246325898285232 0.00481753674101715375 0.00000000000000000000 50
0.08000000000000000167 0.57999999999999996003 0.00000000000000000000 -0.49518246325898285232 0.00481753674101715375 0.00000000000000000000 50
0.08000000000000000167 0.59999999999999997780 0.00000000000000000000 -0.49518246325898285232 0.00481753674101715375 0.00000000000000000000 60
0.08000000000000000167 0.61999999999999999556 0.00000000000000000000 -0.49518246325898285232 0.00481753674101715375 0.00000000000000000000 60
0.08000000000000000167 0.64000000000000001332 0.00000000000000000000 -0.49518246325898285232 0.00481753674101715375 0.00000000000000000000 60
0.08000000000000000167 0.66000000000000003109 0.00000000000000000000 -0.49518246325898285232 0.00481753674101715375 0.00000000000000000000 60
0.08000000000000000167 0.68000000000000004885 0.00000000000000000000 -0.49518246325898285232 0.00481753674101715375 0.00000000000000000000 60
0.08000000000000000167 0.70000000000000006661 0.00000000000000000000 -0.49518246325898285232 0.00481753674101715375 0.00000000000000000000 70
0.08000000000000000167 0.71999999999999997335 0.00000000000000000000 -0.49518246325898285232 0.00481753674101715375 0.00000000000000000000 70
0.08000000000000000167 0.73999999999999999112 0.00000000000000000000 -0.49518246325898285232 0.00481753674101715375 0.00000000000000000000 70
0.08000000000000000167 0.76000000000000000888 0.00000000000000000000 0.50481753674101714768 0.00481753674101715375 0.00000000000000000000 70
0.08000000000000000167 0.78000000000000002665 0.00000000000000000000 0.50481753674101714768 0.00481753674101715375 0.00000000000000000000 70
0.08000000000000000167 0.80000000000000004441 0.00000000000000000000 0.50481753674101714768 0.00481753674101715375 0.00000000000000000000 80
0.08000000000000000167 0.82000000000000006217 0.00000000000000000000 0.50481753674101714768 0.00481753674101715375 0.00000000000000000000 80
0.08000000000000000167 0.83999999999999996891 0.00000000000000000000 0.50481753674101714768 0.00481753674101715375 0.00000000000000000000 80
0.08000000000000000167 0.85999999999999998668 0.00000000000000000000 0.50481753674101714768 0.00481753674101715375 0.00000000000000000000 80
0.08000000000000000167 0.88000000000000000444 0.00000000000000000000 0.50481753674101714768 0.00481753674101715375 0.00000000000000000000 80
0.08000000000000000167 0.90000000000000002220 0.00000000000000000000 0.50481753674101714768 0.00481753674101715375 0.00000000000000000000 90
0.08000000000000000167 0.92000000000000003997 0.00000000000000000000 0.50481753674101714768 0.00481753674101715375 0.00000000000000000000 90
0.08000000000000000167 0.94000000000000005773 0.00000000000000000000 0.50481753674101714768 0.00481753674101715375 0.00000000000000000000 90
0.08000000000000000167 0.95999999999999996447 0.00000000000000000000 0.50481753674101714768 0.00481753674101715375 0.00000000000000000000 90
0.08000000000000000167 0.97999999999999998224 0.00000000000000000000 0.50481753674101714768 0.00481753674101715375 0.00000000000000000000 90
0.08000000000000000167 1.00000000000000000000 0.00000000000000000000 0.50481753674101714768 0.00481753674101715375 0.00000000000000000000 90
0.10000000000000000555 0.00000000000000000000 0.00000000000000000000 0.50587785252292472027 0.00587785252292473154 0.00000000000000000000 1
0.10000000000000000555 0.02000000000000000042 0.00000000000000000000 0.50587785252292472027 0.00587785252292473154 0.00000000000000000000 1
0.10000000000000000555 0.04000000000000000083 0.00000000000000000000 0.50587785252292472027 0.00587785252292473154 0.00000000000000000000 1
0.10000000000000000555 0.05999999999999999778 0.00000000000000000000 0.50587785252292472027 0.00587785252292473154 0.00000000000000000000 1
0.10000000000000000555 0.08000000000000000167 0.00000000000000000000 0.50587785252292472027 0.00587785252292473154 0.00000000000000000000 1
0.10000000000000000555 0.10000000000000000555 0.00000000000000000000 0.50587785252292472027 0.00587785252292473154 0.00000000000000000000 11
0.10000000000000000555 0.11999999999999999556 0.00000000000000000000 0.50587785252292472027 0.00587785252292473154 0.00000000000000000000 11
0.10000000000000000555 0.14000000000000001332 0.00000000000000000000 0.50587785252292472027 0.00587785252292473154 0.00000000000000000000 11
0.10000000000000000555 0.16000000000000000333 0.00000000000000000000 0.50587785252292472027 0.00587785252292473154 0.00000000000000000000 11
0.10000000000000000555 0.17999999999999999334 0.00000000000000000000 0.50587785252292472027 0.00587785252292473154 0.00000000000000000000 11
0.10000000000000000555 0.20000000000000001110 0.00000000000000000000 0.50587785252292472027 0.00587785252292473154 0.00000000000000000000 21
0.10000000000000000555 0.22000000000000000111 0.00000000000000000000 0.50587785252292472027 0.00587785252292473154 0.00000000000000000000 21
0.10000000000000000555 0.23999999999999999112 0.00000000000000000000 0.50587785252292472027 0.00587785252292473154 0.00000000000000000000 21
0.10000000000000000555 0.26000000000000000888 0.00000000000000000000 -0.49412214747707527973 0.00587785252292473154 0.00000000000000000000 21
0.10000000000000000555 0.28000000000000002665 0.00000000000000000000 -0.49412214747707527973 0.00587785252292473154 0.00000000000000000000 21
0.10000000000000000555 0.29999999999999998890 0.00000000000000000000 -0.49412214747707527973 0.00587785252292473154 0.00000000000000000000 31
0.10000000000000000555 0.32000000000000000666 0.00000000000000000000 -0.49412214747707527973 0.00587785252292473154 0.00000000000000000000 31
0.10000000000000000555 0.34000000000000002442 0.00000000000000000000 -0.49412214747707527973 0.00587785252292473154 0.00000000000000000000 31
0.10000000000000000555 0.35999999999999998668 0.00000000000000000000 -0.49412214747707527973 0.00587785252292473154 0.00000000000000000000 31
0.10000000000000000555 0.38000000000000000444 0.00000000000000000000 -0.49412214747707527973 0.00587785252292473154 0.00000000000000000000 31
0.10000000000000000555 0.40000000000000002220 0.00000000000000000000 -0.49412214747707527973 0.00587785252292473154 0.00000000000000000000 41
0.10000000000000000555 0.41999999999999998446 0.00000000000000000000 -0.49412214747707527973 0.00587785252292473154 0.00000000000000000000 41
0.10000000000000000555 0.44000000000000000222 0.00000000000000000000 -0.49412214747707527973 0.00587785252292473154 0.00000000000000000000 41
0.10000000000000000555 0.46000000000000001998 0.00000000000000000000 -0.49412214747707527973 0.00587785252292473154 0.00000000000000000000 41
0.10000000000000000555 0.47999999999999998224 0.00000000000000000000 -0.49412214747707527973 0.00587785252292473154 0.00000000000000000000 41
0.10000000000000000555 0.50000000000000000000 0.00000000000000000000 -0.49412214747707527973 0.00587785252292473154 0.00000000000000000000 51
0.10000000000000000555 0.52000000000000001776 0.00000000000000000000 -0.49412214747707527973 0.00587785252292473154 0.00000000000000000000 51
0.10000000000000000555 0.54000000000000003553 0.00000000000000000000 -0.49412214747707527973 0.00587785252292473154 0.00000000000000000000 51
0.10000000000000000555 0.56000000000000005329 0.00000000000000000000 -0.49412214747707527973 0.00587785252292473154 0.00000000000000000000 51
0.10000000000000000555 0.57999999999999996003 0.00000000000000000000 -0.49412214747707527973 0.00587785252292473154 0.00000000000000000000 51
0.10000000000000000555 0.59999999999999997780 0.00000000000000000000 -0.49412214747707527973 0.00587785252292473154 0.00000000000000000000 61
0.10000000000000000555 0.61999999999999999556 0.00000000000000000000 -0.49412214747707527973 0.00587785252292473154 0.00000000000000000000 61
0.10000000000000000555 0.64000000000000001332 0.00000000000000000000 -0.49412214747707527973 0.00587785252292473154 0.00000000000000000000 61
0.10000000000000000555 0.66000000000000003109 0.00000000000000000000 -0.49412214747707527973 0.00587785252292473154 0.00000000000000000000 61
0.10000000000000000555 0.68000000000000004885 0.00000000000000000000 -0.49412214747707527973 0.00587785252292473154 0.00000000000000000000 61
0.10000000000000000555 0.70000000000000006661 0.00000000000000000000 -0.49412214747707527973 0.00587785252292473154 0.00000000000000000000 71
0.10000000000000000555 0.71999999999999997335 0.00000000000000000000 -0.49412214747707527973 0.00587785252292473154 0.00000000000000000000 71
0.10000000000000000555 0.73999999999999999112 0.00000000000000000000 -0.49412214747707527973 0.00587785252292473154 0.00000000000000000000 71
0.10000000000000000555 0.76000000000000000888 0.00000000000000000000 0.50587785252292472027 0.00587785252292473154 0.00000000000000000000 71
0.10000000000000000555 0.78000000000000002665 0.00000000000000000000 0.50587785252292472027 0.00587785252292473154 0.00000000000000000000 71
0.10000000000000000555 0.80000000000000004441 0.00000000000000000000 0.50587785252292472027 0.00587785252292473154 0.00000000000000000000 81
0.10000000000000000555 0.82000000000000006217 0.00000000000000000000 0.50587785252292472027 0.00587785252292473154 0.00000000000000000000 81
0.10000000000000000555 0.83999999999999996891 0.00000000000000000000 0.50587785252292472027 0.00587785252292473154 0.00000000000000000000 81
0.10000000000000000555 0.85999999999999998668 0.00000000000000000000 0.50587785252292472027 0.00587785252292473154 0.00000000000000000000 81
0.10000000000000000555 0.88000000000000000444 0.00000000000000000000 0.50587785252292472027 0.00587785252292473154 0.00000000000000000000 81
0.10000000000000000555 0.90000000000000002220 0.00000000000000000000 0.50587785252292472027 0.00587785252292473154 0.00000000000000000000 91
0.10000000000000000555 0.92000000000000003997 0.00000000000000000000 0.50587785252292472027 0.00587785252292473154 0.00000000000000000000 91
0.10000000000000000555 0.94000000000000005773 0.00000000000000000000 0.50587785252292472027 0.00587785252292473154 0.00000000000000000000 91
0.10000000000000000555 0.95999999999999996447 0.00000000000000000000 0.50587785252292472027 0.00587785252292473154 0.00000000000000000000 91
0.10000000000000000555 0.97999999999999998224 0.00000000000000000000 0.50587785252292472027 0.00587785252292473154 0.00000000000000000000 91
0.10000000000000000555 1.00000000000000000000 0.00000000000000000000 0.50587785252292472027 0.00587785252292473154 0.00000000000000000000 91
0.11999999999999999556 0.00000000000000000000 0.00000000000000000000 0.50684547105928690058 0.00684547105928688671 0.00000000000000000000 1
0.11999999999999999556 0.02000000000000000042 0.00000000000000000000 0.50684547105928690058 0.00684547105928688671 0.00000000000000000000 1
0.11999999999999999556 0.04000000000000000083 0.00000000000000000000 0.50684547105928690058 0.00684547105928688671 0.00000000000000000000 1
0.11999999999999999556 0.05999999999999999778 0.00000000000000000000 0.50684547105928690058 0.00684547105928688671 0.00000000000000000000 1
0.11999999999999999556 0.08000000000000000167 0.00000000000000000000 0.50684547105928690058 0.00684547105928688671 0.00000000000000000000 1
0.11999999999999999556 0.10000000000000000555 0.00000000000000000000 0.50684547105928690058 0.00684547105928688671 0.00000000000000000000 11
0.11999999999999999556 0.11999999999999999556 0.00000000000000000000 0.50684547105928690058 0.00684547105928688671 0.00000000000000000000 11
0.11999999999999999556 0.14000000000000001332 0.00000000000000000000 0.50684547105928690058 0.00684547105928688671 0.00000000000000000000 11
0.11999999999999999556 0.16000000000000000333 0.00000000000000000000 0.50684547105928690058 0.00684547105928688671 0.00000000000000000000 11
0.11999999999999999556 0.17999999999999999334 0.00000000000000000000 0.50684547105928690058 0.00684547105928688671 0.00000000000000000000 11
0.11999999999999999556 0.20000000000000001110 0.00000000000000000000 0.50684547105928690058 0.00684547105928688671 0.00000000000000000000 21
0.11999999999999999556 0.22000000000000000111 0.00000000000000000000 0.50684547105928690058 0.00684547105928688671 0.00000000000000000000 21
0.11999999999999999556 0.23999999999999999112 0.00000000000000000000 0.50684547105928690058 0.00684547105928688671 0.00000000000000000000 21
0.11999999999999999556 0.26000000000000000888 0.00000000000000000000 -0.49315452894071309942 0.00684547105928688671 0.00000000000000000000 21
0.11999999999999999556 0.28000000000000002665 0.00000000000000000000 -0.49315452894071309942 0.00684547105928688671 0.00000000000000000000 21
0.11999999999999999556 0.29999999999999998890 0.00000000000000000000 -0.49315452894071309942 0.00684547105928688671 0.00000000000000000000 31
0.11999999999999999556 0.32000000000000000666 0.00000000000000000000 -0.49315452894071309942 0.00684547105928688671 0.00000000000000000000 31
0.11999999999999999556 0.34000000000000002442 0.00000000000000000000 -0.49315452894071309942 0.00684547105928688671 0.00000000000000000000 31
0.11999999999999999556 0.35999999999999998668 0.00000000000000000000 -0.49315452894071309942 0.00684547105928688671 0.00000000000000000000 31
0.11999999999999999556 0.38000000000000000444 0.00000000000000000000 -0.49315452894071309942 0.00684547105928688671 0.00000000000000000000 31
0.11999999999999999556 0.40000000000000002220 0.00000000000000000000 -0.49315452894071309942 0.00684547105928688671 0.00000000000000000000 41
0.11999999999999999556 0.41999999999999998446 0.00000000000000000000 -0.49315452894071309942 0.00684547105928688671 0.00000000000000000000 41
0.11999999999999999556 0.44000000000000000222 0.00000000000000000000 -0.49315452894071309942 0.00684547105928688671 0.00000000000000000000 41
0.11999999999999999556 0.46000000000000001998 0.00000000000000000000 -0.49315452894071309942 0.00684547105928688671 0.00000000000000000000 41
0.11999999999999999556 0.47999999999999998224 0.00000000000000000000 -0.49315452894071309942 0.00684547105928688671 0.00000000000000000000 41
0.11999999999999999556 0.50000000000000000000 0.00000000000000000000 -0.49315452894071309942 0.00684547105928688671 0.00000000000000000000 51
0.11999999999999999556 0.52000000000000001776 0.00000000000000000000 -0.49315452894071309942 0.00684547105928688671 0.00000000000000000000 51
0.11999999999999999556 0.54000000000000003553 0.00000000000000000000 -0.49315452894071309942 0.00684547105928688671 0.00000000000000000000 51
0.11999999999999999556 0.56000000000000005329 0.00000000000000000000 -0.49315452894071309942 0.00684547105928688671 0.00000000000000000000 51
0.11999999999999999556 0.57999999999999996003 0.00000000000000000000 -0.49315452894071309942 0.00684547105928688671 0.00000000000000000000 51
0.11999999999999999556 0.59999999999999997780 0.00000000000000000000 -0.49315452894071309942 0.00684547105928688671 0.00000000000000000000 61
0.11999999999999999556 0.61999999999999999556 0.00000000000000000000 -0.49315452894071309942 0.00684547105928688671 0.00000000000000000000 61
0.11999999999999999556 0.64000000000000001332 0.00000000000000000000 -0.49315452894071309942 0.00684547105928688671 0.00000000000000000000 61
0.11999999999999999556 0.66000000000000003109 0.00000000000000000000 -0.49315452894071309942 0.00684547105928688671 0.00000000000000000000 61
0.11999999999999999556 0.68000000000000004885 0.00000000000000000000 -0.49315452894071309942 0.00684547105928688671 0.00000000000000000000 61
0.11999999999999999556 0.70000000000000006661 0.00000000000000000000 -0.49315452894071309942 0.00684547105928688671 0.00000000000000000000 71
0.11999999999999999556 0.71999999999999997335 0.00000000000000000000 -0.49315452894071309942 0.00684547105928688671 0.00000000000000000000 71
0.11999999999999999556 0.73999999999999999112 0.00000000000000000000 -0.49315452894071309942 0.00684547105928688671 0.00000000000000000000 71
0.11999999999999999556 0.76000000000000000888 0.00000000000000000000 0.50684547105928690058 0.00684547105928688671 0.00000000000000000000 71
0.11999999999999999556 0.78000000000000002665 0.00000000000000000000 0.50684547105928690058 0.00684547105928688671 0.00000000000000000000 71
0.11999999999999999556 0.80000000000000004441 0.00000000000000000000 0.50684547105928690058 0.00684547105928688671 0.00000000000000000000 81
0.11999999999999999556 0.82000000000000006217 0.00000000000000000000 0.50684547105928690058 0.00684547105928688671 0.00000000000000000000 81
0.11999999999999999556 0.83999999999999996891 0.00000000000000000000 0.50684547105928690058 0.00684547105928688671 0.00000000000000000000 81
0.11999999999999999556 0.85999999999999998668 0.00000000000000000000 0.50684547105928690058 0.00684547105928688671 0.00000000000000000000 81
0.11999999999999999556 0.88000000000000000444 0.00000000000000000000 0.50684547105928690058 0.00684547105928688671 0.00000000000000000000 81
0.11999999999999999556 0.90000000000000002220 0.00000000000000000000 0.50684547105928690058 0.00684547105928688671 0.00000000000000000000 91
0.11999999999999999556 0.92000000000000003997 0.00000000000000000000 0.50684547105928690058 0.00684547105928688671 0.00000000000000000000 91
0.11999999999999999556 0.94000000000000005773 0.00000000000000000000 0.50684547105928690058 0.00684547105928688671 0.00000000000000000000 91
0.11999999999999999556 0.95999999999999996447 0.00000000000000000000 0.50684547105928690058 0.00684547105928688671 0.00000000000000000000 91
0.11999999999999999556 0.97999999999999998224 0.00000000000000000000 0.50684547105928690058 0.00684547105928688671 0.00000000000000000000 91
0.11999999999999999556 1.00000000000000000000 0.00000000000000000000 0.50684547105928690058 0.00684547105928688671 0.00000000000000000000 91
0.14000000000000001332 0.00000000000000000000 0.00000000000000000000 0.50770513242775794360 0.00770513242775789243 0.00000000000000000000 1
0.14000000000000001332 0.02000000000000000042 0.00000000000000000000 0.50770513242775794360 0.00770513242775789243 0.00000000000000000000 1
0.14000000000000001332 0.04000000000000000083 0.00000000000000000000 0.50770513242775794360 0.00770513242775789243 0.00000000000000000000 1
0.14000000000000001332 0.05999999999999999778 0.00000000000000000000 0.50770513242775794360 0.00770513242775789243 0.00000000000000000000 1
0.14000000000000001332 0.08000000000000000167 0.00000000000000000000 0.50770513242775794360 0.00770513242775789243 0.00000000000000000000 1
0.14000000000000001332 0.10000000000000000555 0.00000000000000000000 0.50770513242775794360 0.00770513242775789243 0.00000000000000000000 11
0.14000000000000001332 0.11999999999999999556 0.00000000000000000000 0.50770513242775794360 0.00770513242775789243 0.00000000000000000000 11
0.14000000000000001332 0.14000000000000001332 0.00000000000000000000 0.50770513242775794360 0.00770513242775789243 0.00000000000000000000 11
0.14000000000000001332 0.16000000000000000333 0.00000000000000000000 0.50770513242775794360 0.00770513242775789243 0.00000000000000000000 11
0.14000000000000001332 0.17999999999999999334 0.00000000000000000000 0.50770513242775794360 0.00770513242775789243 0.00000000000000000000 11
0.14000000000000001332 0.20000000000000001110 0.00000000000000000000 0.50770513242775794360 0.00770513242775789243 0.00000000000000000000 21
0.14000000000000001332 0.22000000000000000111 0.00000000000000000000 0.50770513242775794360 0.00770513242775789243 0.00000000000000000000 21
0.14000000000000001332 0.23999999999999999112 0.00000000000000000000 0.50770513242775794360 0.00770513242775789243 0.00000000000000000000 21
0.14000000000000001332 0.26000000000000000888 0.00000000000000000000 -0.49229486757224211191 0.00770513242775789243 0.00000000000000000000 21
0.14000000000000001332 0.28000000000000002665 0.00000000000000000000 -0.49229486757224211191 0.00770513242775789243 0.00000000000000000000 21
0.14000000000000001332 0.29999999999999998890 0.00000000000000000000 -0.49229486757224211191 0.00770513242775789243 0.00000000000000000000 31
0.14000000000000001332 0.32000000000000000666 0.00000000000000000000 -0.49229486757224211191 0.00770513242775789243 0.00000000000000000000 31
0.14000000000000001332 0.34000000000000002442 0.00000000000000000000 -0.49229486757224211191 0.00770513242775789243 0.00000000000000000000 31
0.14000000000000001332 0.35999999999999998668 0.00000000000000000000 -0.49229486757224211191 0.00770513242775789243 0.00000000000000000000 31
0.14000000000000001332 0.38000000000000000444 0.00000000000000000000 -0.49229486757224211191 0.00770513242775789243 0.00000000000000000000 31
0.14000000000000001332 0.40000000000000002220 0.00000000000000000000 -0.49229486757224211191 0.00770513242775789243 0.00000000000000000000 41
0.14000000000000001332 0.41999999999999998446 0.00000000000000000000 -0.49229486757224211191 0.00770513242775789243 0.00000000000000000000 41
0.14000000000000001332 0.44000000000000000222 0.00000000000000000000 -0.49229486757224211191 0.00770513242775789243 0.00000000000000000000 41
0.14000000000000001332 0.46000000000000001998 0.00000000000000000000 -0.49229486757224211191 0.00770513242775789243 0.00000000000000000000 41
0.14000000000000001332 0.47999999999999998224 0.00000000000000000000 -0.49229486757224211191 0.00770513242775789243 0.00000000000000000000 41
0.14000000000000001332 0.50000000000000000000 0.00000000000000000000 -0.49229486757224211191 0.00770513242775789243 0.00000000000000000000 51
0.14000000000000001332 0.52000000000000001776 0.00000000000000000000 -0.49229486757224211191 0.00770513242775789243 0.00000000000000000000 51
0.14000000000000001332 0.54000000000000003553 0.00000000000000000000 -0.49229486757224211191 0.00770513242775789243 0.00000000000000000000 51
0.14000000000000001332 0.56000000000000005329 0.00000000000000000000 -0.49229486757224211191 0.00770513242775789243 0.00000000000000000000 51
0.14000000000000001332 0.57999999999999996003 0.00000000000000000000 -0.49229486757224211191 0.00770513242775789243 0.00000000000000000000 51
0.14000000000000001332 0.59999999999999997780 0.00000000000000000000 -0.49229486757224211191 0.00770513242775789243 0.00000000000000000000 61
0.14000000000000001332 0.61999999999999999556 0.00000000000000000000 -0.49229486757224211191 0.00770513242775789243 0.00000000000000000000 61
0.14000000000000001332 0.64000000000000001332 0.00000000000000000000 -0.49229486757224211191 0.00770513242775789243 0.00000000000000000000 61
0.14000000000000001332 0.66000000000000003109 0.00000000000000000000 -0.49229486757224211191 0.00770513242775789243 0.00000000000000000000 61
0.14000000000000001332 0.68000000000000004885 0.00000000000000000000 -0.49229486757224211191 0.00770513242775789243 0.00000000000000000000 61
0.14000000000000001332 0.70000000000000006661 0.00000000000000000000 -0.49229486757224211191 0.00770513242775789243 0.00000000000000000000 71
0.14000000000000001332 0.71999999999999997335 0.00000000000000000000 -0.49229486757224211191 0.00770513242775789243 0.00000000000000000000 71
0.14000000000000001332 0.73999999999999999112 0.00000000000000000000 -0.49229486757224211191 0.00770513242775789243 0.00000000000000000000 71
0.14000000000000001332 0.76000000000000000888 0.00000000000000000000 0.50770513242775794360 0.00770513242775789243 0.00000000000000000000 71
0.14000000000000001332 0.78000000000000002665 0.00000000000000000000 0.50770513242775794360 0.00770513242775789243 0.00000000000000000000 71
0.14000000000000001332 0.80000000000000004441 0.00000000000000000000 0.50770513242775794360 0.00770513242775789243 0.00000000000000000000 81
0.14000000000000001332 0.82000000000000006217 0.00000000000000000000 0.50770513242775794360 0.00770513242775789243 0.00000000000000000000 81
0.14000000000000001332 0.83999999999999996891 0.00000000000000000000 0.50770513242775794360 0.00770513242775789243 0.00000000000000000000 81
0.14000000000000001332 0.85999999999999998668 0.00000000000000000000 0.50770513242775794360 0.00770513242775789243 0.00000000000000000000 81
0.14000000000000001332 0.88000000000000000444 0.00000000000000000000 0.50770513242775794360 0.00770513242775789243 0.00000000000000000000 81
0.14000000000000001332 0.90000000000000002220 0.00000000000000000000 0.50770513242775794360 0.00770513242775789243 0.00000000000000000000 91
0.14000000000000001332 0.92000000000000003997 0.00000000000000000000 0.50770513242775794360 0.00770513242775789243 0.00000000000000000000 91
0.14000000000000001332 0.94000000000000005773 0.00000000000000000000 0.50770513242775794360 0.00770513242775789243 0.00000000000000000000 91
0.14000000000000001332 0.95999999999999996447 0.00000000000000000000 0.50770513242775794360 0.00770513242775789243 0.00000000000000000000 91
0.14000000000000001332 0.97999999999999998224 0.00000000000000000000 0.50770513242775794360 0.00770513242775789243 0.00000000000000000000 91
0.14000000000000001332 1.00000000000000000000 0.00000000000000000000 0.50770513242775794360 0.00770513242775789243 0.00000000000000000000 91
0.16000000000000000333 0.00000000000000000000 0.00000000000000000000 0.50844327925502019738 0.00844327925502015054 0.00000000000000000000 1
0.16000000000000000333 0.02000000000000000042 0.00000000000000000000 0.50844327925502019738 0.00844327925502015054 0.00000000000000000000 1
0.16000000000000000333 0.04000000000000000083 0.00000000000000000000 0.50844327925502019738 0.00844327925502015054 0.00000000000000000000 1
0.16000000000000000333 0.05999999999999999778 0.00000000000000000000 0.50844327925502019738 0.00844327925502015054 0.00000000000000000000 1
0.16000000000000000333 0.08000000000000000167 0.00000000000000000000 0.50844327925502019738 0.00844327925502015054 0.00000000000000000000 1
0.16000000000000000333 0.10000000000000000555 0.00000000000000000000 0.50844327925502019738 0.00844327925502015054 0.00000000000000000000 11
0.16000000000000000333 0.11999999999999999556 0.00000000000000000000 0.50844327925502019738 0.00844327925502015054 0.00000000000000000000 11
0.16000000000000000333 0.14000000000000001332 0.00000000000000000000 0.50844327925502019738 0.00844327925502015054 0.00000000000000000000 11
0.16000000000000000333 0.16000000000000000333 0.00000000000000000000 0.50844327925502019738 0.00844327925502015054 0.00000000000000000000 11
0.16000000000000000333 0.17999999999999999334 0.00000000000000000000 0.50844327925502019738 0.00844327925502015054 0.00000000000000000000 11
0.16000000000000000333 0.20000000000000001110 0.00000000000000000000 0.50844327925502019738 0.00844327925502015054 0.00000000000000000000 21
0.16000000000000000333 0.22000000000000000111 0.00000000000000000000 0.50844327925502019738 0.00844327925502015054 0.00000000000000000000 21
0.16000000000000000333 0.23999999999999999112 0.00000000000000000000 0.50844327925502019738 0.00844327925502015054 0.00000000000000000000 21
0.16000000000000000333 0.26000000000000000888 0.00000000000000000000 -0.49155672074497985813 0.00844327925502015054 0.00000000000000000000 21
0.16000000000000000333 0.28000000000000002665 0.00000000000000000000 -0.49155672074497985813 0.00844327925502015054 0.00000000000000000000 21
0.16000000000000000333 0.29999999999999998890 0.00000000000000000000 -0.49155672074497985813 0.00844327925502015054 0.00000000000000000000 31
0.16000000000000000333 0.32000000000000000666 0.00000000000000000000 -0.49155672074497985813 0.00844327925502015054 0.00000000000000000000 31
0.16000000000000000333 0.34000000000000002442 0.00000000000000000000 -0.49155672074497985813 0.00844327925502015054 0.00000000000000000000 31
0.16000000000000000333 0.35999999999999998668 0.00000000000000000000 -0.49155672074497985813 0.00844327925502015054 0.00000000000000000000 31
0.16000000000000000333 0.38000000000000000444 0.00000000000000000000 -0.49155672074497985813 0.00844327925502015054 0.00000000000000000000 31
0.16000000000000000333 0.40000000000000002220 0.00000000000000000000 -0.49155672074497985813 0.00844327925502015054 0.00000000000000000000 41
0.16000000000000000333 0.41999999999999998446 0.00000000000000000000 -0.49155672074497985813 0.00844327925502015054 0.00000000000000000000 41
0.16000000000000000333 0.44000000000000000222 0.00000000000000000000 -0.49155672074497985813 0.00844327925502015054 0.00000000000000000000 41
0.16000000000000000333 0.46000000000000001998 0.00000000000000000000 -0.49155672074497985813 0.00844327925502015054 0.00000000000000000000 41
0.16000000000000000333 0.47999999999999998224 0.00000000000000000000 -0.49155672074497985813 0.00844327925502015054 0.00000000000000000000 41
0.16000000000000000333 0.50000000000000000000 0.00000000000000000000 -0.49155672074497985813 0.00844327925502015054 0.00000000000000000000 51
0.16000000000000000333 0.52000000000000001776 0.00000000000000000000 -0.49155672074497985813 0.00844327925502015054 0.00000000000000000000 51
0.16000000000000000333 0.54000000000000003553 0.00000000000000000000 -0.49155672074497985813 0.00844327925502015054 0.00000000000000000000 51
0.16000000000000000333 0.56000000000000005329 0.00000000000000000000 -0.49155672074497985813 0.00844327925502015054 0.00000000000000000000 51
0.16000000000000000333 0.57999999999999996003 0.00000000000000000000 -0.49155672074497985813 0.00844327925502015054 0.00000000000000000000 51
0.16000000000000000333 0.59999999999999997780 0.00000000000000000000 -0.49155672074497985813 0.00844327925502015054 0.00000000000000000000 61
0.16000000000000000333 0.61999999999999999556 0.00000000000000000000 -0.49155672074497985813 0.00844327925502015054 0.00000000000000000000 61
0.16000000000000000333 0.64000000000000001332 0.00000000000000000000 -0.49155672074497985813 0.00844327925502015054 0.00000000000000000000 61
0.16000000000000000333 0.66000000000000003109 0.00000000000000000000 -0.49155672074497985813 0.00844327925502015054 0.00000000000000000000 61
0.16000000000000000333 0.68000000000000004885 0.00000000000000000000 -0.49155672074497985813 0.00844327925502015054 0.00000000000000000000 61
0.16000000000000000333 0.70000000000000006661 0.00000000000000000000 -0.49155672074497985813 0.00844327925502015054 0.00000000000000000000 71
0.16000000000000000333 0.71999999999999997335 0.00000000000000000000 -0.49155672074497985813 0.00844327925502015054 0.00000000000000000000 71
0.16000000000000000333 0.73999999999999999112 0.00000000000000000000 -0.49155672074497985813 0.00844327925502015054 0.00000000000000000000 71
0.16000000000000000333 0.76000000000000000888 0.00000000000000000000 0.50844327925502019738 0.00844327925502015054 0.00000000000000000000 71
0.16000000000000000333 0.78000000000000002665 0.00000000000000000000 0.50844327925502019738 0.00844327925502015054 0.00000000000000000000 71
0.16000000000000000333 0.80000000000000004441 0.00000000000000000000 0.50844327925502019738 0.00844327925502015054 0.00000000000000000000 81
0.16000000000000000333 0.82000000000000006217 0.00000000000000000000 0.50844327925502019738 0.00844327925502015054 0.00000000000000000000 81
0.16000000000000000333 0.83999999999999996891 0.00000000000000000000 0.50844327925502019738 0.00844327925502015054 0.00000000000000000000 81
0.16000000000000000333 0.85999999999999998668 0.00000000000000000000 0.50844327925502019738 0.00844327925502015054 0.00000000000000000000 81
0.16000000000000000333 0.88000000000000000444 0.00000000000000000000 0.50844327925502019738 0.00844327925502015054 0.00000000000000000000 81
0.16000000000000000333 0.90000000000000002220 0.00000000000000000000 0.50844327925502019738 0.00844327925502015054 0.00000000000000000000 91
0.16000000000000000333 0.92000000000000003997 0.00000000000000000000 0.50844327925502019738 0.00844327925502015054 0.00000000000000000000 91
0.16000000000000000333 0.94000000000000005773 0.00000000000000000000 0.50844327925502019738 0.00844327925502015054 0.00000000000000000000 91
0.16000000000000000333 0.95999999999999996447 0.00000000000000000000 0.50844327925502019738 0.00844327925502015054 0.00000000000000000000 91
0.16000000000000000333 0.97999999999999998224 0.00000000000000000000 0.50844327925502019738 0.00844327925502015054 0.00000000000000000000 91
0.16000000000000000333 1.00000000000000000000 0.00000000000000000000 0.50844327925502019738 0.00844327925502015054 0.00000000000000000000 91
0.17999999999999999334 0.00000000000000000000 0.00000000000000000000 0.50904827052466017356 0.00904827052466019612 0.00000000000000000000 1
0.17999999999999999334 0.02000000000000000042 0.00000000000000000000 0.50904827052466017356 0.00904827052466019612 0.00000000000000000000 1
0.17999999999999999334 0.04000000000000000083 0.00000000000000000000 0.50904827052466017356 0.00904827052466019612 0.00000000000000000000 1
0.17999999999999999334 0.05999999999999999778 0.00000000000000000000 0.50904827052466017356 0.00904827052466019612 0.00000000000000000000 1
0.17999999999999999334 0.08000000000000000167 0.00000000000000000000 0.50904827052466017356 0.00904827052466019612 0.00000000000000000000 1
0.17999999999999999334 0.10000000000000000555 0.00000000000000000000 0.50904827052466017356 0.00904827052466019612 0.00000000000000000000 11
0.17999999999999999334 0.11999999999999999556 0.00000000000000000000 0.50904827052466017356 0.00904827052466019612 0.00000000000000000000 11
0.17999999999999999334 0.14000000000000001332 0.00000000000000000000 0.50904827052466017356 0.00904827052466019612 0.00000000000000000000 11
0.17999999999999999334 0.16000000000000000333 0.00000000000000000000 0.50904827052466017356 0.00904827052466019612 0.00000000000000000000 11
0.17999999999999999334 0.17999999999999999334 0.00000000000000000000 0.50904827052466017356 0.00904827052466019612 0.00000000000000000000 11
0.17999999999999999334 0.20000000000000001110 0.00000000000000000000 0.50904827052466017356 0.00904827052466019612 0.00000000000000000000 21
0.17999999999999999334 0.22000000000000000111 0.00000000000000000000 0.50904827052466017356 0.00904827052466019612 0.00000000000000000000 21
0.17999999999999999334 0.23999999999999999112 0.00000000000000000000 0.50904827052466017356 0.00904827052466019612 0.00000000000000000000 21
0.17999999999999999334 0.26000000000000000888 0.00000000000000000000 -0.49095172947533982644 0.00904827052466019612 0.00000000000000000000 21
0.17999999999999999334 0.28000000000000002665 0.00000000000000000000 -0.49095172947533982644 0.00904827052466019612 0.00000000000000000000 21
0.17999999999999999334 0.29999999999999998890 0.00000000000000000000 -0.49095172947533982644 0.00904827052466019612 0.00000000000000000000 31
0.17999999999999999334 0.32000000000000000666 0.00000000000000000000 -0.49095172947533982644 0.00904827052466019612 0.00000000000000000000 31
0.17999999999999999334 0.34000000000000002442 0.00000000000000000000 -0.49095172947533982644 0.00904827052466019612 0.00000000000000000000 31
0.17999999999999999334 0.35999999999999998668 0.00000000000000000000 -0.49095172947533982644 0.00904827052466019612 0.00000000000000000000 31
0.17999999999999999334 0.38000000000000000444 0.00000000000000000000 -0.49095172947533982644 0.00904827052466019612 0.00000000000000000000 31
0.17999999999999999334 0.40000000000000002220 0.00000000000000000000 -0.49095172947533982644 0.00904827052466019612 0.00000000000000000000 41
0.17999999999999999334 0.41999999999999998446 0.00000000000000000000 -0.49095172947533982644 0.00904827052466019612 0.00000000000000000000 41
0.17999999999999999334 0.44000000000000000222 0.00000000000000000000 -0.49095172947533982644 0.00904827052466019612 0.00000000000000000000 41
0.17999999999999999334 0.46000000000000001998 0.00000000000000000000 -0.49095172947533982644 0.00904827052466019612 0.00000000000000000000 41
0.17999999999999999334 0.47999999999999998224 0.00000000000000000000 -0.49095172947533982644 0.00904827052466019612 0.00000000000000000000 41
0.17999999999999999334 0.50000000000000000000 0.00000000000000000000 -0.49095172947533982644 0.00904827052466019612 0.00000000000000000000 51
0.17999999999999999334 0.52000000000000001776 0.00000000000000000000 -0.49095172947533982644 0.00904827052466019612 0.00000000000000000000 51
0.17999999999999999334 0.54000000000000003553 0.00000000000000000000 -0.49095172947533982644 0.00904827052466019612 0.00000000000000000000 51
0.17999999999999999334 0.56000000000000005329 0.00000000000000000000 -0.49095172947533982644 0.00904827052466019612 0.00000000000000000000 51
0.17999999999999999334 0.57999999999999996003 0.00000000000000000000 -0.49095172947533982644 0.00904827052466019612 0.00000000000000000000 51
0.17999999999999999334 0.59999999999999997780 0.00000000000000000000 -0.49095172947533982644 0.00904827052466019612 0.00000000000000000000 61
0.17999999999999999334 0.61999999999999999556 0.00000000000000000000 -0.49095172947533982644 0.00904827052466019612 0.00000000000000000000 61
0.17999999999999999334 0.64000000000000001332 0.00000000000000000000 -0.49095172947533982644 0.00904827052466019612 0.00000000000000000000 61
0.17999999999999999334 0.66000000000000003109 0.00000000000000000000 -0.49095172947533982644 0.00904827052466019612 0.00000000000000000000 61
0.17999999999999999334 0.68000000000000004885 0.00000000000000000000 -0.49095172947533982644 0.00904827052466019612 0.00000000000000000000 61
0.17999999999999999334 0.70000000000000006661 0.00000000000000000000 -0.49095172947533982644 0.00904827052466019612 0.00000000000000000000 71
0.17999999999999999334 0.71999999999999997335 0.00000000000000000000 -0.49095172947533982644 0.00904827052466019612 0.00000000000000000000 71
0.17999999999999999334 0.73999999999999999112 0.00000000000000000000 -0.49095172947533982644 0.00904827052466019612 0.00000000000000000000 71
0.17999999999999999334 0.76000000000000000888 0.00000000000000000000 0.50904827052466017356 0.00904827052466019612 0.00000000000000000000 71
0.17999999999999999334 0.78000000000000002665 0.00000000000000000000 0.50904827052466017356 0.00904827052466019612 0.00000000000000000000 71
0.17999999999999999334 0.80000000000000004441 0.00000000000000000000 0.50904827052466017356 0.00904827052466019612 0.00000000000000000000 81
0.17999999999999999334 0.82000000000000006217 0.00000000000000000000 0.50904827052466017356 0.00904827052466019612 0.00000000000000000000 81
0.17999999999999999334 0.83999999999999996891 0.00000000000000000000 0.50904827052466017356 0.00904827052466019612 0.00000000000000000000 81
0.17999999999999999334 0.85999999999999998668 0.00000000000000000000 0.50904827052466017356 0.00904827052466019612 0.00000000000000000000 81
0.17999999999999999334 0.88000000000000000444 0.00000000000000000000 0.50904827052466017356 0.00904827052466019612 0.00000000000000000000 81
0.17999999999999999334 0.90000000000000002220 0.00000000000000000000 0.50904827052466017356 0.00904827052466019612 0.00000000000000000000 91
0.17999999999999999334 0.92000000000000003997 0.00000000000000000000 0.50904827052466017356 0.00904827052466019612 0.00000000000000000000 91
0.17999999999999999334 0.94000000000000005773 0.00000000000000000000 0.50904827052466017356 0.00904827052466019612 0.00000000000000000000 91
0.17999999999999999334 0.95999999999999996447 0.00000000000000000000 0.50904827052466017356 0.00904827052466019612 0.00000000000000000000 91
0.17999999999999999334 0.97999999999999998224 0.00000000000000000000 0.50904827052466017356 0.00904827052466019612 0.00000000000000000000 91
0.17999999999999999334 1.00000000000000000000 0.00000000000000000000 0.50904827052466017356 0.00904827052466019612 0.00000000000000000000 91
0.20000000000000001110 0.00000000000000000000 0.00000000000000000000 0.50951056516295156751 0.00951056516295153628 0.00000000000000000000 2
0.20000000000000001110 0.02000000000000000042 0.00000000000000000000 0.50951056516295156751 0.00951056516295153628 0.00000000000000000000 2
0.20000000000000001110 0.04000000000000000083 0.00000000000000000000 0.50951056516295156751 0.00951056516295153628 0.00000000000000000000 2
0.20000000000000001110 0.05999999999999999778 0.00000000000000000000 0.50951056516295156751 0.00951056516295153628 0.00000000000000000000 2
0.20000000000000001110 0.08000000000000000167 0.00000000000000000000 0.50951056516295156751 0.00951056516295153628 0.00000000000000000000 2
0.20000000000000001110 0.10000000000000000555 0.00000000000000000000 0.50951056516295156751 0.00951056516295153628 0.00000000000000000000 12
0.20000000000000001110 0.11999999999999999556 0.00000000000000000000 0.50951056516295156751 0.00951056516295153628 0.00000000000000000000 12
0.20000000000000001110 0.14000000000000001332 0.00000000000000000000 0.50951056516295156751 0.00951056516295153628 0.00000000000000000000 12
0.20000000000000001110 0.16000000000000000333 0.00000000000000000000 0.50951056516295156751 0.00951056516295153628 0.00000000000000000000 12
0.20000000000000001110 0.17999999999999999334 0.00000000000000000000 0.50951056516295156751 0.00951056516295153628 0.00000000000000000000 12
0.20000000000000001110 0.20000000000000001110 0.00000000000000000000 0.50951056516295156751 0.00951056516295153628 0.00000000000000000000 22
0.20000000000000001110 0.22000000000000000111 0.00000000000000000000 0.50951056516295156751 0.00951056516295153628 0.00000000000000000000 22
0.20000000000000001110 0.23999999999999999112 0.00000000000000000000 0.50951056516295156751 0.00951056516295153628 0.00000000000000000000 22
0.20000000000000001110 0.26000000000000000888 0.00000000000000000000 -0.49048943483704848800 0.00951056516295153628 0.00000000000000000000 22
0.20000000000000001110 0.28000000000000002665 0.00000000000000000000 -0.49048943483704848800 0.00951056516295153628 0.00000000000000000000 22
0.20000000000000001110 0.29999999999999998890 0.00000000000000000000 -0.49048943483704848800 0.00951056516295153628 0.00000000000000000000 32
0.20000000000000001110 0.32000000000000000666 0.00000000000000000000 -0.49048943483704848800 0.00951056516295153628 0.00000000000000000000 32
0.20000000000000001110 0.34000000000000002442 0.00000000000000000000 -0.49048943483704848800 0.00951056516295153628 0.00000000000000000000 32
0.20000000000000001110 0.35999999999999998668 0.00000000000000000000 -0.49048943483704848800 0.00951056516295153628 0.00000000000000000000 32
0.20000000000000001110 0.38000000000000000444 0.00000000000000000000 -0.49048943483704848800 0.00951056516295153628 0.00000000000000000000 32
0.20000000000000001110 0.40000000000000002220 0.00000000000000000000 -0.49048943483704848800 0.00951056516295153628 0.00000000000000000000 42
0.20000000000000001110 0.41999999999999998446 0.00000000000000000000 -0.49048943483704848800 0.00951056516295153628 0.00000000000000000000 42
0.20000000000000001110 0.44000000000000000222 0.00000000000000000000 -0.49048943483704848800 0.00951056516295153628 0.00000000000000000000 42
0.20000000000000001110 0.46000000000000001998 0.00000000000000000000 -0.49048943483704848800 0.00951056516295153628 0.00000000000000000000 42
0.20000000000000001110 0.47999999999999998224 0.00000000000000000000 -0.49048943483704848800 0.00951056516295153628 0.00000000000000000000 42
0.20000000000000001110 0.50000000000000000000 0.00000000000000000000 -0.49048943483704848800 0.00951056516295153628 0.00000000000000000000 52
0.20000000000000001110 0.52000000000000001776 0.00000000000000000000 -0.49048943483704848800 0.00951056516295153628 0.00000000000000000000 52
0.20000000000000001110 0.54000000000000003553 0.00000000000000000000 -0.49048943483704848800 0.00951056516295153628 0.00000000000000000000 52
0.20000000000000001110 0.56000000000000005329 0.00000000000000000000 -0.49048943483704848800 0.00951056516295153628 0.00000000000000000000 52
0.20000000000000001110 0.57999999999999996003 0.00000000000000000000 -0.49048943483704848800 0.00951056516295153628 0.00000000000000000000 52
0.20000000000000001110 0.59999999999999997780 0.00000000000000000000 -0.49048943483704848800 0.00951056516295153628 0.00000000000000000000 62
0.20000000000000001110 0.61999999999999999556 0.00000000000000000000 -0.49048943483704848800 0.00951056516295153628 0.00000000000000000000 62
0.20000000000000001110 0.64000000000000001332 0.00000000000000000000 -0.49048943483704848800 0.00951056516295153628 0.00000000000000000000 62
0.20000000000000001110 0.66000000000000003109 0.00000000000000000000 -0.49048943483704848800 0.00951056516295153628 0.00000000000000000000 62
0.20000000000000001110 0.68000000000000004885 0.00000000000000000000 -0.49048943483704848800 0.00951056516295153628 0.00000000000000000000 62
0.20000000000000001110 0.70000000000000006661 0.00000000000000000000 -0.49048943483704848800 0.00951056516295153628 0.00000000000000000000 72
0.20000000000000001110 0.71999999999999997335 0.00000000000000000000 -0.49048943483704848800 0.00951056516295153628 0.00000000000000000000 72
0.20000000000000001110 0.73999999999999999112 0.00000000000000000000 -0.49048943483704848800 0.00951056516295153628 0.00000000000000000000 72
0.20000000000000001110 0.76000000000000000888 0.00000000000000000000 0.50951056516295156751 0.00951056516295153628 0.00000000000000000000 72
0.20000000000000001110 0.78000000000000002665 0.00000000000000000000 0.50951056516295156751 0.00951056516295153628 0.00000000000000000000 72
0.20000000000000001110 0.80000000000000004441 0.00000000000000000000 0.50951056516295156751 0.00951056516295153628 0.00000000000000000000 82
0.20000000000000001110 0.82000000000000006217 0.00000000000000000000 0.50951056516295156751 0.00951056516295153628 0.00000000000000000000 82
0.20000000000000001110 0.83999999999999996891 0.00000000000000000000 0.50951056516295156751 0.00951056516295153628 0.00000000000000000000 82
0.20000000000000001110 0.85999999999999998668 0.00000000000000000000 0.50951056516295156751 0.00951056516295153628 0.00000000000000000000 82
0.20000000000000001110 0.88000000000000000444 0.00000000000000000000 0.50951056516295156751 0.00951056516295153628 0.00000000000000000000 82
0.20000000000000001110 0.90000000000000002220 0.00000000000000000000 0.50951056516295156751 0.00951056516295153628 0.00000000000000000000 92
0.20000000000000001110 0.92000000000000003997 0.00000000000000000000 0.50951056516295156751 0.00951056516295153628 0.00000000000000000000 92
0.20000000000000001110 0.94000000000000005773 0.00000000000000000000 0.50951056516295156751 0.00951056516295153628 0.00000000000000000000 92
0.20000000000000001110 0.95999999999999996447 0.00000000000000000000 0.50951056516295156751 0.00951056516295153628 0.00000000000000000000 92
0.20000000000000001110 0.97999999999999998224 0.00000000000000000000 0.50951056516295156751 0.00951056516295153628 0.00000000000000000000 92
0.20000000000000001110 1.00000000000000000000 0.00000000000000000000 0.50951056516295156751 0.00951056516295153628 0.00000000000000000000 92
0.22000000000000000111 0.00000000000000000000 0.00000000000000000000 0.50982287250728686168 0.00982287250728688596 0.00000000000000000000 2
0.22000000000000000111 0.02000000000000000042 0.00000000000000000000 0.50982287250728686168 0.00982287250728688596 0.00000000000000000000 2
0.22000000000000000111 0.04000000000000000083 0.00000000000000000000 0.50982287250728686168 0.00982287250728688596 0.00000000000000000000 2
0.22000000000000000111 0.05999999999999999778 0.00000000000000000000 0.50982287250728686168 0.00982287250728688596 0.00000000000000000000 2
0.22000000000000000111 0.08000000000000000167 0.00000000000000000000 0.50982287250728686168 0.00982287250728688596 0.00000000000000000000 2
0.22000000000000000111 0.10000000000000000555 0.00000000000000000000 0.50982287250728686168 0.00982287250728688596 0.00000000000000000000 12
0.22000000000000000111 0.11999999999999999556 0.00000000000000000000 0.50982287250728686168 0.00982287250728688596 0.00000000000000000000 12
0.22000000000000000111 0.14000000000000001332 0.00000000000000000000 0.50982287250728686168 0.00982287250728688596 0.00000000000000000000 12
0.22000000000000000111 0.16000000000000000333 0.00000000000000000000 0.50982287250728686168 0.00982287250728688596 0.00000000000000000000 12
0.22000000000000000111 0.17999999999999999334 0.00000000000000000000 0.50982287250728686168 0.00982287250728688596 0.00000000000000000000 12
0.22000000000000000111 0.20000000000000001110 0.00000000000000000000 0.50982287250728686168 0.00982287250728688596 0.00000000000000000000 22
0.22000000000000000111 0.22000000000000000111 0.00000000000000000000 0.50982287250728686168 0.00982287250728688596 0.00000000000000000000 22
0.22000000000000000111 0.23999999999999999112 0.00000000000000000000 0.50982287250728686168 0.00982287250728688596 0.00000000000000000000 22
0.22000000000000000111 0.26000000000000000888 0.00000000000000000000 -0.49017712749271313832 0.00982287250728688596 0.00000000000000000000 22
0.22000000000000000111 0.28000000000000002665 0.00000000000000000000 -0.49017712749271313832 0.00982287250728688596 0.00000000000000000000 22
0.22000000000000000111 0.29999999999999998890 0.00000000000000000000 -0.49017712749271313832 0.00982287250728688596 0.00000000000000000000 32
0.22000000000000000111 0.32000000000000000666 0.00000000000000000000 -0.49017712749271313832 0.00982287250728688596 0.00000000000000000000 32
0.22000000000000000111 0.34000000000000002442 0.00000000000000000000 -0.49017712749271313832 0.00982287250728688596 0.00000000000000000000 32
0.22000000000000000111 0.35999999999999998668 0.00000000000000000000 -0.49017712749271313832 0.00982287250728688596 0.00000000000000000000 32
0.22000000000000000111 0.38000000000000000444 0.00000000000000000000 -0.49017712749271313832 0.00982287250728688596 0.00000000000000000000 32
0.22000000000000000111 0.40000000000000002220 0.00000000000000000000 -0.49017712749271313832 0.00982287250728688596 0.00000000000000000000 42
0.22000000000000000111 0.41999999999999998446 0.00000000000000000000 -0.49017712749271313832 0.00982287250728688596 0.00000000000000000000 42
0.22000000000000000111 0.44000000000000000222 0.00000000000000000000 -0.49017712749271313832 0.00982287250728688596 0.00000000000000000000 42
0.22000000000000000111 0.46000000000000001998 0.00000000000000000000 -0.49017712749271313832 0.00982287250728688596 0.00000000000000000000 42
0.22000000000000000111 0.47999999999999998224 0.00000000000000000000 -0.49017712749271313832 0.00982287250728688596 0.00000000000000000000 42
0.22000000000000000111 0.50000000000000000000 0.00000000000000000000 -0.49017712749271313832 0.00982287250728688596 0.00000000000000000000 52
0.22000000000000000111 0.52000000000000001776 0.00000000000000000000 -0.49017712749271313832 0.00982287250728688596 0.00000000000000000000 52
0.22000000000000000111 0.54000000000000003553 0.00000000000000000000 -0.49017712749271313832 0.00982287250728688596 0.00000000000000000000 52
0.22000000000000000111 0.56000000000000005329 0.00000000000000000000 -0.49017712749271313832 0.00982287250728688596 0.00000000000000000000 52
0.22000000000000000111 0.57999999999999996003 0.00000000000000000000 -0.49017712749271313832 0.00982287250728688596 0.00000000000000000000 52
0.22000000000000000111 0.59999999999999997780 0.00000000000000000000 -0.49017712749271313832 0.00982287250728688596 0.00000000000000000000 62
0.22000000000000000111 0.61999999999999999556 0.00000000000000000000 -0.49017712749271313832 0.00982287250728688596 0.00000000000000000000 62
0.22000000000000000111 0.64000000000000001332 0.00000000000000000000 -0.49017712749271313832 0.00982287250728688596 0.00000000000000000000 62
0.22000000000000000111 0.66000000000000003109 0.00000000000000000000 -0.49017712749271313832 0.00982287250728688596 0.00000000000000000000 62
0.22000000000000000111 0.68000000000000004885 0.00000000000000000000 -0.49017712749271313832 0.00982287250728688596 0.00000000000000000000 62
0.22000000000000000111 0.70000000000000006661 0.00000000000000000000 -0.49017712749271313832 0.00982287250728688596 0.00000000000000000000 72
0.22000000000000000111 0.71999999999999997335 0.00000000000000000000 -0.49017712749271313832 0.00982287250728688596 0.00000000000000000000 72
0.22000000000000000111 0.73999999999999999112 0.00000000000000000000 -0.49017712749271313832 0.00982287250728688596 0.00000000000000000000 72
0.22000000000000000111 0.76000000000000000888 0.00000000000000000000 0.50982287250728686168 0.00982287250728688596 0.00000000000000000000 72
0.22000000000000000111 0.78000000000000002665 0.00000000000000000000 0.50982287250728686168 0.00982287250728688596 0.00000000000000000000 72
0.22000000000000000111 0.80000000000000004441 0.00000000000000000000 0.50982287250728686168 0.00982287250728688596 0.00000000000000000000 82
0.22000000000000000111 0.82000000000000006217 0.00000000000000000000 0.50982287250728686168 0.00982287250728688596 0.00000000000000000000 82
0.22000000000000000111 0.83999999999999996891 0.00000000000000000000 0.50982287250728686168 0.00982287250728688596 0.00000000000000000000 82
0.22000000000000000111 0.85999999999999998668 0.00000000000000000000 0.50982287250728686168 0.00982287250728688596 0.00000000000000000000 82
0.22000000000000000111 0.88000000000000000444 0.00000000000000000000 0.50982287250728686168 0.00982287250728688596 0.00000000000000000000 82
0.22000000000000000111 0.90000000000000002220 0.00000000000000000000 0.50982287250728686168 0.00982287250728688596 0.00000000000000000000 92
0.22000000000000000111 0.92000000000000003997 0.00000000000000000000 0.50982287250728686168 0.00982287250728688596 0.00000000000000000000 92
0.22000000000000000111 0.94000000000000005773 0.00000000000000000000 0.50982287250728686168 0.00982287250728688596 0.00000000000000000000 92
0.22000000000000000111 0.95999999999999996447 0.00000000000000000000 0.50982287250728686168 0.00982287250728688596 0.00000000000000000000 92
0.22000000000000000111 0.97999999999999998224 0.00000000000000000000 0.50982287250728686168 0.00982287250728688596 0.00000000000000000000 92
0.22000000000000000111 1.00000000000000000000 0.00000000000000000000 0.50982287250728686168 0.00982287250728688596 0.00000000000000000000 92
0.23999999999999999112 0.00000000000000000000 0.00000000000000000000 0.50998026728428269561 0.00998026728428271642 0.00000000000000000000 2
0.23999999999999999112 0.02000000000000000042 0.00000000000000000000 0.50998026728428269561 0.00998026728428271642 0.00000000000000000000 2
0.23999999999999999112 0.04000000000000000083 0.00000000000000000000 0.50998026728428269561 0.00998026728428271642 0.00000000000000000000 2
0.23999999999999999112 0.05999999999999999778 0.00000000000000000000 0.50998026728428269561 0.00998026728428271642 0.00000000000000000000 2
0.23999999999999999112 0.08000000000000000167 0.00000000000000000000 0.50998026728428269561 0.00998026728428271642 0.00000000000000000000 2
0.23999999999999999112 0.10000000000000000555 0.00000000000000000000 0.50998026728428269561 0.00998026728428271642 0.00000000000000000000 12
0.23999999999999999112 0.11999999999999999556 0.00000000000000000000 0.50998026728428269561 0.00998026728428271642 0.00000000000000000000 12
0.23999999999999999112 0.14000000000000001332 0.00000000000000000000 0.50998026728428269561 0.00998026728428271642 0.00000000000000000000 12
0.23999999999999999112 0.16000000000000000333 0.00000000000000000000 0.50998026728428269561 0.00998026728428271642 0.00000000000000000000 12
0.23999999999999999112 0.17999999999999999334 0.00000000000000000000 0.50998026728428269561 0.00998026728428271642 0.00000000000000000000 12
0.23999999999999999112 0.20000000000000001110 0.00000000000000000000 0.50998026728428269561 0.00998026728428271642 0.00000000000000000000 22
0.23999999999999999112 0.22000000000000000111 0.00000000000000000000 0.50998026728428269561 0.00998026728428271642 0.00000000000000000000 22
0.23999999999999999112 0.23999999999999999112 0.00000000000000000000 0.50998026728428269561 0.00998026728428271642 0.00000000000000000000 22
0.23999999999999999112 0.26000000000000000888 0.00000000000000000000 -0.49001973271571730439 0.00998026728428271642 0.00000000000000000000 22
0.23999999999999999112 0.28000000000000002665 0.00000000000000000000 -0.49001973271571730439 0.00998026728428271642 0.00000000000000000000 22
0.23999999999999999112 0.29999999999999998890 0.00000000000000000000 -0.49001973271571730439 0.00998026728428271642 0.00000000000000000000 32
0.23999999999999999112 0.32000000000000000666 0.00000000000000000000 -0.49001973271571730439 0.00998026728428271642 0.00000000000000000000 32
0.23999999999999999112 0.34000000000000002442 0.00000000000000000000 -0.49001973271571730439 0.00998026728428271642 0.00000000000000000000 32
0.23999999999999999112 0.35999999999999998668 0.00000000000000000000 -0.49001973271571730439 0.00998026728428271642 0.00000000000000000000 32
0.23999999999999999112 0.38000000000000000444 0.00000000000000000000 -0.49001973271571730439 0.00998026728428271642 0.00000000000000000000 32
0.23999999999999999112 0.40000000000000002220 0.00000000000000000000 -0.49001973271571730439 0.00998026728428271642 0.00000000000000000000 42
0.23999999999999999112 0.41999999999999998446 0.00000000000000000000 -0.49001973271571730439 0.00998026728428271642 0.00000000000000000000 42
0.23999999999999999112 0.44000000000000000222 0.00000000000000000000 -0.49001973271571730439 0.00998026728428271642 0.00000000000000000000 42
0.23999999999999999112 0.46000000000000001998 0.00000000000000000000 -0.49001973271571730439 0.00998026728428271642 0.00000000000000000000 42
0.23999999999999999112 0.47999999999999998224 0.00000000000000000000 -0.49001973271571730439 0.00998026728428271642 0.00000000000000000000 42
0.23999999999999999112 0.50000000000000000000 0.00000000000000000000 -0.49001973271571730439 0.00998026728428271642 0.00000000000000000000 52
0.23999999999999999112 0.52000000000000001776 0.00000000000000000000 -0.49001973271571730439 0.00998026728428271642 0.00000000000000000000 52
0.23999999999999999112 0.54000000000000003553 0.00000000000000000000 -0.49001973271571730439 0.00998026728428271642 0.00000000000000000000 52
0.23999999999999999112 0.56000000000000005329 0.00000000000000000000 -0.49001973271571730439 0.00998026728428271642 0.00000000000000000000 52
0.23999999999999999112 0.57999999999999996003 0.00000000000000000000 -0.49001973271571730439 0.00998026728428271642 0.00000000000000000000 52
0.23999999999999999112 0.59999999999999997780 0.00000000000000000000 -0.49001973271571730439 0.00998026728428271642 0.00000000000000000000 62
0.23999999999999999112 0.61999999999999999556 0.00000000000000000000 -0.49001973271571730439 0.00998026728428271642 0.00000000000000000000 62
0.23999999999999999112 0.64000000000000001332 0.00000000000000000000 -0.49001973271571730439 0.00998026728428271642 0.00000000000000000000 62
0.23999999999999999112 0.66000000000000003109 0.00000000000000000000 -0.49001973271571730439 0.00998026728428271642 0.00000000000000000000 62
0.23999999999999999112 0.68000000000000004885 0.00000000000000000000 -0.49001973271571730439 0.00998026728428271642 0.00000000000000000000 62
0.23999999999999999112 0.70000000000000006661 0.00000000000000000000 -0.49001973271571730439 0.00998026728428271642 0.00000000000000000000 72
0.23999999999999999112 0.71999999999999997335 0.00000000000000000000 -0.49001973271571730439 0.00998026728428271642 0.00000000000000000000 72
0.23999999999999999112 0.73999999999999999112 0.00000000000000000000 -0.49001973271571730439 0.00998026728428271642 0.00000000000000000000 72
0.23999999999999999112 0.76000000000000000888 0.00000000000000000000 0.50998026728428269561 0.00998026728428271642 0.00000000000000000000 72
0.23999999999999999112 0.78000000000000002665 0.00000000000000000000 0.50998026728428269561 0.00998026728428271642 0.00000000000000000000 72
0.23999999999999999112 0.80000000000000004441 0.00000000000000000000 0.50998026728428269561 0.00998026728428271642 0.00000000000000000000 82
0.23999999999999999112 0.82000000000000006217 0.00000000000000000000 0.50998026728428269561 0.00998026728428271642 0.00000000000000000000 82
0.23999999999999999112 0.83999999999999996891 0.00000000000000000000 0.50998026728428269561 0.00998026728428271642 0.00000000000000000000 82
0.23999999999999999112 0.85999999999999998668 0.00000000000000000000 0.50998026728428269561 0.00998026728428271642 0.00000000000000000000 82
0.23999999999999999112 0.88000000000000000444 0.00000000000000000000 0.50998026728428269561 0.00998026728428271642 0.00000000000000000000 82
0.23999999999999999112 0.90000000000000002220 0.00000000000000000000 0.50998026728428269561 0.00998026728428271642 0.00000000000000000000 92
0.23999999999999999112 0.92000000000000003997 0.00000000000000000000 0.50998026728428269561 0.00998026728428271642 0.00000000000000000000 92
0.23999999999999999112 0.94000000000000005773 0.00000000000000000000 0.50998026728428269561 0.00998026728428271642 0.00000000000000000000 92
0.23999999999999999112 0.95999999999999996447 0.00000000000000000000 0.50998026728428269561 0.00998026728428271642 0.00000000000000000000 92
0.23999999999999999112 0.97999999999999998224 0.00000000000000000000 0.50998026728428269561 0.00998026728428271642 0.00000000000000000000 92
0.23999999999999999112 1.00000000000000000000 0.00000000000000000000 0.50998026728428269561 0.00998026728428271642 0.00000000000000000000 92
0.26000000000000000888 0.00000000000000000000 0.00000000000000000000 0.50998026728428269561 0.00998026728428271642 0.00000000000000000000 2
0.26000000000000000888 0.02000000000000000042 0.00000000000000000000 0.50998026728428269561 0.00998026728428271642 0.00000000000000000000 2
0.26000000000000000888 0.04000000000000000083 0.00000000000000000000 0.50998026728428269561 0.00998026728428271642 0.00000000000000000000 2
0.26000000000000000888 0.05999999999999999778 0.00000000000000000000 0.50998026728428269561 0.00998026728428271642 0.00000000000000000000 2
0.26000000000000000888 0.08000000000000000167 0.00000000000000000000 0.50998026728428269561 0.00998026728428271642 0.00000000000000000000 2
0.26000000000000000888 0.10000000000000000555 0.00000000000000000000 0.50998026728428269561 0.00998026728428271642 0.00000000000000000000 12
0.26000000000000000888 0.11999999999999999556 0.00000000000000000000 0.50998026728428269561 0.00998026728428271642 0.00000000000000000000 12
0.26000000000000000888 0.14000000000000001332 0.00000000000000000000 0.50998026728428269561 0.00998026728428271642 0.00000000000000000000 12
0.26000000000000000888 0.16000000000000000333 0.00000000000000000000 0.50998026728428269561 0.00998026728428271642 0.00000000000000000000 12
0.26000000000000000888 0.17999999999999999334 0.00000000000000000000 0.50998026728428269561 0.00998026728428271642 0.00000000000000000000 12
0.26000000000000000888 0.20000000000000001110 0.00000000000000000000 0.50998026728428269561 0.00998026728428271642 0.00000000000000000000 22
0.26000000000000000888 0.22000000000000000111 0.00000000000000000000 0.50998026728428269561 0.00998026728428271642 0.00000000000000000000 22
0.26000000000000000888 0.23999999999999999112 0.00000000000000000000 0.50998026728428269561 0.00998026728428271642 0.00000000000000000000 22
0.26000000000000000888 0.26000000000000000888 0.00000000000000000000 -0.49001973271571730439 0.00998026728428271642 0.00000000000000000000 22
0.26000000000000000888 0.28000000000000002665 0.00000000000000000000 -0.49001973271571730439 0.00998026728428271642 0.00000000000000000000 22
0.26000000000000000888 0.29999999999999998890 0.00000000000000000000 -0.49001973271571730439 0.00998026728428271642 0.00000000000000000000 32
0.26000000000000000888 0.32000000000000000666 0.00000000000000000000 -0.49001973271571730439 0.00998026728428271642 0.00000000000000000000 32
0.26000000000000000888 0.34000000000000002442 0.00000000000000000000 -0.49001973271571730439 0.00998026728428271642 0.00000000000000000000 32
0.26000000000000000888 0.35999999999999998668 0.00000000000000000000 -0.49001973271571730439 0.00998026728428271642 0.00000000000000000000 32
0.26000000000000000888 0.38000000000000000444 0.00000000000000000000 -0.49001973271571730439 0.00998026728428271642 0.00000000000000000000 32
0.26000000000000000888 0.40000000000000002220 0.00000000000000000000 -0.49001973271571730439 0.00998026728428271642 0.00000000000000000000 42
0.26000000000000000888 0.41999999999999998446 0.00000000000000000000 -0.49001973271571730439 0.00998026728428271642 0.00000000000000000000 42
0.26000000000000000888 0.44000000000000000222 0.00000000000000000000 -0.49001973271571730439 0.00998026728428271642 0.00000000000000000000 42
0.26000000000000000888 0.46000000000000001998 0.00000000000000000000 -0.49001973271571730439 0.00998026728428271642 0.00000000000000000000 42
0.26000000000000000888 0.47999999999999998224 0.00000000000000000000 -0.49001973271571730439 0.00998026728428271642 0.00000000000000000000 42
0.26000000000000000888 0.50000000000000000000 0.00000000000000000000 -0.49001973271571730439 0.00998026728428271642 0.00000000000000000000 52
0.26000000000000000888 0.52000000000000001776 0.00000000000000000000 -0.49001973271571730439 0.00998026728428271642 0.00000000000000000000 52
0.26000000000000000888 0.54000000000000003553 0.00000000000000000000 -0.49001973271571730439 0.00998026728428271642 0.00000000000000000000 52
0.26000000000000000888 0.56000000000000005329 0.00000000000000000000 -0.49001973271571730439 0.00998026728428271642 0.00000000000000000000 52
0.26000000000000000888 0.57999999999999996003 0.00000000000000000000 -0.49001973271571730439 0.00998026728428271642 0.00000000000000000000 52
0.26000000000000000888 0.59999999999999997780 0.00000000000000000000 -0.49001973271571730439 0.00998026728428271642 0.00000000000000000000 62
0.26000000000000000888 0.61999999999999999556 0.00000000000000000000 -0.49001973271571730439 0.00998026728428271642 0.00000000000000000000 62
0.26000000000000000888 0.64000000000000001332 0.00000000000000000000 -0.49001973271571730439 0.00998026728428271642 0.00000000000000000000 62
0.26000000000000000888 0.66000000000000003109 0.00000000000000000000 -0.49001973271571730439 0.00998026728428271642 0.00000000000000000000 62
0.26000000000000000888 0.68000000000000004885 0.00000000000000000000 -0.49001973271571730439 0.00998026728428271642 0.00000000000000000000 62
0.26000000000000000888 0.70000000000000006661 0.00000000000000000000 -0.49001973271571730439 0.00998026728428271642 0.00000000000000000000 72
0.26000000000000000888 0.71999999999999997335 0.00000000000000000000 -0.49001973271571730439 0.00998026728428271642 0.00000000000000000000 72
0.26000000000000000888 0.73999999999999999112 0.00000000000000000000 -0.49001973271571730439 0.00998026728428271642 0.00000000000000000000 72
0.26000000000000000888 0.76000000000000000888 0.00000000000000000000 0.50998026728428269561 0.00998026728428271642 0.00000000000000000000 72
0.26000000000000000888 0.78000000000000002665 0.00000000000000000000 0.50998026728428269561 0.00998026728428271642 0.00000000000000000000 72
0.26000000000000000888 0.80000000000000004441 0.00000000000000000000 0.50998026728428269561 0.00998026728428271642 0.00000000000000000000 82
0.26000000000000000888 0.82000000000000006217 0.00000000000000000000 0.50998026728428269561 0.00998026728428271642 0.00000000000000000000 82
0.26000000000000000888 0.83999999999999996891 0.00000000000000000000 0.50998026728428269561 0.00998026728428271642 0.00000000000000000000 82
0.26000000000000000888 0.85999999999999998668 0.00000000000000000000 0.50998026728428269561 0.00998026728428271642 0.00000000000000000000 82
0.26000000000000000888 0.88000000000000000444 0.00000000000000000000 0.50998026728428269561 0.00998026728428271642 0.00000000000000000000 82
0.26000000000000000888 0.90000000000000002220 0.00000000000000000000 0.50998026728428269561 0.00998026728428271642 0.00000000000000000000 92
0.26000000000000000888 0.92000000000000003997 0.00000000000000000000 0.50998026728428269561 0.00998026728428271642 0.00000000000000000000 92
0.26000000000000000888 0.94000000000000005773 0.00000000000000000000 0.50998026728428269561 0.00998026728428271642 0.00000000000000000000 92
0.26000000000000000888 0.95999999999999996447 0.00000000000000000000 0.50998026728428269561 0.00998026728428271642 0.00000000000000000000 92
0.26000000000000000888 0.97999999999999998224 0.00000000000000000000 0.50998026728428269561 0.00998026728428271642 0.00000000000000000000 92
0.26000000000000000888 1.00000000000000000000 0.00000000000000000000 0.50998026728428269561 0.00998026728428271642 0.00000000000000000000 92
0.28000000000000002665 0.00000000000000000000 0.00000000000000000000 0.50982287250728686168 0.00982287250728688596 0.00000000000000000000 2
0.28000000000000002665 0.02000000000000000042 0.00000000000000000000 0.50982287250728686168 0.00982287250728688596 0.00000000000000000000 2
0.28000000000000002665 0.04000000000000000083 0.00000000000000000000 0.50982287250728686168 0.00982287250728688596 0.00000000000000000000 2
0.28000000000000002665 0.05999999999999999778 0.00000000000000000000 0.50982287250728686168 0.00982287250728688596 0.00000000000000000000 2
0.28000000000000002665 0.08000000000000000167 0.00000000000000000000 0.50982287250728686168 0.00982287250728688596 0.00000000000000000000 2
0.28000000000000002665 0.10000000000000000555 0.00000000000000000000 0.50982287250728686168 0.00982287250728688596 0.00000000000000000000 12
0.28000000000000002665 0.11999999999999999556 0.00000000000000000000 0.50982287250728686168 0.00982287250728688596 0.00000000000000000000 12
0.28000000000000002665 0.14000000000000001332 0.00000000000000000000 0.50982287250728686168 0.00982287250728688596 0.00000000000000000000 12
0.28000000000000002665 0.16000000000000000333 0.00000000000000000000 0.50982287250728686168 0.00982287250728688596 0.00000000000000000000 12
0.28000000000000002665 0.17999999999999999334 0.00000000000000000000 0.50982287250728686168 0.00982287250728688596 0.00000000000000000000 12
0.28000000000000002665 0.20000000000000001110 0.00000000000000000000 0.50982287250728686168 0.00982287250728688596 0.00000000000000000000 22
0.28000000000000002665 0.22000000000000000111 0.00000000000000000000 0.50982287250728686168 0.00982287250728688596 0.00000000000000000000 22
0.28000000000000002665 0.23999999999999999112 0.00000000000000000000 0.50982287250728686168 0.00982287250728688596 0.00000000000000000000 22
0.28000000000000002665 0.26000000000000000888 0.00000000000000000000 -0.49017712749271313832 0.00982287250728688596 0.00000000000000000000 22
0.28000000000000002665 0.28000000000000002665 0.00000000000000000000 -0.49017712749271313832 0.00982287250728688596 0.00000000000000000000 22
0.28000000000000002665 0.29999999999999998890 0.00000000000000000000 -0.49017712749271313832 0.00982287250728688596 0.00000000000000000000 32
0.28000000000000002665 0.32000000000000000666 0.00000000000000000000 -0.49017712749271313832 0.00982287250728688596 0.00000000000000000000 32
0.28000000000000002665 0.34000000000000002442 0.00000000000000000000 -0.49017712749271313832 0.00982287250728688596 0.00000000000000000000 32
0.28000000000000002665 0.35999999999999998668 0.00000000000000000000 -0.49017712749271313832 0.00982287250728688596 0.00000000000000000000 32
0.28000000000000002665 0.38000000000000000444 0.00000000000000000000 -0.49017712749271313832 0.00982287250728688596 0.00000000000000000000 32
0.28000000000000002665 0.40000000000000002220 0.00000000000000000000 -0.49017712749271313832 0.00982287250728688596 0.00000000000000000000 42
0.28000000000000002665 0.41999999999999998446 0.00000000000000000000 -0.49017712749271313832 0.00982287250728688596 0.00000000000000000000 42
0.28000000000000002665 0.44000000000000000222 0.00000000000000000000 -0.49017712749271313832 0.00982287250728688596 0.00000000000000000000 42
0.28000000000000002665 0.46000000000000001998 0.00000000000000000000 -0.49017712749271313832 0.00982287250728688596 0.00000000000000000000 42
0.28000000000000002665 0.47999999999999998224 0.00000000000000000000 -0.49017712749271313832 0.00982287250728688596 0.00000000000000000000 42
0.28000000000000002665 0.50000000000000000000 0.00000000000000000000 -0.49017712749271313832 0.00982287250728688596 0.00000000000000000000 52
0.28000000000000002665 0.52000000000000001776 0.00000000000000000000 -0.49017712749271313832 0.00982287250728688596 0.00000000000000000000 52
0.28000000000000002665 0.54000000000000003553 0.00000000000000000000 -0.49017712749271313832 0.00982287250728688596 0.00000000000000000000 52
0.28000000000000002665 0.56000000000000005329 0.00000000000000000000 -0.49017712749271313832 0.00982287250728688596 0.00000000000000000000 52
0.28000000000000002665 0.57999999999999996003 0.00000000000000000000 -0.49017712749271313832 0.00982287250728688596 0.00000000000000000000 52
0.28000000000000002665 0.59999999999999997780 0.00000000000000000000 -0.49017712749271313832 0.00982287250728688596 0.00000000000000000000 62
0.28000000000000002665 0.61999999999999999556 0.00000000000000000000 -0.49017712749271313832 0.00982287250728688596 0.00000000000000000000 62
0.28000000000000002665 0.64000000000000001332 0.00000000000000000000 -0.49017712749271313832 0.00982287250728688596 0.00000000000000000000 62
0.28000000000000002665 0.66000000000000003109 0.00000000000000000000 -0.49017712749271313832 0.00982287250728688596 0.00000000000000000000 62
0.28000000000000002665 0.68000000000000004885 0.00000000000000000000 -0.49017712749271313832 0.00982287250728688596 0.00000000000000000000 62
0.28000000000000002665 0.70000000000000006661 0.00000000000000000000 -0.49017712749271313832 0.00982287250728688596 0.00000000000000000000 72
0.28000000000000002665 0.71999999999999997335 0.00000000000000000000 -0.49017712749271313832 0.00982287250728688596 0.00000000000000000000 72
0.28000000000000002665 0.73999999999999999112 0.00000000000000000000 -0.49017712749271313832 0.00982287250728688596 0.00000000000000000000 72
0.28000000000000002665 0.76000000000000000888 0.00000000000000000000 0.50982287250728686168 0.00982287250728688596 0.00000000000000000000 72
0.28000000000000002665 0.78000000000000002665 0.00000000000000000000 0.50982287250728686168 0.00982287250728688596 0.00000000000000000000 72
0.28000000000000002665 0.80000000000000004441 0.00000000000000000000 0.50982287250728686168 0.00982287250728688596 0.00000000000000000000 82
0.28000000000000002665 0.82000000000000006217 0.00000000000000000000 0.50982287250728686168 0.00982287250728688596 0.00000000000000000000 82
0.28000000000000002665 0.83999999999999996891 0.00000000000000000000 0.50982287250728686168 0.00982287250728688596 0.00000000000000000000 82
0.28000000000000002665 0.85999999999999998668 0.00000000000000000000 0.50982287250728686168 0.00982287250728688596 0.00000000000000000000 82
0.28000000000000002665 0.88000000000000000444 0.00000000000000000000 0.50982287250728686168 0.00982287250728688596 0.00000000000000000000 82
0.28000000000000002665 0.90000000000000002220 0.00000000000000000000 0.50982287250728686168 0.00982287250728688596 0.00000000000000000000 92
0.28000000000000002665 0.92000000000000003997 0.00000000000000000000 0.50982287250728686168 0.00982287250728688596 0.00000000000000000000 92
0.28000000000000002665 0.94000000000000005773 0.00000000000000000000 0.50982287250728686168 0.00982287250728688596 0.00000000000000000000 92
0.28000000000000002665 0.95999999999999996447 0.00000000000000000000 0.50982287250728686168 0.00982287250728688596 0.00000000000000000000 92
0.28000000000000002665 0.97999999999999998224 0.00000000000000000000 0.50982287250728686168 0.00982287250728688596 0.00000000000000000000 92
0.28000000000000002665 1.00000000000000000000 0.00000000000000000000 0.50982287250728686168 0.00982287250728688596 0.00000000000000000000 92
0.29999999999999998890 0.00000000000000000000 0.00000000000000000000 0.50951056516295156751 0.00951056516295153628 0.00000000000000000000 3
0.29999999999999998890 0.02000000000000000042 0.00000000000000000000 0.50951056516295156751 0.00951056516295153628 0.00000000000000000000 3
0.29999999999999998890 0.04000000000000000083 0.00000000000000000000 0.50951056516295156751 0.00951056516295153628 0.00000000000000000000 3
0.29999999999999998890 0.05999999999999999778 0.00000000000000000000 0.50951056516295156751 0.00951056516295153628 0.00000000000000000000 3
0.29999999999999998890 0.08000000000000000167 0.00000000000000000000 0.50951056516295156751 0.00951056516295153628 0.00000000000000000000 3
0.29999999999999998890 0.10000000000000000555 0.00000000000000000000 0.50951056516295156751 0.00951056516295153628 0.00000000000000000000 13
0.29999999999999998890 0.11999999999999999556 0.00000000000000000000 0.50951056516295156751 0.00951056516295153628 0.00000000000000000000 13
0.29999999999999998890 0.14000000000000001332 0.00000000000000000000 0.50951056516295156751 0.00951056516295153628 0.00000000000000000000 13
0.29999999999999998890 0.16000000000000000333 0.00000000000000000000 0.50951056516295156751 0.00951056516295153628 0.00000000000000000000 13
0.29999999999999998890 0.17999999999999999334 0.00000000000000000000 0.50951056516295156751 0.00951056516295153628 0.00000000000000000000 13
0.29999999999999998890 0.20000000000000001110 0.00000000000000000000 0.50951056516295156751 0.00951056516295153628 0.00000000000000000000 23
0.29999999999999998890 0.22000000000000000111 0.00000000000000000000 0.50951056516295156751 0.00951056516295153628 0.00000000000000000000 23
0.29999999999999998890 0.23999999999999999112 0.00000000000000000000 0.50951056516295156751 0.00951056516295153628 0.00000000000000000000 23
0.29999999999999998890 0.26000000000000000888 0.00000000000000000000 -0.49048943483704848800 0.00951056516295153628 0.00000000000000000000 23
0.29999999999999998890 0.28000000000000002665 0.00000000000000000000 -0.49048943483704848800 0.00951056516295153628 0.00000000000000000000 23
0.29999999999999998890 0.29999999999999998890 0.00000000000000000000 -0.49048943483704848800 0.00951056516295153628 0.00000000000000000000 33
0.29999999999999998890 0.32000000000000000666 0.00000000000000000000 -0.49048943483704848800 0.00951056516295153628 0.00000000000000000000 33
0.29999999999999998890 0.34000000000000002442 0.00000000000000000000 -0.49048943483704848800 0.00951056516295153628 0.00000000000000000000 33
0.29999999999999998890 0.35999999999999998668 0.00000000000000000000 -0.49048943483704848800 0.00951056516295153628 0.00000000000000000000 33
0.29999999999999998890 0.38000000000000000444 0.00000000000000000000 -0.49048943483704848800 0.00951056516295153628 0.00000000000000000000 33
0.29999999999999998890 0.40000000000000002220 0.00000000000000000000 -0.49048943483704848800 0.00951056516295153628 0.00000000000000000000 43
0.29999999999999998890 0.41999999999999998446 0.00000000000000000000 -0.49048943483704848800 0.00951056516295153628 0.00000000000000000000 43
0.29999999999999998890 0.44000000000000000222 0.00000000000000000000 -0.49048943483704848800 0.00951056516295153628 0.00000000000000000000 43
0.29999999999999998890 0.46000000000000001998 0.00000000000000000000 -0.49048943483704848800 0.00951056516295153628 0.00000000000000000000 43
0.29999999999999998890 0.47999999999999998224 0.00000000000000000000 -0.49048943483704848800 0.00951056516295153628 0.00000000000000000000 43
0.29999999999999998890 0.50000000000000000000 0.00000000000000000000 -0.49048943483704848800 0.00951056516295153628 0.00000000000000000000 53
0.29999999999999998890 0.52000000000000001776 0.00000000000000000000 -0.49048943483704848800 0.00951056516295153628 0.00000000000000000000 53
0.29999999999999998890 0.54000000000000003553 0.00000000000000000000 -0.49048943483704848800 0.00951056516295153628 0.00000000000000000000 53
0.29999999999999998890 0.56000000000000005329 0.00000000000000000000 -0.49048943483704848800 0.00951056516295153628 0.00000000000000000000 53
0.29999999999999998890 0.57999999999999996003 0.00000000000000000000 -0.49048943483704848800 0.00951056516295153628 0.00000000000000000000 53
0.29999999999999998890 0.59999999999999997780 0.00000000000000000000 -0.49048943483704848800 0.00951056516295153628 0.00000000000000000000 63
0.29999999999999998890 0.61999999999999999556 0.00000000000000000000 -0.49048943483704848800 0.00951056516295153628 0.00000000000000000000 63
0.29999999999999998890 0.64000000000000001332 0.00000000000000000000 -0.49048943483704848800 0.00951056516295153628 0.00000000000000000000 63
0.29999999999999998890 0.66000000000000003109 0.00000000000000000000 -0.49048943483704848800 0.00951056516295153628 0.00000000000000000000 63
0.29999999999999998890 0.68000000000000004885 0.00000000000000000000 -0.49048943483704848800 0.00951056516295153628 0.00000000000000000000 63
0.29999999999999998890 0.70000000000000006661 0.00000000000000000000 -0.49048943483704848800 0.00951056516295153628 0.00000000000000000000 73
0.29999999999999998890 0.71999999999999997335 0.00000000000000000000 -0.49048943483704848800 0.00951056516295153628 0.00000000000000000000 73
0.29999999999999998890 0.73999999999999999112 0.00000000000000000000 -0.49048943483704848800 0.00951056516295153628 0.00000000000000000000 73
0.29999999999999998890 0.76000000000000000888 0.00000000000000000000 0.50951056516295156751 0.00951056516295153628 0.00000000000000000000 73
0.29999999999999998890 0.78000000000000002665 0.00000000000000000000 0.50951056516295156751 0.00951056516295153628 0.00000000000000000000 73
0.29999999999999998890 0.80000000000000004441 0.00000000000000000000 0.50951056516295156751 0.00951056516295153628 0.00000000000000000000 83
0.29999999999999998890 0.82000000000000006217 0.00000000000000000000 0.50951056516295156751 0.00951056516295153628 0.00000000000000000000 83
0.29999999999999998890 0.83999999999999996891 0.00000000000000000000 0.50951056516295156751 0.00951056516295153628 0.00000000000000000000 83
0.29999999999999998890 0.85999999999999998668 0.00000000000000000000 0.50951056516295156751 0.00951056516295153628 0.00000000000000000000 83
0.29999999999999998890 0.88000000000000000444 0.00000000000000000000 0.50951056516295156751 0.00951056516295153628 0.00000000000000000000 83
0.29999999999999998890 0.90000000000000002220 0.00000000000000000000 0.50951056516295156751 0.00951056516295153628 0.00000000000000000000 93
0.29999999999999998890 0.92000000000000003997 0.00000000000000000000 0.50951056516295156751 0.00951056516295153628 0.00000000000000000000 93
0.29999999999999998890 0.94000000000000005773 0.00000000000000000000 0.50951056516295156751 0.00951056516295153628 0.00000000000000000000 93
0.29999999999999998890 0.95999999999999996447 0.00000000000000000000 0.50951056516295156751 0.00951056516295153628 0.00000000000000000000 93
0.29999999999999998890 0.97999999999999998224 0.00000000000000000000 0.50951056516295156751 0.00951056516295153628 0.00000000000000000000 93
0.29999999999999998890 1.00000000000000000000 0.00000000000000000000 0.50951056516295156751 0.00951056516295153628 0.00000000000000000000 93
0.32000000000000000666 0.00000000000000000000 0.00000000000000000000 0.50904827052466017356 0.00904827052466019438 0.00000000000000000000 3
0.32000000000000000666 0.02000000000000000042 0.00000000000000000000 0.50904827052466017356 0.00904827052466019438 0.00000000000000000000 3
0.32000000000000000666 0.04000000000000000083 0.00000000000000000000 0.50904827052466017356 0.00904827052466019438 0.00000000000000000000 3
0.32000000000000000666 0.05999999999999999778 0.00000000000000000000 0.50904827052466017356 0.00904827052466019438 0.00000000000000000000 3
0.32000000000000000666 0.08000000000000000167 0.00000000000000000000 0.50904827052466017356 0.00904827052466019438 0.00000000000000000000 3
0.32000000000000000666 0.10000000000000000555 0.00000000000000000000 0.50904827052466017356 0.00904827052466019438 0.00000000000000000000 13
0.32000000000000000666 0.11999999999999999556 0.00000000000000000000 0.50904827052466017356 0.00904827052466019438 0.00000000000000000000 13
0.32000000000000000666 0.14000000000000001332 0.00000000000000000000 0.50904827052466017356 0.00904827052466019438 0.00000000000000000000 13
0.32000000000000000666 0.16000000000000000333 0.00000000000000000000 0.50904827052466017356 0.00904827052466019438 0.00000000000000000000 13
0.32000000000000000666 0.17999999999999999334 0.00000000000000000000 0.50904827052466017356 0.00904827052466019438 0.00000000000000000000 13
0.32000000000000000666 0.20000000000000001110 0.00000000000000000000 0.50904827052466017356 0.00904827052466019438 0.00000000000000000000 23
0.32000000000000000666 0.22000000000000000111 0.00000000000000000000 0.50904827052466017356 0.00904827052466019438 0.00000000000000000000 23
0.32000000000000000666 0.23999999999999999112 0.00000000000000000000 0.50904827052466017356 0.00904827052466019438 0.00000000000000000000 23
0.32000000000000000666 0.26000000000000000888 0.00000000000000000000 -0.49095172947533982644 0.00904827052466019438 0.00000000000000000000 23
0.32000000000000000666 0.28000000000000002665 0.00000000000000000000 -0.49095172947533982644 0.00904827052466019438 0.00000000000000000000 23
0.32000000000000000666 0.29999999999999998890 0.00000000000000000000 -0.49095172947533982644 0.00904827052466019438 0.00000000000000000000 33
0.32000000000000000666 0.32000000000000000666 0.00000000000000000000 -0.49095172947533982644 0.00904827052466019438 0.00000000000000000000 33
0.32000000000000000666 0.34000000000000002442 0.00000000000000000000 -0.49095172947533982644 0.00904827052466019438 0.00000000000000000000 33
0.32000000000000000666 0.35999999999999998668 0.00000000000000000000 -0.49095172947533982644 0.00904827052466019438 0.00000000000000000000 33
0.32000000000000000666 0.38000000000000000444 0.00000000000000000000 -0.49095172947533982644 0.00904827052466019438 0.00000000000000000000 33
0.32000000000000000666 0.40000000000000002220 0.00000000000000000000 -0.49095172947533982644 0.00904827052466019438 0.00000000000000000000 43
0.32000000000000000666 0.41999999999999998446 0.00000000000000000000 -0.49095172947533982644 0.00904827052466019438 0.00000000000000000000 43
0.32000000000000000666 0.44000000000000000222 0.00000000000000000000 -0.49095172947533982644 0.00904827052466019438 0.00000000000000000000 43
0.32000000000000000666 0.46000000000000001998 0.00000000000000000000 -0.49095172947533982644 0.00904827052466019438 0.00000000000000000000 43
0.32000000000000000666 0.47999999999999998224 0.00000000000000000000 -0.49095172947533982644 0.00904827052466019438 0.00000000000000000000 43
0.32000000000000000666 0.50000000000000000000 0.00000000000000000000 -0.49095172947533982644 0.00904827052466019438 0.00000000000000000000 53
0.32000000000000000666 0.52000000000000001776 0.00000000000000000000 -0.49095172947533982644 0.00904827052466019438 0.00000000000000000000 53
0.32000000000000000666 0.54000000000000003553 0.00000000000000000000 -0.49095172947533982644 0.00904827052466019438 0.00000000000000000000 53
0.32000000000000000666 0.56000000000000005329 0.00000000000000000000 -0.49095172947533982644 0.00904827052466019438 0.00000000000000000000 53
0.32000000000000000666 0.57999999999999996003 0.00000000000000000000 -0.49095172947533982644 0.00904827052466019438 0.00000000000000000000 53
0.32000000000000000666 0.59999999999999997780 0.00000000000000000000 -0.49095172947533982644 0.00904827052466019438 0.00000000000000000000 63
0.32000000000000000666 0.61999999999999999556 0.00000000000000000000 -0.49095172947533982644 0.00904827052466019438 0.00000000000000000000 63
0.32000000000000000666 0.64000000000000001332 0.00000000000000000000 -0.49095172947533982644 0.00904827052466019438 0.00000000000000000000 63
0.32000000000000000666 0.66000000000000003109 0.00000000000000000000 -0.49095172947533982644 0.00904827052466019438 0.00000000000000000000 63
0.32000000000000000666 0.68000000000000004885 0.00000000000000000000 -0.49095172947533982644 0.00904827052466019438 0.00000000000000000000 63
0.32000000000000000666 0.70000000000000006661 0.00000000000000000000 -0.49095172947533982644 0.00904827052466019438 0.00000000000000000000 73
0.32000000000000000666 0.71999999999999997335 0.00000000000000000000 -0.49095172947533982644 0.00904827052466019438 0.00000000000000000000 73
0.32000000000000000666 0.73999999999999999112 0.00000000000000000000 -0.49095172947533982644 0.00904827052466019438 0.00000000000000000000 73
0.32000000000000000666 0.76000000000000000888 0.00000000000000000000 0.50904827052466017356 0.00904827052466019438 0.00000000000000000000 73
0.32000000000000000666 0.78000000000000002665 0.00000000000000000000 0.50904827052466017356 0.00904827052466019438 0.00000000000000000000 73
0.32000000000000000666 0.80000000000000004441 0.00000000000000000000 0.50904827052466017356 0.00904827052466019438 0.00000000000000000000 83
0.32000000000000000666 0.82000000000000006217 0.00000000000000000000 0.50904827052466017356 0.00904827052466019438 0.00000000000000000000 83
0.32000000000000000666 0.83999999999999996891 0.00000000000000000000 0.50904827052466017356 0.00904827052466019438 0.00000000000000000000 83
0.32000000000000000666 0.85999999999999998668 0.00000000000000000000 0.50904827052466017356 0.00904827052466019438 0.00000000000000000000 83
0.32000000000000000666 0.88000000000000000444 0.00000000000000000000 0.50904827052466017356 0.00904827052466019438 0.00000000000000000000 83
0.32000000000000000666 0.90000000000000002220 0.00000000000000000000 0.50904827052466017356 0.00904827052466019438 0.00000000000000000000 93
0.32000000000000000666 0.92000000000000003997 0.00000000000000000000 0.50904827052466017356 0.00904827052466019438 0.00000000000000000000 93
0.32000000000000000666 0.94000000000000005773 0.00000000000000000000 0.50904827052466017356 0.00904827052466019438 0.00000000000000000000 93
0.32000000000000000666 0.95999999999999996447 0.00000000000000000000 0.50904827052466017356 0.00904827052466019438 0.00000000000000000000 93
0.32000000000000000666 0.97999999999999998224 0.00000000000000000000 0.50904827052466017356 0.00904827052466019438 0.00000000000000000000 93
0.32000000000000000666 1.00000000000000000000 0.00000000000000000000 0.50904827052466017356 0.00904827052466019438 0.00000000000000000000 93
0.34000000000000002442 0.00000000000000000000 0.00000000000000000000 0.50844327925502019738 0.00844327925502015054 0.00000000000000000000 3
0.34000000000000002442 0.02000000000000000042 0.00000000000000000000 0.50844327925502019738 0.00844327925502015054 0.00000000000000000000 3
0.34000000000000002442 0.04000000000000000083 0.00000000000000000000 0.50844327925502019738 0.00844327925502015054 0.00000000000000000000 3
0.34000000000000002442 0.05999999999999999778 0.00000000000000000000 0.50844327925502019738 0.00844327925502015054 0.00000000000000000000 3
0.34000000000000002442 0.08000000000000000167 0.00000000000000000000 0.50844327925502019738 0.00844327925502015054 0.00000000000000000000 3
0.34000000000000002442 0.10000000000000000555 0.00000000000000000000 0.50844327925502019738 0.00844327925502015054 0.00000000000000000000 13
0.34000000000000002442 0.11999999999999999556 0.00000000000000000000 0.50844327925502019738 0.00844327925502015054 0.00000000000000000000 13
0.34000000000000002442 0.14000000000000001332 0.00000000000000000000 0.50844327925502019738 0.00844327925502015054 0.00000000000000000000 13
0.34000000000000002442 0.16000000000000000333 0.00000000000000000000 0.50844327925502019738 0.00844327925502015054 0.00000000000000000000 13
0.34000000000000002442 0.17999999999999999334 0.00000000000000000000 0.50844327925502019738 0.00844327925502015054 0.00000000000000000000 13
0.34000000000000002442 0.20000000000000001110 0.00000000000000000000 0.50844327925502019738 0.00844327925502015054 0.00000000000000000000 23
0.34000000000000002442 0.22000000000000000111 0.00000000000000000000 0.50844327925502019738 0.00844327925502015054 0.00000000000000000000 23
0.34000000000000002442 0.23999999999999999112 0.00000000000000000000 0.50844327925502019738 0.00844327925502015054 0.00000000000000000000 23
0.34000000000000002442 0.26000000000000000888 0.00000000000000000000 -0.49155672074497985813 0.00844327925502015054 0.00000000000000000000 23
0.34000000000000002442 0.28000000000000002665 0.00000000000000000000 -0.49155672074497985813 0.00844327925502015054 0.00000000000000000000 23
0.34000000000000002442 0.29999999999999998890 0.00000000000000000000 -0.49155672074497985813 0.00844327925502015054 0.00000000000000000000 33
0.34000000000000002442 0.32000000000000000666 0.00000000000000000000 -0.49155672074497985813 0.00844327925502015054 0.00000000000000000000 33
0.34000000000000002442 0.34000000000000002442 0.00000000000000000000 -0.49155672074497985813 0.00844327925502015054 0.00000000000000000000 33
0.34000000000000002442 0.35999999999999998668 0.00000000000000000000 -0.49155672074497985813 0.00844327925502015054 0.00000000000000000000 33
0.34000000000000002442 0.38000000000000000444 0.00000000000000000000 -0.49155672074497985813 0.00844327925502015054 0.00000000000000000000 33
0.34000000000000002442 0.40000000000000002220 0.00000000000000000000 -0.49155672074497985813 0.00844327925502015054 0.00000000000000000000 43
0.34000000000000002442 0.41999999999999998446 0.00000000000000000000 -0.49155672074497985813 0.00844327925502015054 0.00000000000000000000 43
0.34000000000000002442 0.44000000000000000222 0.00000000000000000000 -0.49155672074497985813 0.00844327925502015054 0.00000000000000000000 43
0.34000000000000002442 0.46000000000000001998 0.00000000000000000000 -0.49155672074497985813 0.00844327925502015054 0.00000000000000000000 43
0.34000000000000002442 0.47999999999999998224 0.00000000000000000000 -0.49155672074497985813 0.00844327925502015054 0.00000000000000000000 43
0.34000000000000002442 0.50000000000000000000 0.00000000000000000000 -0.49155672074497985813 0.00844327925502015054 0.00000000000000000000 53
0.34000000000000002442 0.52000000000000001776 0.00000000000000000000 -0.49155672074497985813 0.00844327925502015054 0.00000000000000000000 53
0.34000000000000002442 0.54000000000000003553 0.00000000000000000000 -0.49155672074497985813 0.00844327925502015054 0.00000000000000000000 53
0.34000000000000002442 0.56000000000000005329 0.00000000000000000000 -0.49155672074497985813 0.00844327925502015054 0.00000000000000000000 53
0.34000000000000002442 0.57999999999999996003 0.00000000000000000000 -0.49155672074497985813 0.00844327925502015054 0.00000000000000000000 53
0.34000000000000002442 0.59999999999999997780 0.00000000000000000000 -0.49155672074497985813 0.00844327925502015054 0.00000000000000000000 63
0.34000000000000002442 0.61999999999999999556 0.00000000000000000000 -0.49155672074497985813 0.00844327925502015054 0.00000000000000000000 63
0.34000000000000002442 0.64000000000000001332 0.00000000000000000000 -0.49155672074497985813 0.00844327925502015054 0.00000000000000000000 63
0.34000000000000002442 0.66000000000000003109 0.00000000000000000000 -0.49155672074497985813 0.00844327925502015054 0.00000000000000000000 63
0.34000000000000002442 0.68000000000000004885 0.00000000000000000000 -0.49155672074497985813 0.00844327925502015054 0.00000000000000000000 63
0.34000000000000002442 0.70000000000000006661 0.00000000000000000000 -0.49155672074497985813 0.00844327925502015054 0.00000000000000000000 73
0.34000000000000002442 0.71999999999999997335 0.00000000000000000000 -0.49155672074497985813 0.00844327925502015054 0.00000000000000000000 73
0.34000000000000002442 0.73999999999999999112 0.00000000000000000000 -0.49155672074497985813 0.00844327925502015054 0.00000000000000000000 73
0.34000000000000002442 0.76000000000000000888 0.00000000000000000000 0.50844327925502019738 0.00844327925502015054 0.00000000000000000000 73
0.34000000000000002442 0.78000000000000002665 0.00000000000000000000 0.50844327925502019738 0.00844327925502015054 0.00000000000000000000 73
0.34000000000000002442 0.80000000000000004441 0.00000000000000000000 0.50844327925502019738 0.00844327925502015054 0.00000000000000000000 83
0.34000000000000002442 0.82000000000000006217 0.00000000000000000000 0.50844327925502019738 0.00844327925502015054 0.00000000000000000000 83
0.34000000000000002442 0.83999999999999996891 0.00000000000000000000 0.50844327925502019738 0.00844327925502015054 0.00000000000000000000 83
0.34000000000000002442 0.85999999999999998668 0.00000000000000000000 0.50844327925502019738 0.00844327925502015054 0.00000000000000000000 83
0.34000000000000002442 0.88000000000000000444 0.00000000000000000000 0.50844327925502019738 0.00844327925502015054 0.00000000000000000000 83
0.34000000000000002442 0.90000000000000002220 0.00000000000000000000 0.50844327925502019738 0.00844327925502015054 0.00000000000000000000 93
0.34000000000000002442 0.92000000000000003997 0.00000000000000000000 0.50844327925502019738 0.00844327925502015054 0.00000000000000000000 93
0.34000000000000002442 0.94000000000000005773 0.00000000000000000000 0.50844327925502019738 0.00844327925502015054 0.00000000000000000000 93
0.34000000000000002442 0.95999999999999996447 0.00000000000000000000 0.50844327925502019738 0.00844327925502015054 0.00000000000000000000 93
0.34000000000000002442 0.97999999999999998224 0.00000000000000000000 0.50844327925502019738 0.00844327925502015054 0.00000000000000000000 93
0.34000000000000002442 1.00000000000000000000 0.00000000000000000000 0.50844327925502019738 0.00844327925502015054 0.00000000000000000000 93
0.35999999999999998668 0.00000000000000000000 0.00000000000000000000 0.50770513242775794360 0.00770513242775789243 0.00000000000000000000 3
0.35999999999999998668 0.02000000000000000042 0.00000000000000000000 0.50770513242775794360 0.00770513242775789243 0.00000000000000000000 3
0.35999999999999998668 0.04000000000000000083 0.00000000000000000000 0.50770513242775794360 0.00770513242775789243 0.00000000000000000000 3
0.35999999999999998668 0.05999999999999999778 0.00000000000000000000 0.50770513242775794360 0.00770513242775789243 0.00000000000000000000 3
0.35999999999999998668 0.08000000000000000167 0.00000000000000000000 0.50770513242775794360 0.00770513242775789243 0.00000000000000000000 3
0.35999999999999998668 0.10000000000000000555 0.00000000000000000000 0.50770513242775794360 0.00770513242775789243 0.00000000000000000000 13
0.35999999999999998668 0.11999999999999999556 0.00000000000000000000 0.50770513242775794360 0.00770513242775789243 0.00000000000000000000 13
0.35999999999999998668 0.14000000000000001332 0.00000000000000000000 0.50770513242775794360 0.00770513242775789243 0.00000000000000000000 13
0.35999999999999998668 0.16000000000000000333 0.00000000000000000000 0.50770513242775794360 0.00770513242775789243 0.00000000000000000000 13
0.35999999999999998668 0.17999999999999999334 0.00000000000000000000 0.50770513242775794360 0.00770513242775789243 0.00000000000000000000 13
0.35999999999999998668 0.20000000000000001110 0.00000000000000000000 0.50770513242775794360 0.00770513242775789243 0.00000000000000000000 23
0.35999999999999998668 0.22000000000000000111 0.00000000000000000000 0.50770513242775794360 0.00770513242775789243 0.00000000000000000000 23
0.35999999999999998668 0.23999999999999999112 0.00000000000000000000 0.50770513242775794360 0.00770513242775789243 0.00000000000000000000 23
0.35999999999999998668 0.26000000000000000888 0.00000000000000000000 -0.49229486757224211191 0.00770513242775789243 0.00000000000000000000 23
0.35999999999999998668 0.28000000000000002665 0.00000000000000000000 -0.49229486757224211191 0.00770513242775789243 0.00000000000000000000 23
0.35999999999999998668 0.29999999999999998890 0.00000000000000000000 -0.49229486757224211191 0.00770513242775789243 0.00000000000000000000 33
0.35999999999999998668 0.32000000000000000666 0.00000000000000000000 -0.49229486757224211191 0.00770513242775789243 0.00000000000000000000 33
0.35999999999999998668 0.34000000000000002442 0.00000000000000000000 -0.49229486757224211191 0.00770513242775789243 0.00000000000000000000 33
0.35999999999999998668 0.35999999999999998668 0.00000000000000000000 -0.49229486757224211191 0.00770513242775789243 0.00000000000000000000 33
0.35999999999999998668 0.38000000000000000444 0.00000000000000000000 -0.49229486757224211191 0.00770513242775789243 0.00000000000000000000 33
0.35999999999999998668 0.40000000000000002220 0.00000000000000000000 -0.49229486757224211191 0.00770513242775789243 0.00000000000000000000 43
0.35999999999999998668 0.41999999999999998446 0.00000000000000000000 -0.49229486757224211191 0.00770513242775789243 0.00000000000000000000 43
0.35999999999999998668 0.44000000000000000222 0.00000000000000000000 -0.49229486757224211191 0.00770513242775789243 0.00000000000000000000 43
0.35999999999999998668 0.46000000000000001998 0.00000000000000000000 -0.49229486757224211191 0.00770513242775789243 0.00000000000000000000 43
0.35999999999999998668 0.47999999999999998224 0.00000000000000000000 -0.49229486757224211191 0.00770513242775789243 0.00000000000000000000 43
0.35999999999999998668 0.50000000000000000000 0.00000000000000000000 -0.49229486757224211191 0.00770513242775789243 0.00000000000000000000 53
0.35999999999999998668 0.52000000000000001776 0.00000000000000000000 -0.49229486757224211191 0.00770513242775789243 0.00000000000000000000 53
0.35999999999999998668 0.54000000000000003553 0.00000000000000000000 -0.49229486757224211191 0.00770513242775789243 0.00000000000000000000 53
0.35999999999999998668 0.56000000000000005329 0.00000000000000000000 -0.49229486757224211191 0.00770513242775789243 0.00000000000000000000 53
0.35999999999999998668 0.57999999999999996003 0.00000000000000000000 -0.49229486757224211191 0.00770513242775789243 0.00000000000000000000 53
0.35999999999999998668 0.59999999999999997780 0.00000000000000000000 -0.49229486757224211191 0.00770513242775789243 0.00000000000000000000 63
0.35999999999999998668 0.61999999999999999556 0.00000000000000000000 -0.49229486757224211191 0.00770513242775789243 0.00000000000000000000 63
0.35999999999999998668 0.64000000000000001332 0.00000000000000000000 -0.49229486757224211191 0.00770513242775789243 0.00000000000000000000 63
0.35999999999999998668 0.66000000000000003109 0.00000000000000000000 -0.49229486757224211191 0.00770513242775789243 0.00000000000000000000 63
0.35999999999999998668 0.68000000000000004885 0.00000000000000000000 -0.49229486757224211191 0.00770513242775789243 0.00000000000000000000 63
0.35999999999999998668 0.70000000000000006661 0.00000000000000000000 -0.49229486757224211191 0.00770513242775789243 0.00000000000000000000 73
0.35999999999999998668 0.71999999999999997335 0.00000000000000000000 -0.49229486757224211191 0.00770513242775789243 0.00000000000000000000 73
0.35999999999999998668 0.73999999999999999112 0.00000000000000000000 -0.49229486757224211191 0.00770513242775789243 0.00000000000000000000 73
0.35999999999999998668 0.76000000000000000888 0.00000000000000000000 0.50770513242775794360 0.00770513242775789243 0.00000000000000000000 73
0.35999999999999998668 0.78000000000000002665 0.00000000000000000000 0.50770513242775794360 0.00770513242775789243 0.00000000000000000000 73
0.35999999999999998668 0.80000000000000004441 0.00000000000000000000 0.50770513242775794360 0.00770513242775789243 0.00000000000000000000 83
0.35999999999999998668 0.82000000000000006217 0.00000000000000000000 0.50770513242775794360 0.00770513242775789243 0.00000000000000000000 83
0.35999999999999998668 0.83999999999999996891 0.00000000000000000000 0.50770513242775794360 0.00770513242775789243 0.00000000000000000000 83
0.35999999999999998668 0.85999999999999998668 0.00000000000000000000 0.50770513242775794360 0.00770513242775789243 0.00000000000000000000 83
0.35999999999999998668 0.88000000000000000444 0.00000000000000000000 0.50770513242775794360 0.00770513242775789243 0.00000000000000000000 83
0.35999999999999998668 0.90000000000000002220 0.00000000000000000000 0.50770513242775794360 0.00770513242775789243 0.00000000000000000000 93
0.35999999999999998668 0.92000000000000003997 0.00000000000000000000 0.50770513242775794360 0.00770513242775789243 0.00000000000000000000 93
0.35999999999999998668 0.94000000000000005773 0.00000000000000000000 0.50770513242775794360 0.00770513242775789243 0.00000000000000000000 93
0.35999999999999998668 0.95999999999999996447 0.00000000000000000000 0.50770513242775794360 0.00770513242775789243 0.00000000000000000000 93
0.35999999999999998668 0.97999999999999998224 0.00000000000000000000 0.50770513242775794360 0.00770513242775789243 0.00000000000000000000 93
0.35999999999999998668 1.00000000000000000000 0.00000000000000000000 0.50770513242775794360 0.00770513242775789243 0.00000000000000000000 93
0.38000000000000000444 0.00000000000000000000 0.00000000000000000000 0.50684547105928690058 0.00684547105928688844 0.00000000000000000000 3
0.38000000000000000444 0.02000000000000000042 0.00000000000000000000 0.50684547105928690058 0.00684547105928688844 0.00000000000000000000 3
0.38000000000000000444 0.04000000000000000083 0.00000000000000000000 0.50684547105928690058 0.00684547105928688844 0.00000000000000000000 3
0.38000000000000000444 0.05999999999999999778 0.00000000000000000000 0.50684547105928690058 0.00684547105928688844 0.00000000000000000000 3
0.38000000000000000444 0.08000000000000000167 0.00000000000000000000 0.50684547105928690058 0.00684547105928688844 0.00000000000000000000 3
0.38000000000000000444 0.10000000000000000555 0.00000000000000000000 0.50684547105928690058 0.00684547105928688844 0.00000000000000000000 13
0.38000000000000000444 0.11999999999999999556 0.00000000000000000000 0.50684547105928690058 0.00684547105928688844 0.00000000000000000000 13
0.38000000000000000444 0.14000000000000001332 0.00000000000000000000 0.50684547105928690058 0.00684547105928688844 0.00000000000000000000 13
0.38000000000000000444 0.16000000000000000333 0.00000000000000000000 0.50684547105928690058 0.00684547105928688844 0.00000000000000000000 13
0.38000000000000000444 0.17999999999999999334 0.00000000000000000000 0.50684547105928690058 0.00684547105928688844 0.00000000000000000000 13
0.38000000000000000444 0.20000000000000001110 0.00000000000000000000 0.50684547105928690058 0.00684547105928688844 0.00000000000000000000 23
0.38000000000000000444 0.22000000000000000111 0.00000000000000000000 0.50684547105928690058 0.00684547105928688844 0.00000000000000000000 23
0.38000000000000000444 0.23999999999999999112 0.00000000000000000000 0.50684547105928690058 0.00684547105928688844 0.00000000000000000000 23
0.38000000000000000444 0.26000000000000000888 0.00000000000000000000 -0.49315452894071309942 0.00684547105928688844 0.00000000000000000000 23
0.38000000000000000444 0.28000000000000002665 0.00000000000000000000 -0.49315452894071309942 0.00684547105928688844 0.00000000000000000000 23
0.38000000000000000444 0.29999999999999998890 0.00000000000000000000 -0.49315452894071309942 0.00684547105928688844 0.00000000000000000000 33
0.38000000000000000444 0.32000000000000000666 0.00000000000000000000 -0.49315452894071309942 0.00684547105928688844 0.00000000000000000000 33
0.38000000000000000444 0.34000000000000002442 0.00000000000000000000 -0.49315452894071309942 0.00684547105928688844 0.00000000000000000000 33
0.38000000000000000444 0.35999999999999998668 0.00000000000000000000 -0.49315452894071309942 0.00684547105928688844 0.00000000000000000000 33
0.38000000000000000444 0.38000000000000000444 0.00000000000000000000 -0.49315452894071309942 0.00684547105928688844 0.00000000000000000000 33
0.38000000000000000444 0.40000000000000002220 0.00000000000000000000 -0.49315452894071309942 0.00684547105928688844 0.00000000000000000000 43
0.38000000000000000444 0.41999999999999998446 0.00000000000000000000 -0.49315452894071309942 0.00684547105928688844 0.00000000000000000000 43
0.38000000000000000444 0.44000000000000000222 0.00000000000000000000 -0.49315452894071309942 0.00684547105928688844 0.00000000000000000000 43
0.38000000000000000444 0.46000000000000001998 0.00000000000000000000 -0.49315452894071309942 0.00684547105928688844 0.00000000000000000000 43
0.38000000000000000444 0.47999999999999998224 0.00000000000000000000 -0.49315452894071309942 0.00684547105928688844 0.00000000000000000000 43
0.38000000000000000444 0.50000000000000000000 0.00000000000000000000 -0.49315452894071309942 0.00684547105928688844 0.00000000000000000000 53
0.38000000000000000444 0.52000000000000001776 0.00000000000000000000 -0.49315452894071309942 0.00684547105928688844 0.00000000000000000000 53
0.38000000000000000444 0.54000000000000003553 0.00000000000000000000 -0.49315452894071309942 0.00684547105928688844 0.00000000000000000000 53
0.38000000000000000444 0.56000000000000005329 0.00000000000000000000 -0.49315452894071309942 0.00684547105928688844 0.00000000000000000000 53
0.38000000000000000444 0.57999999999999996003 0.00000000000000000000 -0.49315452894071309942 0.00684547105928688844 0.00000000000000000000 53
0.38000000000000000444 0.59999999999999997780 0.00000000000000000000 -0.49315452894071309942 0.00684547105928688844 0.00000000000000000000 63
0.38000000000000000444 0.61999999999999999556 0.00000000000000000000 -0.49315452894071309942 0.00684547105928688844 0.00000000000000000000 63
0.38000000000000000444 0.64000000000000001332 0.00000000000000000000 -0.49315452894071309942 0.00684547105928688844 0.00000000000000000000 63
0.38000000000000000444 0.66000000000000003109 0.00000000000000000000 -0.49315452894071309942 0.00684547105928688844 0.00000000000000000000 63
0.38000000000000000444 0.68000000000000004885 0.00000000000000000000 -0.49315452894071309942 0.00684547105928688844 0.00000000000000000000 63
0.38000000000000000444 0.70000000000000006661 0.00000000000000000000 -0.49315452894071309942 0.00684547105928688844 0.00000000000000000000 73
0.38000000000000000444 0.71999999999999997335 0.00000000000000000000 -0.49315452894071309942 0.00684547105928688844 0.00000000000000000000 73
0.38000000000000000444 0.73999999999999999112 0.00000000000000000000 -0.49315452894071309942 0.00684547105928688844 0.00000000000000000000 73
0.38000000000000000444 0.76000000000000000888 0.00000000000000000000 0.50684547105928690058 0.00684547105928688844 0.00000000000000000000 73
0.38000000000000000444 0.78000000000000002665 0.00000000000000000000 0.50684547105928690058 0.00684547105928688844 0.00000000000000000000 73
0.38000000000000000444 0.80000000000000004441 0.00000000000000000000 0.50684547105928690058 0.00684547105928688844 0.00000000000000000000 83
0.38000000000000000444 0.82000000000000006217 0.00000000000000000000 0.50684547105928690058 0.00684547105928688844 0.00000000000000000000 83
0.38000000000000000444 0.83999999999999996891 0.00000000000000000000 0.50684547105928690058 0.00684547105928688844 0.00000000000000000000 83
0.38000000000000000444 0.85999999999999998668 0.00000000000000000000 0.50684547105928690058 0.00684547105928688844 0.00000000000000000000 83
0.38000000000000000444 0.88000000000000000444 0.00000000000000000000 0.50684547105928690058 0.00684547105928688844 0.00000000000000000000 83
0.38000000000000000444 0.90000000000000002220 0.00000000000000000000 0.50684547105928690058 0.00684547105928688844 0.00000000000000000000 93
0.38000000000000000444 0.92000000000000003997 0.00000000000000000000 0.50684547105928690058 0.00684547105928688844 0.00000000000000000000 93
0.38000000000000000444 0.94000000000000005773 0.00000000000000000000 0.50684547105928690058 0.00684547105928688844 0.00000000000000000000 93
0.38000000000000000444 0.95999999999999996447 0.00000000000000000000 0.50684547105928690058 0.00684547105928688844 0.00000000000000000000 93
0.38000000000000000444 0.97999999999999998224 0.00000000000000000000 0.50684547105928690058 0.00684547105928688844 0.00000000000000000000 93
0.38000000000000000444 1.00000000000000000000 0.00000000000000000000 0.50684547105928690058 0.00684547105928688844 0.00000000000000000000 93
0.40000000000000002220 0.00000000000000000000 0.00000000000000000000 0.50587785252292472027 0.00587785252292473241 0.00000000000000000000 4
0.40000000000000002220 0.02000000000000000042 0.00000000000000000000 0.50587785252292472027 0.00587785252292473241 0.00000000000000000000 4
0.40000000000000002220 0.04000000000000000083 0.00000000000000000000 0.50587785252292472027 0.00587785252292473241 0.00000000000000000000 4
0.40000000000000002220 0.05999999999999999778 0.00000000000000000000 0.50587785252292472027 0.00587785252292473241 0.00000000000000000000 4
0.40000000000000002220 0.08000000000000000167 0.00000000000000000000 0.50587785252292472027 0.00587785252292473241 0.00000000000000000000 4
0.40000000000000002220 0.10000000000000000555 0.00000000000000000000 0.50587785252292472027 0.00587785252292473241 0.00000000000000000000 14
0.40000000000000002220 0.11999999999999999556 0.00000000000000000000 0.50587785252292472027 0.00587785252292473241 0.00000000000000000000 14
0.40000000000000002220 0.14000000000000001332 0.00000000000000000000 0.50587785252292472027 0.00587785252292473241 0.00000000000000000000 14
0.40000000000000002220 0.16000000000000000333 0.00000000000000000000 0.50587785252292472027 0.00587785252292473241 0.00000000000000000000 14
0.40000000000000002220 0.17999999999999999334 0.00000000000000000000 0.50587785252292472027 0.00587785252292473241 0.00000000000000000000 14
0.40000000000000002220 0.20000000000000001110 0.00000000000000000000 0.50587785252292472027 0.00587785252292473241 0.00000000000000000000 24
0.40000000000000002220 0.22000000000000000111 0.00000000000000000000 0.50587785252292472027 0.00587785252292473241 0.00000000000000000000 24
0.40000000000000002220 0.23999999999999999112 0.00000000000000000000 0.50587785252292472027 0.00587785252292473241 0.00000000000000000000 24
0.40000000000000002220 0.26000000000000000888 0.00000000000000000000 -0.49412214747707527973 0.00587785252292473241 0.00000000000000000000 24
0.40000000000000002220 0.28000000000000002665 0.00000000000000000000 -0.49412214747707527973 0.00587785252292473241 0.00000000000000000000 24
0.40000000000000002220 0.29999999999999998890 0.00000000000000000000 -0.49412214747707527973 0.00587785252292473241 0.00000000000000000000 34
0.40000000000000002220 0.32000000000000000666 0.00000000000000000000 -0.49412214747707527973 0.00587785252292473241 0.00000000000000000000 34
0.40000000000000002220 0.34000000000000002442 0.00000000000000000000 -0.49412214747707527973 0.00587785252292473241 0.00000000000000000000 34
0.40000000000000002220 0.35999999999999998668 0.00000000000000000000 -0.49412214747707527973 0.00587785252292473241 0.00000000000000000000 34
0.40000000000000002220 0.38000000000000000444 0.00000000000000000000 -0.49412214747707527973 0.00587785252292473241 0.00000000000000000000 34
0.40000000000000002220 0.40000000000000002220 0.00000000000000000000 -0.49412214747707527973 0.00587785252292473241 0.00000000000000000000 44
0.40000000000000002220 0.41999999999999998446 0.00000000000000000000 -0.49412214747707527973 0.00587785252292473241 0.00000000000000000000 44
0.40000000000000002220 0.44000000000000000222 0.00000000000000000000 -0.49412214747707527973 0.00587785252292473241 0.00000000000000000000 44
0.40000000000000002220 0.46000000000000001998 0.00000000000000000000 -0.49412214747707527973 0.00587785252292473241 0.00000000000000000000 44
0.40000000000000002220 0.47999999999999998224 0.00000000000000000000 -0.49412214747707527973 0.00587785252292473241 0.00000000000000000000 44
0.40000000000000002220 0.50000000000000000000 0.00000000000000000000 -0.49412214747707527973 0.00587785252292473241 0.00000000000000000000 54
0.40000000000000002220 0.52000000000000001776 0.00000000000000000000 -0.49412214747707527973 0.00587785252292473241 0.00000000000000000000 54
0.40000000000000002220 0.54000000000000003553 0.00000000000000000000 -0.49412214747707527973 0.00587785252292473241 0.00000000000000000000 54
0.40000000000000002220 0.56000000000000005329 0.00000000000000000000 -0.49412214747707527973 0.00587785252292473241 0.00000000000000000000 54
0.40000000000000002220 0.57999999999999996003 0.00000000000000000000 -0.49412214747707527973 0.00587785252292473241 0.00000000000000000000 54
0.40000000000000002220 0.59999999999999997780 0.00000000000000000000 -0.49412214747707527973 0.00587785252292473241 0.00000000000000000000 64
0.40000000000000002220 0.61999999999999999556 0.00000000000000000000 -0.49412214747707527973 0.00587785252292473241 0.00000000000000000000 64
0.40000000000000002220 0.64000000000000001332 0.00000000000000000000 -0.49412214747707527973 0.00587785252292473241 0.00000000000000000000 64
0.40000000000000002220 0.66000000000000003109 0.00000000000000000000 -0.49412214747707527973 0.00587785252292473241 0.00000000000000000000 64
0.40000000000000002220 0.68000000000000004885 0.00000000000000000000 -0.49412214747707527973 0.00587785252292473241 0.00000000000000000000 64
0.40000000000000002220 0.70000000000000006661 0.00000000000000000000 -0.49412214747707527973 0.00587785252292473241 0.00000000000000000000 74
0.40000000000000002220 0.71999999999999997335 0.00000000000000000000 -0.49412214747707527973 0.00587785252292473241 0.00000000000000000000 74
0.40000000000000002220 0.73999999999999999112 0.00000000000000000000 -0.49412214747707527973 0.00587785252292473241 0.00000000000000000000 74
0.40000000000000002220 0.76000000000000000888 0.00000000000000000000 0.50587785252292472027 0.00587785252292473241 0.00000000000000000000 74
0.40000000000000002220 0.78000000000000002665 0.00000000000000000000 0.50587785252292472027 0.00587785252292473241 0.00000000000000000000 74
0.40000000000000002220 0.80000000000000004441 0.00000000000000000000 0.50587785252292472027 0.00587785252292473241 0.00000000000000000000 84
0.40000000000000002220 0.82000000000000006217 0.00000000000000000000 0.50587785252292472027 0.00587785252292473241 0.00000000000000000000 84
0.40000000000000002220 0.83999999999999996891 0.00000000000000000000 0.50587785252292472027 0.00587785252292473241 0.00000000000000000000 84
0.40000000000000002220 0.85999999999999998668 0.00000000000000000000 0.50587785252292472027 0.00587785252292473241 0.00000000000000000000 84
0.40000000000000002220 0.88000000000000000444 0.00000000000000000000 0.50587785252292472027 0.00587785252292473241 0.00000000000000000000 84
0.40000000000000002220 0.90000000000000002220 0.00000000000000000000 0.50587785252292472027 0.00587785252292473241 0.00000000000000000000 94
0.40000000000000002220 0.92000000000000003997 0.00000000000000000000 0.50587785252292472027 0.00587785252292473241 0.00000000000000000000 94
0.40000000000000002220 0.94000000000000005773 0.00000000000000000000 0.50587785252292472027 0.00587785252292473241 0.00000000000000000000 94
0.40000000000000002220 0.95999999999999996447 0.00000000000000000000 0.50587785252292472027 0.00587785252292473241 0.00000000000000000000 94
0.40000000000000002220 0.97999999999999998224 0.00000000000000000000 0.50587785252292472027 0.00587785252292473241 0.00000000000000000000 94
0.40000000000000002220 1.00000000000000000000 0.00000000000000000000 0.50587785252292472027 0.00587785252292473241 0.00000000000000000000 94
0.41999999999999998446 0.00000000000000000000 0.00000000000000000000 0.50481753674101714768 0.00481753674101715636 0.00000000000000000000 4
0.41999999999999998446 0.02000000000000000042 0.00000000000000000000 0.50481753674101714768 0.00481753674101715636 0.00000000000000000000 4
0.41999999999999998446 0.04000000000000000083 0.00000000000000000000 0.50481753674101714768 0.00481753674101715636 0.00000000000000000000 4
0.41999999999999998446 0.05999999999999999778 0.00000000000000000000 0.50481753674101714768 0.00481753674101715636 0.00000000000000000000 4
0.41999999999999998446 0.08000000000000000167 0.00000000000000000000 0.50481753674101714768 0.00481753674101715636 0.00000000000000000000 4
0.41999999999999998446 0.10000000000000000555 0.00000000000000000000 0.50481753674101714768 0.00481753674101715636 0.00000000000000000000 14
0.41999999999999998446 0.11999999999999999556 0.00000000000000000000 0.50481753674101714768 0.00481753674101715636 0.00000000000000000000 14
0.41999999999999998446 0.14000000000000001332 0.00000000000000000000 0.50481753674101714768 0.00481753674101715636 0.00000000000000000000 14
0.41999999999999998446 0.16000000000000000333 0.00000000000000000000 0.50481753674101714768 0.00481753674101715636 0.00000000000000000000 14
0.41999999999999998446 0.17999999999999999334 0.00000000000000000000 0.50481753674101714768 0.00481753674101715636 0.00000000000000000000 14
0.41999999999999998446 0.20000000000000001110 0.00000000000000000000 0.50481753674101714768 0.00481753674101715636 0.00000000000000000000 24
0.41999999999999998446 0.22000000000000000111 0.00000000000000000000 0.50481753674101714768 0.00481753674101715636 0.00000000000000000000 24
0.41999999999999998446 0.23999999999999999112 0.00000000000000000000 0.50481753674101714768 0.00481753674101715636 0.00000000000000000000 24
0.41999999999999998446 0.26000000000000000888 0.00000000000000000000 -0.49518246325898285232 0.00481753674101715636 0.00000000000000000000 24
0.41999999999999998446 0.28000000000000002665 0.00000000000000000000 -0.49518246325898285232 0.00481753674101715636 0.00000000000000000000 24
0.41999999999999998446 0.29999999999999998890 0.00000000000000000000 -0.49518246325898285232 0.00481753674101715636 0.00000000000000000000 34
0.41999999999999998446 0.32000000000000000666 0.00000000000000000000 -0.49518246325898285232 0.00481753674101715636 0.00000000000000000000 34
0.41999999999999998446 0.34000000000000002442 0.00000000000000000000 -0.49518246325898285232 0.00481753674101715636 0.00000000000000000000 34
0.41999999999999998446 0.35999999999999998668 0.00000000000000000000 -0.49518246325898285232 0.00481753674101715636 0.00000000000000000000 34
0.41999999999999998446 0.38000000000000000444 0.00000000000000000000 -0.49518246325898285232 0.00481753674101715636 0.00000000000000000000 34
0.41999999999999998446 0.40000000000000002220 0.00000000000000000000 -0.49518246325898285232 0.00481753674101715636 0.00000000000000000000 44
0.41999999999999998446 0.41999999999999998446 0.00000000000000000000 -0.49518246325898285232 0.00481753674101715636 0.00000000000000000000 44
0.41999999999999998446 0.44000000000000000222 0.00000000000000000000 -0.49518246325898285232 0.00481753674101715636 0.00000000000000000000 44
0.41999999999999998446 0.46000000000000001998 0.00000000000000000000 -0.49518246325898285232 0.00481753674101715636 0.00000000000000000000 44
0.41999999999999998446 0.47999999999999998224 0.00000000000000000000 -0.49518246325898285232 0.00481753674101715636 0.00000000000000000000 44
0.41999999999999998446 0.50000000000000000000 0.00000000000000000000 -0.49518246325898285232 0.00481753674101715636 0.00000000000000000000 54
0.41999999999999998446 0.52000000000000001776 0.00000000000000000000 -0.49518246325898285232 0.00481753674101715636 0.00000000000000000000 54
0.41999999999999998446 0.54000000000000003553 0.00000000000000000000 -0.49518246325898285232 0.00481753674101715636 0.00000000000000000000 54
0.41999999999999998446 0.56000000000000005329 0.00000000000000000000 -0.49518246325898285232 0.00481753674101715636 0.00000000000000000000 54
0.41999999999999998446 0.57999999999999996003 0.00000000000000000000 -0.49518246325898285232 0.00481753674101715636 0.00000000000000000000 54
0.41999999999999998446 0.59999999999999997780 0.00000000000000000000 -0.49518246325898285232 0.00481753674101715636 0.00000000000000000000 64
0.41999999999999998446 0.61999999999999999556 0.00000000000000000000 -0.49518246325898285232 0.00481753674101715636 0.00000000000000000000 64
0.41999999999999998446 0.64000000000000001332 0.00000000000000000000 -0.49518246325898285232 0.00481753674101715636 0.00000000000000000000 64
0.41999999999999998446 0.66000000000000003109 0.00000000000000000000 -0.49518246325898285232 0.00481753674101715636 0.00000000000000000000 64
0.41999999999999998446 0.68000000000000004885 0.00000000000000000000 -0.49518246325898285232 0.00481753674101715636 0.00000000000000000000 64
0.41999999999999998446 0.70000000000000006661 0.00000000000000000000 -0.49518246325898285232 0.00481753674101715636 0.00000000000000000000 74
0.41999999999999998446 0.71999999999999997335 0.00000000000000000000 -0.49518246325898285232 0.00481753674101715636 0.00000000000000000000 74
0.41999999999999998446 0.73999999999999999112 0.00000000000000000000 -0.49518246325898285232 0.00481753674101715636 0.00000000000000000000 74
0.41999999999999998446 0.76000000000000000888 0.00000000000000000000 0.50481753674101714768 0.00481753674101715636 0.00000000000000000000 74
0.41999999999999998446 0.78000000000000002665 0.00000000000000000000 0.50481753674101714768 0.00481753674101715636 0.00000000000000000000 74
0.41999999999999998446 0.80000000000000004441 0.00000000000000000000 0.50481753674101714768 0.00481753674101715636 0.00000000000000000000 84
0.41999999999999998446 0.82000000000000006217 0.00000000000000000000 0.50481753674101714768 0.00481753674101715636 0.00000000000000000000 84
0.41999999999999998446 0.83999999999999996891 0.00000000000000000000 0.50481753674101714768 0.00481753674101715636 0.00000000000000000000 84
0.41999999999999998446 0.85999999999999998668 0.00000000000000000000 0.50481753674101714768 0.00481753674101715636 0.00000000000000000000 84
0.41999999999999998446 0.88000000000000000444 0.00000000000000000000 0.50481753674101714768 0.00481753674101715636 0.00000000000000000000 84
0.41999999999999998446 0.90000000000000002220 0.00000000000000000000 0.50481753674101714768 0.00481753674101715636 0.00000000000000000000 94
0.41999999999999998446 0.92000000000000003997 0.00000000000000000000 0.50481753674101714768 0.00481753674101715636 0.00000000000000000000 94
0.41999999999999998446 0.94000000000000005773 0.00000000000000000000 0.50481753674101714768 0.00481753674101715636 0.00000000000000000000 94
0.41999999999999998446 0.95999999999999996447 0.00000000000000000000 0.50481753674101714768 0.00481753674101715636 0.00000000000000000000 94
0.41999999999999998446 0.97999999999999998224 0.00000000000000000000 0.50481753674101714768 0.00481753674101715636 0.00000000000000000000 94
0.41999999999999998446 1.00000000000000000000 0.00000000000000000000 0.50481753674101714768 0.00481753674101715636 0.00000000000000000000 94
0.44000000000000000222 0.00000000000000000000 0.00000000000000000000 0.50368124552684678807 0.00368124552684678157 0.00000000000000000000 4
0.44000000000000000222 0.02000000000000000042 0.00000000000000000000 0.50368124552684678807 0.00368124552684678157 0.00000000000000000000 4
0.44000000000000000222 0.04000000000000000083 0.00000000000000000000 0.50368124552684678807 0.00368124552684678157 0.00000000000000000000 4
0.44000000000000000222 0.05999999999999999778 0.00000000000000000000 0.50368124552684678807 0.00368124552684678157 0.00000000000000000000 4
0.44000000000000000222 0.08000000000000000167 0.00000000000000000000 0.50368124552684678807 0.00368124552684678157 0.00000000000000000000 4
0.44000000000000000222 0.10000000000000000555 0.00000000000000000000 0.50368124552684678807 0.00368124552684678157 0.00000000000000000000 14
0.44000000000000000222 0.11999999999999999556 0.00000000000000000000 0.50368124552684678807 0.00368124552684678157 0.00000000000000000000 14
0.44000000000000000222 0.14000000000000001332 0.00000000000000000000 0.50368124552684678807 0.00368124552684678157 0.00000000000000000000 14
0.44000000000000000222 0.16000000000000000333 0.00000000000000000000 0.50368124552684678807 0.00368124552684678157 0.00000000000000000000 14
0.44000000000000000222 0.17999999999999999334 0.00000000000000000000 0.50368124552684678807 0.00368124552684678157 0.00000000000000000000 14
0.44000000000000000222 0.20000000000000001110 0.00000000000000000000 0.50368124552684678807 0.00368124552684678157 0.00000000000000000000 24
0.44000000000000000222 0.22000000000000000111 0.00000000000000000000 0.50368124552684678807 0.00368124552684678157 0.00000000000000000000 24
0.44000000000000000222 0.23999999999999999112 0.00000000000000000000 0.50368124552684678807 0.00368124552684678157 0.00000000000000000000 24
0.44000000000000000222 0.26000000000000000888 0.00000000000000000000 -0.49631875447315321193 0.00368124552684678157 0.00000000000000000000 24
0.44000000000000000222 0.28000000000000002665 0.00000000000000000000 -0.49631875447315321193 0.00368124552684678157 0.00000000000000000000 24
0.44000000000000000222 0.29999999999999998890 0.00000000000000000000 -0.49631875447315321193 0.00368124552684678157 0.00000000000000000000 34
0.44000000000000000222 0.32000000000000000666 0.00000000000000000000 -0.49631875447315321193 0.00368124552684678157 0.00000000000000000000 34
0.44000000000000000222 0.34000000000000002442 0.00000000000000000000 -0.49631875447315321193 0.00368124552684678157 0.00000000000000000000 34
0.44000000000000000222 0.35999999999999998668 0.00000000000000000000 -0.49631875447315321193 0.00368124552684678157 0.00000000000000000000 34
0.44000000000000000222 0.38000000000000000444 0.00000000000000000000 -0.49631875447315321193 0.00368124552684678157 0.00000000000000000000 34
0.44000000000000000222 0.40000000000000002220 0.00000000000000000000 -0.49631875447315321193 0.00368124552684678157 0.00000000000000000000 44
0.44000000000000000222 0.41999999999999998446 0.00000000000000000000 -0.49631875447315321193 0.00368124552684678157 0.00000000000000000000 44
0.44000000000000000222 0.44000000000000000222 0.00000000000000000000 -0.49631875447315321193 0.00368124552684678157 0.00000000000000000000 44
0.44000000000000000222 0.46000000000000001998 0.00000000000000000000 -0.49631875447315321193 0.00368124552684678157 0.00000000000000000000 44
0.44000000000000000222 0.47999999999999998224 0.00000000000000000000 -0.49631875447315321193 0.00368124552684678157 0.00000000000000000000 44
0.44000000000000000222 0.50000000000000000000 0.00000000000000000000 -0.49631875447315321193 0.00368124552684678157 0.00000000000000000000 54
0.44000000000000000222 0.52000000000000001776 0.00000000000000000000 -0.49631875447315321193 0.00368124552684678157 0.00000000000000000000 54
0.44000000000000000222 0.54000000000000003553 0.00000000000000000000 -0.49631875447315321193 0.00368124552684678157 0.00000000000000000000 54
0.44000000000000000222 0.56000000000000005329 0.00000000000000000000 -0.49631875447315321193 0.00368124552684678157 0.00000000000000000000 54
0.44000000000000000222 0.57999999999999996003 0.00000000000000000000 -0.49631875447315321193 0.00368124552684678157 0.00000000000000000000 54
0.44000000000000000222 0.59999999999999997780 0.00000000000000000000 -0.49631875447315321193 0.00368124552684678157 0.00000000000000000000 64
0.44000000000000000222 0.61999999999999999556 0.00000000000000000000 -0.49631875447315321193 0.00368124552684678157 0.00000000000000000000 64
0.44000000000000000222 0.64000000000000001332 0.00000000000000000000 -0.49631875447315321193 0.00368124552684678157 0.00000000000000000000 64
0.44000000000000000222 0.66000000000000003109 0.00000000000000000000 -0.49631875447315321193 0.00368124552684678157 0.00000000000000000000 64
0.44000000000000000222 0.68000000000000004885 0.00000000000000000000 -0.49631875447315321193 0.00368124552684678157 0.00000000000000000000 64
0.44000000000000000222 0.70000000000000006661 0.00000000000000000000 -0.49631875447315321193 0.00368124552684678157 0.00000000000000000000 74
0.44000000000000000222 0.71999999999999997335 0.00000000000000000000 -0.49631875447315321193 0.00368124552684678157 0.00000000000000000000 74
0.44000000000000000222 0.73999999999999999112 0.00000000000000000000 -0.49631875447315321193 0.00368124552684678157 0.00000000000000000000 74
0.44000000000000000222 0.76000000000000000888 0.00000000000000000000 0.50368124552684678807 0.00368124552684678157 0.00000000000000000000 74
0.44000000000000000222 0.78000000000000002665 0.00000000000000000000 0.50368124552684678807 0.00368124552684678157 0.00000000000000000000 74
0.44000000000000000222 0.80000000000000004441 0.00000000000000000000 0.50368124552684678807 0.00368124552684678157 0.00000000000000000000 84
0.44000000000000000222 0.82000000000000006217 0.00000000000000000000 0.50368124552684678807 0.00368124552684678157 0.00000000000000000000 84
0.44000000000000000222 0.83999999999999996891 0.00000000000000000000 0.50368124552684678807 0.00368124552684678157 0.00000000000000000000 84
0.44000000000000000222 0.85999999999999998668 0.00000000000000000000 0.50368124552684678807 0.00368124552684678157 0.00000000000000000000 84
0.44000000000000000222 0.88000000000000000444 0.00000000000000000000 0.50368124552684678807 0.00368124552684678157 0.00000000000000000000 84
0.44000000000000000222 0.90000000000000002220 0.00000000000000000000 0.50368124552684678807 0.00368124552684678157 0.00000000000000000000 94
0.44000000000000000222 0.92000000000000003997 0.00000000000000000000 0.50368124552684678807 0.00368124552684678157 0.00000000000000000000 94
0.44000000000000000222 0.94000000000000005773 0.00000000000000000000 0.50368124552684678807 0.00368124552684678157 0.00000000000000000000 94
0.44000000000000000222 0.95999999999999996447 0.00000000000000000000 0.50368124552684678807 0.00368124552684678157 0.00000000000000000000 94
0.44000000000000000222 0.97999999999999998224 0.00000000000000000000 0.50368124552684678807 0.00368124552684678157 0.00000000000000000000 94
0.44000000000000000222 1.00000000000000000000 0.00000000000000000000 0.50368124552684678807 0.00368124552684678157 0.00000000000000000000 94
0.46000000000000001998 0.00000000000000000000 0.00000000000000000000 0.50248689887164854628 0.00248689887164854845 0.00000000000000000000 4
0.46000000000000001998 0.02000000000000000042 0.00000000000000000000 0.50248689887164854628 0.00248689887164854845 0.00000000000000000000 4
0.46000000000000001998 0.04000000000000000083 0.00000000000000000000 0.50248689887164854628 0.00248689887164854845 0.00000000000000000000 4
0.46000000000000001998 0.05999999999999999778 0.00000000000000000000 0.50248689887164854628 0.00248689887164854845 0.00000000000000000000 4
0.46000000000000001998 0.08000000000000000167 0.00000000000000000000 0.50248689887164854628 0.00248689887164854845 0.00000000000000000000 4
0.46000000000000001998 0.10000000000000000555 0.00000000000000000000 0.50248689887164854628 0.00248689887164854845 0.00000000000000000000 14
0.46000000000000001998 0.11999999999999999556 0.00000000000000000000 0.50248689887164854628 0.00248689887164854845 0.00000000000000000000 14
0.46000000000000001998 0.14000000000000001332 0.00000000000000000000 0.50248689887164854628 0.00248689887164854845 0.00000000000000000000 14
0.46000000000000001998 0.16000000000000000333 0.00000000000000000000 0.50248689887164854628 0.00248689887164854845 0.00000000000000000000 14
0.46000000000000001998 0.17999999999999999334 0.00000000000000000000 0.50248689887164854628 0.00248689887164854845 0.00000000000000000000 14
0.46000000000000001998 0.20000000000000001110 0.00000000000000000000 0.50248689887164854628 0.00248689887164854845 0.00000000000000000000 24
0.46000000000000001998 0.22000000000000000111 0.00000000000000000000 0.50248689887164854628 0.00248689887164854845 0.00000000000000000000 24
0.46000000000000001998 0.23999999999999999112 0.00000000000000000000 0.50248689887164854628 0.00248689887164854845 0.00000000000000000000 24
0.46000000000000001998 0.26000000000000000888 0.00000000000000000000 -0.49751310112835145372 0.00248689887164854845 0.00000000000000000000 24
0.46000000000000001998 0.28000000000000002665 0.00000000000000000000 -0.49751310112835145372 0.00248689887164854845 0.00000000000000000000 24
0.46000000000000001998 0.29999999999999998890 0.00000000000000000000 -0.49751310112835145372 0.00248689887164854845 0.00000000000000000000 34
0.46000000000000001998 0.32000000000000000666 0.00000000000000000000 -0.49751310112835145372 0.00248689887164854845 0.00000000000000000000 34
0.46000000000000001998 0.34000000000000002442 0.00000000000000000000 -0.49751310112835145372 0.00248689887164854845 0.00000000000000000000 34
0.46000000000000001998 0.35999999999999998668 0.00000000000000000000 -0.49751310112835145372 0.00248689887164854845 0.00000000000000000000 34
0.46000000000000001998 0.38000000000000000444 0.00000000000000000000 -0.49751310112835145372 0.00248689887164854845 0.00000000000000000000 34
0.46000000000000001998 0.40000000000000002220 0.00000000000000000000 -0.49751310112835145372 0.00248689887164854845 0.00000000000000000000 44
0.46000000000000001998 0.41999999999999998446 0.00000000000000000000 -0.49751310112835145372 0.00248689887164854845 0.00000000000000000000 44
0.46000000000000001998 0.44000000000000000222 0.00000000000000000000 -0.49751310112835145372 0.00248689887164854845 0.00000000000000000000 44
0.46000000000000001998 0.46000000000000001998 0.00000000000000000000 -0.49751310112835145372 0.00248689887164854845 0.00000000000000000000 44
0.46000000000000001998 0.47999999999999998224 0.00000000000000000000 -0.49751310112835145372 0.00248689887164854845 0.00000000000000000000 44
0.46000000000000001998 0.50000000000000000000 0.00000000000000000000 -0.49751310112835145372 0.00248689887164854845 0.00000000000000000000 54
0.46000000000000001998 0.52000000000000001776 0.00000000000000000000 -0.49751310112835145372 0.00248689887164854845 0.00000000000000000000 54
0.46000000000000001998 0.54000000000000003553 0.00000000000000000000 -0.49751310112835145372 0.00248689887164854845 0.00000000000000000000 54
0.46000000000000001998 0.56000000000000005329 0.00000000000000000000 -0.49751310112835145372 0.00248689887164854845 0.00000000000000000000 54
0.46000000000000001998 0.57999999999999996003 0.00000000000000000000 -0.49751310112835145372 0.00248689887164854845 0.00000000000000000000 54
0.46000000000000001998 0.59999999999999997780 0.00000000000000000000 -0.49751310112835145372 0.00248689887164854845 0.00000000000000000000 64
0.46000000000000001998 0.61999999999999999556 0.00000000000000000000 -0.49751310112835145372 0.00248689887164854845 0.00000000000000000000 64
0.46000000000000001998 0.64000000000000001332 0.00000000000000000000 -0.49751310112835145372 0.00248689887164854845 0.00000000000000000000 64
0.46000000000000001998 0.66000000000000003109 0.00000000000000000000 -0.49751310112835145372 0.00248689887164854845 0.00000000000000000000 64
0.46000000000000001998 0.68000000000000004885 0.00000000000000000000 -0.49751310112835145372 0.00248689887164854845 0.00000000000000000000 64
0.46000000000000001998 0.70000000000000006661 0.00000000000000000000 -0.49751310112835145372 0.00248689887164854845 0.00000000000000000000 74
0.46000000000000001998 0.71999999999999997335 0.00000000000000000000 -0.49751310112835145372 0.00248689887164854845 0.00000000000000000000 74
0.46000000000000001998 0.73999999999999999112 0.00000000000000000000 -0.49751310112835145372 0.00248689887164854845 0.00000000000000000000 74
0.46000000000000001998 0.76000000000000000888 0.00000000000000000000 0.50248689887164854628 0.00248689887164854845 0.00000000000000000000 74
0.46000000000000001998 0.78000000000000002665 0.00000000000000000000 0.50248689887164854628 0.00248689887164854845 0.00000000000000000000 74
0.46000000000000001998 0.80000000000000004441 0.00000000000000000000 0.50248689887164854628 0.00248689887164854845 0.00000000000000000000 84
0.46000000000000001998 0.82000000000000006217 0.00000000000000000000 0.50248689887164854628 0.00248689887164854845 0.00000000000000000000 84
0.46000000000000001998 0.83999999999999996891 0.00000000000000000000 0.50248689887164854628 0.00248689887164854845 0.00000000000000000000 84
0.46000000000000001998 0.85999999999999998668 0.00000000000000000000 0.50248689887164854628 0.00248689887164854845 0.00000000000000000000 84
0.46000000000000001998 0.88000000000000000444 0.00000000000000000000 0.50248689887164854628 0.00248689887164854845 0.00000000000000000000 84
0.46000000000000001998 0.90000000000000002220 0.00000000000000000000 0.50248689887164854628 0.00248689887164854845 0.00000000000000000000 94
0.46000000000000001998 0.92000000000000003997 0.00000000000000000000 0.50248689887164854628 0.00248689887164854845 0.00000000000000000000 94
0.46000000000000001998 0.94000000000000005773 0.00000000000000000000 0.50248689887164854628 0.00248689887164854845 0.00000000000000000000 94
0.46000000000000001998 0.95999999999999996447 0.00000000000000000000 0.50248689887164854628 0.00248689887164854845 0.00000000000000000000 94
0.46000000000000001998 0.97999999999999998224 0.00000000000000000000 0.50248689887164854628 0.00248689887164854845 0.00000000000000000000 94
0.46000000000000001998 1.00000000000000000000 0.00000000000000000000 0.50248689887164854628 0.00248689887164854845 0.00000000000000000000 94
0.47999999999999998224 0.00000000000000000000 0.00000000000000000000 0.50125333233564306479 0.00125333233564304549 0.00000000000000000000 4
0.47999999999999998224 0.02000000000000000042 0.00000000000000000000 0.50125333233564306479 0.00125333233564304549 0.00000000000000000000 4
0.47999999999999998224 0.04000000000000000083 0.00000000000000000000 0.50125333233564306479 0.00125333233564304549 0.00000000000000000000 4
0.47999999999999998224 0.05999999999999999778 0.00000000000000000000 0.50125333233564306479 0.00125333233564304549 0.00000000000000000000 4
0.47999999999999998224 0.08000000000000000167 0.00000000000000000000 0.50125333233564306479 0.00125333233564304549 0.00000000000000000000 4
0.47999999999999998224 0.10000000000000000555 0.00000000000000000000 0.50125333233564306479 0.00125333233564304549 0.00000000000000000000 14
0.47999999999999998224 0.11999999999999999556 0.00000000000000000000 0.50125333233564306479 0.00125333233564304549 0.00000000000000000000 14
0.47999999999999998224 0.14000000000000001332 0.00000000000000000000 0.50125333233564306479 0.00125333233564304549 0.00000000000000000000 14
0.47999999999999998224 0.16000000000000000333 0.00000000000000000000 0.50125333233564306479 0.00125333233564304549 0.00000000000000000000 14
0.47999999999999998224 0.17999999999999999334 0.00000000000000000000 0.50125333233564306479 0.00125333233564304549 0.00000000000000000000 14
0.47999999999999998224 0.20000000000000001110 0.00000000000000000000 0.50125333233564306479 0.00125333233564304549 0.00000000000000000000 24
0.47999999999999998224 0.22000000000000000111 0.00000000000000000000 0.50125333233564306479 0.00125333233564304549 0.00000000000000000000 24
0.47999999999999998224 0.23999999999999999112 0.00000000000000000000 0.50125333233564306479 0.00125333233564304549 0.00000000000000000000 24
0.47999999999999998224 0.26000000000000000888 0.00000000000000000000 -0.49874666766435693521 0.00125333233564304549 0.00000000000000000000 24
0.47999999999999998224 0.28000000000000002665 0.00000000000000000000 -0.49874666766435693521 0.00125333233564304549 0.00000000000000000000 24
0.47999999999999998224 0.29999999999999998890 0.00000000000000000000 -0.49874666766435693521 0.00125333233564304549 0.00000000000000000000 34
0.47999999999999998224 0.32000000000000000666 0.00000000000000000000 -0.49874666766435693521 0.00125333233564304549 0.00000000000000000000 34
0.47999999999999998224 0.34000000000000002442 0.00000000000000000000 -0.49874666766435693521 0.00125333233564304549 0.00000000000000000000 34
0.47999999999999998224 0.35999999999999998668 0.00000000000000000000 -0.49874666766435693521 0.00125333233564304549 0.00000000000000000000 34
0.47999999999999998224 0.38000000000000000444 0.00000000000000000000 -0.49874666766435693521 0.00125333233564304549 0.00000000000000000000 34
0.47999999999999998224 0.40000000000000002220 0.00000000000000000000 -0.49874666766435693521 0.00125333233564304549 0.00000000000000000000 44
0.47999999999999998224 0.41999999999999998446 0.00000000000000000000 -0.49874666766435693521 0.00125333233564304549 0.00000000000000000000 44
0.47999999999999998224 0.44000000000000000222 0.00000000000000000000 -0.49874666766435693521 0.00125333233564304549 0.00000000000000000000 44
0.47999999999999998224 0.46000000000000001998 0.00000000000000000000 -0.49874666766435693521 0.00125333233564304549 0.00000000000000000000 44
0.47999999999999998224 0.47999999999999998224 0.00000000000000000000 -0.49874666766435693521 0.00125333233564304549 0.00000000000000000000 44
0.47999999999999998224 0.50000000000000000000 0.00000000000000000000 -0.49874666766435693521 0.00125333233564304549 0.00000000000000000000 54
0.47999999999999998224 0.52000000000000001776 0.00000000000000000000 -0.49874666766435693521 0.00125333233564304549 0.00000000000000000000 54
0.47999999999999998224 0.54000000000000003553 0.00000000000000000000 -0.49874666766435693521 0.00125333233564304549 0.00000000000000000000 54
0.47999999999999998224 0.56000000000000005329 0.00000000000000000000 -0.49874666766435693521 0.00125333233564304549 0.00000000000000000000 54
0.47999999999999998224 0.57999999999999996003 0.00000000000000000000 -0.49874666766435693521 0.00125333233564304549 0.00000000000000000000 54
0.47999999999999998224 0.59999999999999997780 0.00000000000000000000 -0.49874666766435693521 0.00125333233564304549 0.00000000000000000000 64
0.47999999999999998224 0.61999999999999999556 0.00000000000000000000 -0.49874666766435693521 0.00125333233564304549 0.00000000000000000000 64
0.47999999999999998224 0.64000000000000001332 0.00000000000000000000 -0.49874666766435693521 0.00125333233564304549 0.00000000000000000000 64
0.47999999999999998224 0.66000000000000003109 0.00000000000000000000 -0.49874666766435693521 0.00125333233564304549 0.00000000000000000000 64
0.47999999999999998224 0.68000000000000004885 0.00000000000000000000 -0.49874666766435693521 0.00125333233564304549 0.00000000000000000000 64
0.47999999999999998224 0.70000000000000006661 0.00000000000000000000 -0.49874666766435693521 0.00125333233564304549 0.00000000000000000000 74
0.47999999999999998224 0.71999999999999997335 0.00000000000000000000 -0.49874666766435693521 0.00125333233564304549 0.00000000000000000000 74
0.47999999999999998224 0.73999999999999999112 0.00000000000000000000 -0.49874666766435693521 0.00125333233564304549 0.00000000000000000000 74
0.47999999999999998224 0.76000000000000000888 0.00000000000000000000 0.50125333233564306479 0.00125333233564304549 0.00000000000000000000 74
0.47999999999999998224 0.78000000000000002665 0.00000000000000000000 0.50125333233564306479 0.00125333233564304549 0.00000000000000000000 74
0.47999999999999998224 0.80000000000000004441 0.00000000000000000000 0.50125333233564306479 0.00125333233564304549 0.00000000000000000000 84
0.47999999999999998224 0.82000000000000006217 0.00000000000000000000 0.50125333233564306479 0.00125333233564304549 0.00000000000000000000 84
0.47999999999999998224 0.83999999999999996891 0.00000000000000000000 0.50125333233564306479 0.00125333233564304549 0.00000000000000000000 84
0.47999999999999998224 0.85999999999999998668 0.00000000000000000000 0.50125333233564306479 0.00125333233564304549 0.00000000000000000000 84
0.47999999999999998224 0.88000000000000000444 0.00000000000000000000 0.50125333233564306479 0.00125333233564304549 0.00000000000000000000 84
0.47999999999999998224 0.90000000000000002220 0.00000000000000000000 0.50125333233564306479 0.00125333233564304549 0.00000000000000000000 94
0.47999999999999998224 0.92000000000000003997 0.00000000000000000000 0.50125333233564306479 0.00125333233564304549 0.00000000000000000000 94
0.47999999999999998224 0.94000000000000005773 0.00000000000000000000 0.50125333233564306479 0.00125333233564304549 0.00000000000000000000 94
0.47999999999999998224 0.95999999999999996447 0.00000000000000000000 0.50125333233564306479 0.00125333233564304549 0.00000000000000000000 94
0.47999999999999998224 0.97999999999999998224 0.00000000000000000000 0.50125333233564306479 0.00125333233564304549 0.00000000000000000000 94
0.47999999999999998224 1.00000000000000000000 0.00000000000000000000 0.50125333233564306479 0.00125333233564304549 0.00000000000000000000 94
0.50000000000000000000 0.00000000000000000000 0.00000000000000000000 0.50000000000000000000 0.00000000000000000122 0.00000000000000000000 5
0.50000000000000000000 0.02000000000000000042 0.00000000000000000000 0.50000000000000000000 0.00000000000000000122 0.00000000000000000000 5
0.50000000000000000000 0.04000000000000000083 0.00000000000000000000 0.50000000000000000000 0.00000000000000000122 0.00000000000000000000 5
0.50000000000000000000 0.05999999999999999778 0.00000000000000000000 0.50000000000000000000 0.00000000000000000122 0.00000000000000000000 5
0.50000000000000000000 0.08000000000000000167 0.00000000000000000000 0.50000000000000000000 0.00000000000000000122 0.00000000000000000000 5
0.50000000000000000000 0.10000000000000000555 0.00000000000000000000 0.50000000000000000000 0.00000000000000000122 0.00000000000000000000 15
0.50000000000000000000 0.11999999999999999556 0.00000000000000000000 0.50000000000000000000 0.00000000000000000122 0.00000000000000000000 15
0.50000000000000000000 0.14000000000000001332 0.00000000000000000000 0.50000000000000000000 0.00000000000000000122 0.00000000000000000000 15
0.50000000000000000000 0.16000000000000000333 0.00000000000000000000 0.50000000000000000000 0.00000000000000000122 0.00000000000000000000 15
0.50000000000000000000 0.17999999999999999334 0.00000000000000000000 0.50000000000000000000 0.00000000000000000122 0.00000000000000000000 15
0.50000000000000000000 0.20000000000000001110 0.00000000000000000000 0.50000000000000000000 0.00000000000000000122 0.00000000000000000000 25
0.50000000000000000000 0.22000000000000000111 0.00000000000000000000 0.50000000000000000000 0.00000000000000000122 0.00000000000000000000 25
0.50000000000000000000 0.23999999999999999112 0.00000000000000000000 0.50000000000000000000 0.00000000000000000122 0.00000000000000000000 25
0.50000000000000000000 0.26000000000000000888 0.00000000000000000000 -0.50000000000000000000 0.00000000000000000122 0.00000000000000000000 25
0.50000000000000000000 0.28000000000000002665 0.00000000000000000000 -0.50000000000000000000 0.00000000000000000122 0.00000000000000000000 25
0.50000000000000000000 0.29999999999999998890 0.00000000000000000000 -0.50000000000000000000 0.00000000000000000122 0.00000000000000000000 35
0.50000000000000000000 0.32000000000000000666 0.00000000000000000000 -0.50000000000000000000 0.00000000000000000122 0.00000000000000000000 35
0.50000000000000000000 0.34000000000000002442 0.00000000000000000000 -0.50000000000000000000 0.00000000000000000122 0.00000000000000000000 35
0.50000000000000000000 0.35999999999999998668 0.00000000000000000000 -0.50000000000000000000 0.00000000000000000122 0.00000000000000000000 35
0.50000000000000000000 0.38000000000000000444 0.00000000000000000000 -0.50000000000000000000 0.00000000000000000122 0.00000000000000000000 35
0.50000000000000000000 0.40000000000000002220 0.00000000000000000000 -0.50000000000000000000 0.00000000000000000122 0.00000000000000000000 45
0.50000000000000000000 0.41999999999999998446 0.00000000000000000000 -0.50000000000000000000 0.00000000000000000122 0.00000000000000000000 45
0.50000000000000000000 0.44000000000000000222 0.00000000000000000000 -0.50000000000000000000 0.00000000000000000122 0.00000000000000000000 45
0.50000000000000000000 0.46000000000000001998 0.00000000000000000000 -0.50000000000000000000 0.00000000000000000122 0.00000000000000000000 45
0.50000000000000000000 0.47999999999999998224 0.00000000000000000000 -0.50000000000000000000 0.00000000000000000122 0.00000000000000000000 45
0.50000000000000000000 0.50000000000000000000 0.00000000000000000000 -0.50000000000000000000 0.00000000000000000122 0.00000000000000000000 55
0.50000000000000000000 0.52000000000000001776 0.00000000000000000000 -0.50000000000000000000 0.00000000000000000122 0.00000000000000000000 55
0.50000000000000000000 0.54000000000000003553 0.00000000000000000000 -0.50000000000000000000 0.00000000000000000122 0.00000000000000000000 55
0.50000000000000000000 0.56000000000000005329 0.00000000000000000000 -0.50000000000000000000 0.00000000000000000122 0.00000000000000000000 55
0.50000000000000000000 0.57999999999999996003 0.00000000000000000000 -0.50000000000000000000 0.00000000000000000122 0.00000000000000000000 55
0.50000000000000000000 0.59999999999999997780 0.00000000000000000000 -0.50000000000000000000 0.00000000000000000122 0.00000000000000000000 65
0.50000000000000000000 0.61999999999999999556 0.00000000000000000000 -0.50000000000000000000 0.00000000000000000122 0.00000000000000000000 65
0.50000000000000000000 0.64000000000000001332 0.00000000000000000000 -0.50000000000000000000 0.00000000000000000122 0.00000000000000000000 65
0.50000000000000000000 0.66000000000000003109 0.00000000000000000000 -0.50000000000000000000 0.00000000000000000122 0.00000000000000000000 65
0.50000000000000000000 0.68000000000000004885 0.00000000000000000000 -0.50000000000000000000 0.00000000000000000122 0.00000000000000000000 65
0.50000000000000000000 0.70000000000000006661 0.00000000000000000000 -0.50000000000000000000 0.00000000000000000122 0.00000000000000000000 75
0.50000000000000000000 0.71999999999999997335 0.00000000000000000000 -0.50000000000000000000 0.00000000000000000122 0.00000000000000000000 75
0.50000000000000000000 0.73999999999999999112 0.00000000000000000000 -0.50000000000000000000 0.00000000000000000122 0.00000000000000000000 75
0.50000000000000000000 0.76000000000000000888 0.00000000000000000000 0.50000000000000000000 0.00000000000000000122 0.00000000000000000000 75
0.50000000000000000000 0.78000000000000002665 0.00000000000000000000 0.50000000000000000000 0.00000000000000000122 0.00000000000000000000 75
0.50000000000000000000 0.80000000000000004441 0.00000000000000000000 0.50000000000000000000 0.00000000000000000122 0.00000000000000000000 85
0.50000000000000000000 0.82000000000000006217 0.00000000000000000000 0.50000000000000000000 0.00000000000000000122 0.00000000000000000000 85
0.50000000000000000000 0.83999999999999996891 0.00000000000000000000 0.50000000000000000000 0.00000000000000000122 0.00000000000000000000 85
0.50000000000000000000 0.85999999999999998668 0.00000000000000000000 0.50000000000000000000 0.00000000000000000122 0.00000000000000000000 85
0.50000000000000000000 0.88000000000000000444 0.00000000000000000000 0.50000000000000000000 0.00000000000000000122 0.00000000000000000000 85
0.50000000000000000000 0.90000000000000002220 0.00000000000000000000 0.50000000000000000000 0.00000000000000000122 0.00000000000000000000 95
0.50000000000000000000 0.92000000000000003997 0.00000000000000000000 0.50000000000000000000 0.00000000000000000122 0.00000000000000000000 95
0.50000000000000000000 0.94000000000000005773 0.00000000000000000000 0.50000000000000000000 0.00000000000000000122 0.00000000000000000000 95
0.50000000000000000000 0.95999999999999996447 0.00000000000000000000 0.50000000000000000000 0.00000000000000000122 0.00000000000000000000 95
0.50000000000000000000 0.97999999999999998224 0.00000000000000000000 0.50000000000000000000 0.00000000000000000122 0.00000000000000000000 95
0.50000000000000000000 1.00000000000000000000 0.00000000000000000000 0.50000000000000000000 0.00000000000000000122 0.00000000000000000000 95
0.52000000000000001776 0.00000000000000000000 0.00000000000000000000 0.49874666766435693521 -0.00125333233564304289 0.00000000000000000000 5
0.52000000000000001776 0.02000000000000000042 0.00000000000000000000 0.49874666766435693521 -0.00125333233564304289 0.00000000000000000000 5
0.52000000000000001776 0.04000000000000000083 0.00000000000000000000 0.49874666766435693521 -0.00125333233564304289 0.00000000000000000000 5
0.52000000000000001776 0.05999999999999999778 0.00000000000000000000 0.49874666766435693521 -0.00125333233564304289 0.00000000000000000000 5
0.52000000000000001776 0.08000000000000000167 0.00000000000000000000 0.49874666766435693521 -0.00125333233564304289 0.00000000000000000000 5
0.52000000000000001776 0.10000000000000000555 0.00000000000000000000 0.49874666766435693521 -0.00125333233564304289 0.00000000000000000000 15
0.52000000000000001776 0.11999999999999999556 0.00000000000000000000 0.49874666766435693521 -0.00125333233564304289 0.00000000000000000000 15
0.52000000000000001776 0.14000000000000001332 0.00000000000000000000 0.49874666766435693521 -0.00125333233564304289 0.00000000000000000000 15
0.52000000000000001776 0.16000000000000000333 0.00000000000000000000 0.49874666766435693521 -0.00125333233564304289 0.00000000000000000000 15
0.52000000000000001776 0.17999999999999999334 0.00000000000000000000 0.49874666766435693521 -0.00125333233564304289 0.00000000000000000000 15
0.52000000000000001776 0.20000000000000001110 0.00000000000000000000 0.49874666766435693521 -0.00125333233564304289 0.00000000000000000000 25
0.52000000000000001776 0.22000000000000000111 0.00000000000000000000 0.49874666766435693521 -0.00125333233564304289 0.00000000000000000000 25
0.52000000000000001776 0.23999999999999999112 0.00000000000000000000 0.49874666766435693521 -0.00125333233564304289 0.00000000000000000000 25
0.52000000000000001776 0.26000000000000000888 0.00000000000000000000 -0.50125333233564306479 -0.00125333233564304289 0.00000000000000000000 25
0.52000000000000001776 0.28000000000000002665 0.00000000000000000000 -0.50125333233564306479 -0.00125333233564304289 0.00000000000000000000 25
0.52000000000000001776 0.29999999999999998890 0.00000000000000000000 -0.50125333233564306479 -0.00125333233564304289 0.00000000000000000000 35
0.52000000000000001776 0.32000000000000000666 0.00000000000000000000 -0.50125333233564306479 -0.00125333233564304289 0.00000000000000000000 35
0.52000000000000001776 0.34000000000000002442 0.00000000000000000000 -0.50125333233564306479 -0.00125333233564304289 0.00000000000000000000 35
0.52000000000000001776 0.35999999999999998668 0.00000000000000000000 -0.50125333233564306479 -0.00125333233564304289 0.00000000000000000000 35
0.52000000000000001776 0.38000000000000000444 0.00000000000000000000 -0.50125333233564306479 -0.00125333233564304289 0.00000000000000000000 35
0.52000000000000001776 0.40000000000000002220 0.00000000000000000000 -0.50125333233564306479 -0.00125333233564304289 0.00000000000000000000 45
0.52000000000000001776 0.41999999999999998446 0.00000000000000000000 -0.50125333233564306479 -0.00125333233564304289 0.00000000000000000000 45
0.52000000000000001776 0.44000000000000000222 0.00000000000000000000 -0.50125333233564306479 -0.00125333233564304289 0.00000000000000000000 45
0.52000000000000001776 0.46000000000000001998 0.00000000000000000000 -0.50125333233564306479 -0.00125333233564304289 0.00000000000000000000 45
0.52000000000000001776 0.47999999999999998224 0.00000000000000000000 -0.50125333233564306479 -0.00125333233564304289 0.00000000000000000000 45
0.52000000000000001776 0.50000000000000000000 0.00000000000000000000 -0.50125333233564306479 -0.00125333233564304289 0.00000000000000000000 55
0.52000000000000001776 0.52000000000000001776 0.00000000000000000000 -0.50125333233564306479 -0.00125333233564304289 0.00000000000000000000 55
0.52000000000000001776 0.54000000000000003553 0.00000000000000000000 -0.50125333233564306479 -0.00125333233564304289 0.00000000000000000000 55
0.52000000000000001776 0.56000000000000005329 0.00000000000000000000 -0.50125333233564306479 -0.00125333233564304289 0.00000000000000000000 55
0.52000000000000001776 0.57999999999999996003 0.00000000000000000000 -0.50125333233564306479 -0.00125333233564304289 0.00000000000000000000 55
0.52000000000000001776 0.59999999999999997780 0.00000000000000000000 -0.50125333233564306479 -0.00125333233564304289 0.00000000000000000000 65
0.52000000000000001776 0.61999999999999999556 0.00000000000000000000 -0.50125333233564306479 -0.00125333233564304289 0.00000000000000000000 65
0.52000000000000001776 0.64000000000000001332 0.00000000000000000000 -0.50125333233564306479 -0.00125333233564304289 0.00000000000000000000 65
0.52000000000000001776 0.66000000000000003109 0.00000000000000000000 -0.50125333233564306479 -0.00125333233564304289 0.00000000000000000000 65
0.52000000000000001776 0.68000000000000004885 0.00000000000000000000 -0.50125333233564306479 -0.00125333233564304289 0.00000000000000000000 65
0.52000000000000001776 0.70000000000000006661 0.00000000000000000000 -0.50125333233564306479 -0.00125333233564304289 0.00000000000000000000 75
0.52000000000000001776 0.71999999999999997335 0.00000000000000000000 -0.50125333233564306479 -0.00125333233564304289 0.00000000000000000000 75
0.52000000000000001776 0.73999999999999999112 0.00000000000000000000 -0.50125333233564306479 -0.00125333233564304289 0.00000000000000000000 75
0.52000000000000001776 0.76000000000000000888 0.00000000000000000000 0.49874666766435693521 -0.00125333233564304289 0.00000000000000000000 75
0.52000000000000001776 0.78000000000000002665 0.00000000000000000000 0.49874666766435693521 -0.00125333233564304289 0.00000000000000000000 75
0.52000000000000001776 0.80000000000000004441 0.00000000000000000000 0.49874666766435693521 -0.00125333233564304289 0.00000000000000000000 85
0.52000000000000001776 0.82000000000000006217 0.00000000000000000000 0.49874666766435693521 -0.00125333233564304289 0.00000000000000000000 85
0.52000000000000001776 0.83999999999999996891 0.00000000000000000000 0.49874666766435693521 -0.00125333233564304289 0.00000000000000000000 85
0.52000000000000001776 0.85999999999999998668 0.00000000000000000000 0.49874666766435693521 -0.00125333233564304289 0.00000000000000000000 85
0.52000000000000001776 0.88000000000000000444 0.00000000000000000000 0.49874666766435693521 -0.00125333233564304289 0.00000000000000000000 85
0.52000000000000001776 0.90000000000000002220 0.00000000000000000000 0.49874666766435693521 -0.00125333233564304289 0.00000000000000000000 95
0.52000000000000001776 0.92000000000000003997 0.00000000000000000000 0.49874666766435693521 -0.00125333233564304289 0.00000000000000000000 95
0.52000000000000001776 0.94000000000000005773 0.00000000000000000000 0.49874666766435693521 -0.00125333233564304289 0.00000000000000000000 95
0.52000000000000001776 0.95999999999999996447 0.00000000000000000000 0.49874666766435693521 -0.00125333233564304289 0.00000000000000000000 95
0.52000000000000001776 0.97999999999999998224 0.00000000000000000000 0.49874666766435693521 -0.00125333233564304289 0.00000000000000000000 95
0.52000000000000001776 1.00000000000000000000 0.00000000000000000000 0.49874666766435693521 -0.00125333233564304289 0.00000000000000000000 95
0.54000000000000003553 0.00000000000000000000 0.00000000000000000000 0.49751310112835145372 -0.00248689887164855019 0.00000000000000000000 5
0.54000000000000003553 0.02000000000000000042 0.00000000000000000000 0.49751310112835145372 -0.00248689887164855019 0.00000000000000000000 5
0.54000000000000003553 0.04000000000000000083 0.00000000000000000000 0.49751310112835145372 -0.00248689887164855019 0.00000000000000000000 5
0.54000000000000003553 0.05999999999999999778 0.00000000000000000000 0.49751310112835145372 -0.00248689887164855019 0.00000000000000000000 5
0.54000000000000003553 0.08000000000000000167 0.00000000000000000000 0.49751310112835145372 -0.00248689887164855019 0.00000000000000000000 5
0.54000000000000003553 0.10000000000000000555 0.00000000000000000000 0.49751310112835145372 -0.00248689887164855019 0.00000000000000000000 15
0.54000000000000003553 0.11999999999999999556 0.00000000000000000000 0.49751310112835145372 -0.00248689887164855019 0.00000000000000000000 15
0.54000000000000003553 0.14000000000000001332 0.00000000000000000000 0.49751310112835145372 -0.00248689887164855019 0.00000000000000000000 15
0.54000000000000003553 0.16000000000000000333 0.00000000000000000000 0.49751310112835145372 -0.00248689887164855019 0.00000000000000000000 15
0.54000000000000003553 0.17999999999999999334 0.00000000000000000000 0.49751310112835145372 -0.00248689887164855019 0.00000000000000000000 15
0.54000000000000003553 0.20000000000000001110 0.00000000000000000000 0.49751310112835145372 -0.00248689887164855019 0.00000000000000000000 25
0.54000000000000003553 0.22000000000000000111 0.00000000000000000000 0.49751310112835145372 -0.00248689887164855019 0.00000000000000000000 25
0.54000000000000003553 0.23999999999999999112 0.00000000000000000000 0.49751310112835145372 -0.00248689887164855019 0.00000000000000000000 25
0.54000000000000003553 0.26000000000000000888 0.00000000000000000000 -0.50248689887164854628 -0.00248689887164855019 0.00000000000000000000 25
0.54000000000000003553 0.28000000000000002665 0.00000000000000000000 -0.50248689887164854628 -0.00248689887164855019 0.00000000000000000000 25
0.54000000000000003553 0.29999999999999998890 0.00000000000000000000 -0.50248689887164854628 -0.00248689887164855019 0.00000000000000000000 35
0.54000000000000003553 0.32000000000000000666 0.00000000000000000000 -0.50248689887164854628 -0.00248689887164855019 0.00000000000000000000 35
0.54000000000000003553 0.34000000000000002442 0.00000000000000000000 -0.50248689887164854628 -0.00248689887164855019 0.00000000000000000000 35
0.54000000000000003553 0.35999999999999998668 0.00000000000000000000 -0.50248689887164854628 -0.00248689887164855019 0.00000000000000000000 35
0.54000000000000003553 0.38000000000000000444 0.00000000000000000000 -0.50248689887164854628 -0.00248689887164855019 0.00000000000000000000 35
0.54000000000000003553 0.40000000000000002220 0.00000000000000000000 -0.50248689887164854628 -0.00248689887164855019 0.00000000000000000000 45
0.54000000000000003553 0.41999999999999998446 0.00000000000000000000 -0.50248689887164854628 -0.00248689887164855019 0.00000000000000000000 45
0.54000000000000003553 0.44000000000000000222 0.00000000000000000000 -0.50248689887164854628 -0.00248689887164855019 0.00000000000000000000 45
0.54000000000000003553 0.46000000000000001998 0.00000000000000000000 -0.50248689887164854628 -0.00248689887164855019 0.00000000000000000000 45
0.54000000000000003553 0.47999999999999998224 0.00000000000000000000 -0.50248689887164854628 -0.00248689887164855019 0.00000000000000000000 45
0.54000000000000003553 0.50000000000000000000 0.00000000000000000000 -0.50248689887164854628 -0.00248689887164855019 0.00000000000000000000 55
0.54000000000000003553 0.52000000000000001776 0.00000000000000000000 -0.50248689887164854628 -0.00248689887164855019 0.00000000000000000000 55
0.54000000000000003553 0.54000000000000003553 0.00000000000000000000 -0.50248689887164854628 -0.00248689887164855019 0.00000000000000000000 55
0.54000000000000003553 0.56000000000000005329 0.00000000000000000000 -0.50248689887164854628 -0.00248689887164855019 0.00000000000000000000 55
0.54000000000000003553 0.57999999999999996003 0.00000000000000000000 -0.50248689887164854628 -0.00248689887164855019 0.00000000000000000000 55
0.54000000000000003553 0.59999999999999997780 0.00000000000000000000 -0.50248689887164854628 -0.00248689887164855019 0.00000000000000000000 65
0.54000000000000003553 0.61999999999999999556 0.00000000000000000000 -0.50248689887164854628 -0.00248689887164855019 0.00000000000000000000 65
0.54000000000000003553 0.64000000000000001332 0.00000000000000000000 -0.50248689887164854628 -0.00248689887164855019 0.00000000000000000000 65
0.54000000000000003553 0.66000000000000003109 0.00000000000000000000 -0.50248689887164854628 -0.00248689887164855019 0.00000000000000000000 65
0.54000000000000003553 0.68000000000000004885 0.00000000000000000000 -0.50248689887164854628 -0.00248689887164855019 0.00000000000000000000 65
0.54000000000000003553 0.70000000000000006661 0.00000000000000000000 -0.50248689887164854628 -0.00248689887164855019 0.00000000000000000000 75
0.54000000000000003553 0.71999999999999997335 0.00000000000000000000 -0.50248689887164854628 -0.00248689887164855019 0.00000000000000000000 75
0.54000000000000003553 0.73999999999999999112 0.00000000000000000000 -0.50248689887164854628 -0.00248689887164855019 0.00000000000000000000 75
0.54000000000000003553 0.76000000000000000888 0.00000000000000000000 0.49751310112835145372 -0.00248689887164855019 0.00000000000000000000 75
0.54000000000000003553 0.78000000000000002665 0.00000000000000000000 0.49751310112835145372 -0.00248689887164855019 0.00000000000000000000 75
0.54000000000000003553 0.80000000000000004441 0.00000000000000000000 0.49751310112835145372 -0.00248689887164855019 0.00000000000000000000 85
0.54000000000000003553 0.82000000000000006217 0.00000000000000000000 0.49751310112835145372 -0.00248689887164855019 0.00000000000000000000 85
0.54000000000000003553 0.83999999999999996891 0.00000000000000000000 0.49751310112835145372 -0.00248689887164855019 0.00000000000000000000 85
0.54000000000000003553 0.85999999999999998668 0.00000000000000000000 0.49751310112835145372 -0.00248689887164855019 0.00000000000000000000 85
0.54000000000000003553 0.88000000000000000444 0.00000000000000000000 0.49751310112835145372 -0.00248689887164855019 0.00000000000000000000 85
0.54000000000000003553 0.90000000000000002220 0.00000000000000000000 0.49751310112835145372 -0.00248689887164855019 0.00000000000000000000 95
0.54000000000000003553 0.92000000000000003997 0.00000000000000000000 0.49751310112835145372 -0.00248689887164855019 0.00000000000000000000 95
0.54000000000000003553 0.94000000000000005773 0.00000000000000000000 0.49751310112835145372 -0.00248689887164855019 0.00000000000000000000 95
0.54000000000000003553 0.95999999999999996447 0.00000000000000000000 0.49751310112835145372 -0.00248689887164855019 0.00000000000000000000 95
0.54000000000000003553 0.97999999999999998224 0.00000000000000000000 0.49751310112835145372 -0.00248689887164855019 0.00000000000000000000 95
0.54000000000000003553 1.00000000000000000000 0.00000000000000000000 0.49751310112835145372 -0.00248689887164855019 0.00000000000000000000 95
0.56000000000000005329 0.00000000000000000000 0.00000000000000000000 0.49631875447315321193 -0.00368124552684678330 0.00000000000000000000 5
0.56000000000000005329 0.02000000000000000042 0.00000000000000000000 0.49631875447315321193 -0.00368124552684678330 0.00000000000000000000 5
0.56000000000000005329 0.04000000000000000083 0.00000000000000000000 0.49631875447315321193 -0.00368124552684678330 0.00000000000000000000 5
0.56000000000000005329 0.05999999999999999778 0.00000000000000000000 0.49631875447315321193 -0.00368124552684678330 0.00000000000000000000 5
0.56000000000000005329 0.08000000000000000167 0.00000000000000000000 0.49631875447315321193 -0.00368124552684678330 0.00000000000000000000 5
0.56000000000000005329 0.10000000000000000555 0.00000000000000000000 0.49631875447315321193 -0.00368124552684678330 0.00000000000000000000 15
0.56000000000000005329 0.11999999999999999556 0.00000000000000000000 0.49631875447315321193 -0.00368124552684678330 0.00000000000000000000 15
0.56000000000000005329 0.14000000000000001332 0.00000000000000000000 0.49631875447315321193 -0.00368124552684678330 0.00000000000000000000 15
0.56000000000000005329 0.16000000000000000333 0.00000000000000000000 0.49631875447315321193 -0.00368124552684678330 0.00000000000000000000 15
0.56000000000000005329 0.17999999999999999334 0.00000000000000000000 0.49631875447315321193 -0.00368124552684678330 0.00000000000000000000 15
0.56000000000000005329 0.20000000000000001110 0.00000000000000000000 0.49631875447315321193 -0.00368124552684678330 0.00000000000000000000 25
0.56000000000000005329 0.22000000000000000111 0.00000000000000000000 0.49631875447315321193 -0.00368124552684678330 0.00000000000000000000 25
0.56000000000000005329 0.23999999999999999112 0.00000000000000000000 0.49631875447315321193 -0.00368124552684678330 0.00000000000000000000 25
0.56000000000000005329 0.26000000000000000888 0.00000000000000000000 -0.50368124552684678807 -0.00368124552684678330 0.00000000000000000000 25
0.56000000000000005329 0.28000000000000002665 0.00000000000000000000 -0.50368124552684678807 -0.00368124552684678330 0.00000000000000000000 25
0.56000000000000005329 0.29999999999999998890 0.00000000000000000000 -0.50368124552684678807 -0.00368124552684678330 0.00000000000000000000 35
0.56000000000000005329 0.32000000000000000666 0.00000000000000000000 -0.50368124552684678807 -0.00368124552684678330 0.00000000000000000000 35
0.56000000000000005329 0.34000000000000002442 0.00000000000000000000 -0.50368124552684678807 -0.00368124552684678330 0.00000000000000000000 35
0.56000000000000005329 0.35999999999999998668 0.00000000000000000000 -0.50368124552684678807 -0.00368124552684678330 0.00000000000000000000 35
0.56000000000000005329 0.38000000000000000444 0.00000000000000000000 -0.50368124552684678807 -0.00368124552684678330 0.00000000000000000000 35
0.56000000000000005329 0.40000000000000002220 0.00000000000000000000 -0.50368124552684678807 -0.00368124552684678330 0.00000000000000000000 45
0.56000000000000005329 0.41999999999999998446 0.00000000000000000000 -0.50368124552684678807 -0.00368124552684678330 0.00000000000000000000 45
0.56000000000000005329 0.44000000000000000222 0.00000000000000000000 -0.50368124552684678807 -0.00368124552684678330 0.00000000000000000000 45
0.56000000000000005329 0.46000000000000001998 0.00000000000000000000 -0.50368124552684678807 -0.00368124552684678330 0.00000000000000000000 45
0.56000000000000005329 0.47999999999999998224 0.00000000000000000000 -0.50368124552684678807 -0.00368124552684678330 0.00000000000000000000 45
0.56000000000000005329 0.50000000000000000000 0.00000000000000000000 -0.50368124552684678807 -0.00368124552684678330 0.00000000000000000000 55
0.56000000000000005329 0.52000000000000001776 0.00000000000000000000 -0.50368124552684678807 -0.00368124552684678330 0.00000000000000000000 55
0.56000000000000005329 0.54000000000000003553 0.00000000000000000000 -0.50368124552684678807 -0.00368124552684678330 0.00000000000000000000 55
0.56000000000000005329 0.56000000000000005329 0.00000000000000000000 -0.50368124552684678807 -0.00368124552684678330 0.00000000000000000000 55
0.56000000000000005329 0.57999999999999996003 0.00000000000000000000 -0.50368124552684678807 -0.00368124552684678330 0.00000000000000000000 55
0.56000000000000005329 0.59999999999999997780 0.00000000000000000000 -0.50368124552684678807 -0.00368124552684678330 0.00000000000000000000 65
0.56000000000000005329 0.61999999999999999556 0.00000000000000000000 -0.50368124552684678807 -0.00368124552684678330 0.00000000000000000000 65
0.56000000000000005329 0.64000000000000001332 0.00000000000000000000 -0.50368124552684678807 -0.00368124552684678330 0.00000000000000000000 65
0.56000000000000005329 0.66000000000000003109 0.00000000000000000000 -0.50368124552684678807 -0.00368124552684678330 0.00000000000000000000 65
0.56000000000000005329 0.68000000000000004885 0.00000000000000000000 -0.50368124552684678807 -0.00368124552684678330 0.00000000000000000000 65
0.56000000000000005329 0.70000000000000006661 0.00000000000000000000 -0.50368124552684678807 -0.00368124552684678330 0.00000000000000000000 75
0.56000000000000005329 0.71999999999999997335 0.00000000000000000000 -0.50368124552684678807 -0.00368124552684678330 0.00000000000000000000 75
0.56000000000000005329 0.73999999999999999112 0.00000000000000000000 -0.50368124552684678807 -0.00368124552684678330 0.00000000000000000000 75
0.56000000000000005329 0.76000000000000000888 0.00000000000000000000 0.49631875447315321193 -0.00368124552684678330 0.00000000000000000000 75
0.56000000000000005329 0.78000000000000002665 0.00000000000000000000 0.49631875447315321193 -0.00368124552684678330 0.00000000000000000000 75
0.56000000000000005329 0.80000000000000004441 0.00000000000000000000 0.49631875447315321193 -0.00368124552684678330 0.00000000000000000000 85
0.56000000000000005329 0.82000000000000006217 0.00000000000000000000 0.49631875447315321193 -0.00368124552684678330 0.00000000000000000000 85
0.56000000000000005329 0.83999999999999996891 0.00000000000000000000 0.49631875447315321193 -0.00368124552684678330 0.00000000000000000000 85
0.56000000000000005329 0.85999999999999998668 0.00000000000000000000 0.49631875447315321193 -0.00368124552684678330 0.00000000000000000000 85
0.56000000000000005329 0.88000000000000000444 0.00000000000000000000 0.49631875447315321193 -0.00368124552684678330 0.00000000000000000000 85
0.56000000000000005329 0.90000000000000002220 0.00000000000000000000 0.49631875447315321193 -0.00368124552684678330 0.00000000000000000000 95
0.56000000000000005329 0.92000000000000003997 0.00000000000000000000 0.49631875447315321193 -0.00368124552684678330 0.00000000000000000000 95
0.56000000000000005329 0.94000000000000005773 0.00000000000000000000 0.49631875447315321193 -0.00368124552684678330 0.00000000000000000000 95
0.56000000000000005329 0.95999999999999996447 0.00000000000000000000 0.49631875447315321193 -0.00368124552684678330 0.00000000000000000000 95
0.56000000000000005329 0.97999999999999998224 0.00000000000000000000 0.49631875447315321193 -0.00368124552684678330 0.00000000000000000000 95
0.56000000000000005329 1.00000000000000000000 0.00000000000000000000 0.49631875447315321193 -0.00368124552684678330 0.00000000000000000000 95
0.57999999999999996003 0.00000000000000000000 0.00000000000000000000 0.49518246325898285232 -0.00481753674101715029 0.00000000000000000000 5
0.57999999999999996003 0.02000000000000000042 0.00000000000000000000 0.49518246325898285232 -0.00481753674101715029 0.00000000000000000000 5
0.57999999999999996003 0.04000000000000000083 0.00000000000000000000 0.49518246325898285232 -0.00481753674101715029 0.00000000000000000000 5
0.57999999999999996003 0.05999999999999999778 0.00000000000000000000 0.49518246325898285232 -0.00481753674101715029 0.00000000000000000000 5
0.57999999999999996003 0.08000000000000000167 0.00000000000000000000 0.49518246325898285232 -0.00481753674101715029 0.00000000000000000000 5
0.57999999999999996003 0.10000000000000000555 0.00000000000000000000 0.49518246325898285232 -0.00481753674101715029 0.00000000000000000000 15
0.57999999999999996003 0.11999999999999999556 0.00000000000000000000 0.49518246325898285232 -0.00481753674101715029 0.00000000000000000000 15
0.57999999999999996003 0.14000000000000001332 0.00000000000000000000 0.49518246325898285232 -0.00481753674101715029 0.00000000000000000000 15
0.57999999999999996003 0.16000000000000000333 0.00000000000000000000 0.49518246325898285232 -0.00481753674101715029 0.00000000000000000000 15
0.57999999999999996003 0.17999999999999999334 0.00000000000000000000 0.49518246325898285232 -0.00481753674101715029 0.00000000000000000000 15
0.57999999999999996003 0.20000000000000001110 0.00000000000000000000 0.49518246325898285232 -0.00481753674101715029 0.00000000000000000000 25
0.57999999999999996003 0.22000000000000000111 0.00000000000000000000 0.49518246325898285232 -0.00481753674101715029 0.00000000000000000000 25
0.57999999999999996003 0.23999999999999999112 0.00000000000000000000 0.49518246325898285232 -0.00481753674101715029 0.00000000000000000000 25
0.57999999999999996003 0.26000000000000000888 0.00000000000000000000 -0.50481753674101714768 -0.00481753674101715029 0.00000000000000000000 25
0.57999999999999996003 0.28000000000000002665 0.00000000000000000000 -0.50481753674101714768 -0.00481753674101715029 0.00000000000000000000 25
0.57999999999999996003 0.29999999999999998890 0.00000000000000000000 -0.50481753674101714768 -0.00481753674101715029 0.00000000000000000000 35
0.57999999999999996003 0.32000000000000000666 0.00000000000000000000 -0.50481753674101714768 -0.00481753674101715029 0.00000000000000000000 35
0.57999999999999996003 0.34000000000000002442 0.00000000000000000000 -0.50481753674101714768 -0.00481753674101715029 0.00000000000000000000 35
0.57999999999999996003 0.35999999999999998668 0.00000000000000000000 -0.50481753674101714768 -0.00481753674101715029 0.00000000000000000000 35
0.57999999999999996003 0.38000000000000000444 0.00000000000000000000 -0.50481753674101714768 -0.00481753674101715029 0.00000000000000000000 35
0.57999999999999996003 0.40000000000000002220 0.00000000000000000000 -0.50481753674101714768 -0.00481753674101715029 0.00000000000000000000 45
0.57999999999999996003 0.41999999999999998446 0.00000000000000000000 -0.50481753674101714768 -0.00481753674101715029 0.00000000000000000000 45
0.57999999999999996003 0.44000000000000000222 0.00000000000000000000 -0.50481753674101714768 -0.00481753674101715029 0.00000000000000000000 45
0.57999999999999996003 0.46000000000000001998 0.00000000000000000000 -0.50481753674101714768 -0.00481753674101715029 0.00000000000000000000 45
0.57999999999999996003 0.47999999999999998224 0.00000000000000000000 -0.50481753674101714768 -0.00481753674101715029 0.00000000000000000000 45
0.57999999999999996003 0.50000000000000000000 0.00000000000000000000 -0.50481753674101714768 -0.00481753674101715029 0.00000000000000000000 55
0.57999999999999996003 0.52000000000000001776 0.00000000000000000000 -0.50481753674101714768 -0.00481753674101715029 0.00000000000000000000 55
0.57999999999999996003 0.54000000000000003553 0.00000000000000000000 -0.50481753674101714768 -0.00481753674101715029 0.00000000000000000000 55
0.57999999999999996003 0.56000000000000005329 0.00000000000000000000 -0.50481753674101714768 -0.00481753674101715029 0.00000000000000000000 55
0.57999999999999996003 0.57999999999999996003 0.00000000000000000000 -0.50481753674101714768 -0.00481753674101715029 0.00000000000000000000 55
0.57999999999999996003 0.59999999999999997780 0.00000000000000000000 -0.50481753674101714768 -0.00481753674101715029 0.00000000000000000000 65
0.57999999999999996003 0.61999999999999999556 0.00000000000000000000 -0.50481753674101714768 -0.00481753674101715029 0.00000000000000000000 65
0.57999999999999996003 0.64000000000000001332 0.00000000000000000000 -0.50481753674101714768 -0.00481753674101715029 0.00000000000000000000 65
0.57999999999999996003 0.66000000000000003109 0.00000000000000000000 -0.50481753674101714768 -0.00481753674101715029 0.00000000000000000000 65
0.57999999999999996003 0.68000000000000004885 0.00000000000000000000 -0.50481753674101714768 -0.00481753674101715029 0.00000000000000000000 65
0.57999999999999996003 0.70000000000000006661 0.00000000000000000000 -0.50481753674101714768 -0.00481753674101715029 0.00000000000000000000 75
0.57999999999999996003 0.71999999999999997335 0.00000000000000000000 -0.50481753674101714768 -0.00481753674101715029 0.00000000000000000000 75
0.57999999999999996003 0.73999999999999999112 0.00000000000000000000 -0.50481753674101714768 -0.00481753674101715029 0.00000000000000000000 75
0.57999999999999996003 0.76000000000000000888 0.00000000000000000000 0.49518246325898285232 -0.00481753674101715029 0.00000000000000000000 75
0.57999999999999996003 0.78000000000000002665 0.00000000000000000000 0.49518246325898285232 -0.00481753674101715029 0.00000000000000000000 75
0.57999999999999996003 0.80000000000000004441 0.00000000000000000000 0.49518246325898285232 -0.00481753674101715029 0.00000000000000000000 85
0.57999999999999996003 0.82000000000000006217 0.00000000000000000000 0.49518246325898285232 -0.00481753674101715029 0.00000000000000000000 85
0.57999999999999996003 0.83999999999999996891 0.00000000000000000000 0.49518246325898285232 -0.00481753674101715029 0.00000000000000000000 85
0.57999999999999996003 0.85999999999999998668 0.00000000000000000000 0.49518246325898285232 -0.00481753674101715029 0.00000000000000000000 85
0.57999999999999996003 0.88000000000000000444 0.00000000000000000000 0.49518246325898285232 -0.00481753674101715029 0.00000000000000000000 85
0.57999999999999996003 0.90000000000000002220 0.00000000000000000000 0.49518246325898285232 -0.00481753674101715029 0.00000000000000000000 95
0.57999999999999996003 0.92000000000000003997 0.00000000000000000000 0.49518246325898285232 -0.00481753674101715029 0.00000000000000000000 95
0.57999999999999996003 0.94000000000000005773 0.00000000000000000000 0.49518246325898285232 -0.00481753674101715029 0.00000000000000000000 95
0.57999999999999996003 0.95999999999999996447 0.00000000000000000000 0.49518246325898285232 -0.00481753674101715029 0.00000000000000000000 95
0.57999999999999996003 0.97999999999999998224 0.00000000000000000000 0.49518246325898285232 -0.00481753674101715029 0.00000000000000000000 95
0.57999999999999996003 1.00000000000000000000 0.00000000000000000000 0.49518246325898285232 -0.00481753674101715029 0.00000000000000000000 95
0.59999999999999997780 0.00000000000000000000 0.00000000000000000000 0.49412214747707527973 -0.00587785252292473068 0.00000000000000000000 6
0.59999999999999997780 0.02000000000000000042 0.00000000000000000000 0.49412214747707527973 -0.00587785252292473068 0.00000000000000000000 6
0.59999999999999997780 0.04000000000000000083 0.00000000000000000000 0.49412214747707527973 -0.00587785252292473068 0.00000000000000000000 6
0.59999999999999997780 0.05999999999999999778 0.00000000000000000000 0.49412214747707527973 -0.00587785252292473068 0.00000000000000000000 6
0.59999999999999997780 0.08000000000000000167 0.00000000000000000000 0.49412214747707527973 -0.00587785252292473068 0.00000000000000000000 6
0.59999999999999997780 0.10000000000000000555 0.00000000000000000000 0.49412214747707527973 -0.00587785252292473068 0.00000000000000000000 16
0.59999999999999997780 0.11999999999999999556 0.00000000000000000000 0.49412214747707527973 -0.00587785252292473068 0.00000000000000000000 16
0.59999999999999997780 0.14000000000000001332 0.00000000000000000000 0.49412214747707527973 -0.00587785252292473068 0.00000000000000000000 16
0.59999999999999997780 0.16000000000000000333 0.00000000000000000000 0.49412214747707527973 -0.00587785252292473068 0.00000000000000000000 16
0.59999999999999997780 0.17999999999999999334 0.00000000000000000000 0.49412214747707527973 -0.00587785252292473068 0.00000000000000000000 16
0.59999999999999997780 0.20000000000000001110 0.00000000000000000000 0.49412214747707527973 -0.00587785252292473068 0.00000000000000000000 26
0.59999999999999997780 0.22000000000000000111 0.00000000000000000000 0.49412214747707527973 -0.00587785252292473068 0.00000000000000000000 26
0.59999999999999997780 0.23999999999999999112 0.00000000000000000000 0.49412214747707527973 -0.00587785252292473068 0.00000000000000000000 26
0.59999999999999997780 0.26000000000000000888 0.00000000000000000000 -0.50587785252292472027 -0.00587785252292473068 0.00000000000000000000 26
0.59999999999999997780 0.28000000000000002665 0.00000000000000000000 -0.50587785252292472027 -0.00587785252292473068 0.00000000000000000000 26
0.59999999999999997780 0.29999999999999998890 0.00000000000000000000 -0.50587785252292472027 -0.00587785252292473068 0.00000000000000000000 36
0.59999999999999997780 0.32000000000000000666 0.00000000000000000000 -0.50587785252292472027 -0.00587785252292473068 0.00000000000000000000 36
0.59999999999999997780 0.34000000000000002442 0.00000000000000000000 -0.50587785252292472027 -0.00587785252292473068 0.00000000000000000000 36
0.59999999999999997780 0.35999999999999998668 0.00000000000000000000 -0.50587785252292472027 -0.00587785252292473068 0.00000000000000000000 36
0.59999999999999997780 0.38000000000000000444 0.00000000000000000000 -0.50587785252292472027 -0.00587785252292473068 0.00000000000000000000 36
0.59999999999999997780 0.40000000000000002220 0.00000000000000000000 -0.50587785252292472027 -0.00587785252292473068 0.00000000000000000000 46
0.59999999999999997780 0.41999999999999998446 0.00000000000000000000 -0.50587785252292472027 -0.00587785252292473068 0.00000000000000000000 46
0.59999999999999997780 0.44000000000000000222 0.00000000000000000000 -0.50587785252292472027 -0.00587785252292473068 0.00000000000000000000 46
0.59999999999999997780 0.46000000000000001998 0.00000000000000000000 -0.50587785252292472027 -0.00587785252292473068 0.00000000000000000000 46
0.59999999999999997780 0.47999999999999998224 0.00000000000000000000 -0.50587785252292472027 -0.00587785252292473068 0.00000000000000000000 46
0.59999999999999997780 0.50000000000000000000 0.00000000000000000000 -0.50587785252292472027 -0.00587785252292473068 0.00000000000000000000 56
0.59999999999999997780 0.52000000000000001776 0.00000000000000000000 -0.50587785252292472027 -0.00587785252292473068 0.00000000000000000000 56
0.59999999999999997780 0.54000000000000003553 0.00000000000000000000 -0.50587785252292472027 -0.00587785252292473068 0.00000000000000000000 56
0.59999999999999997780 0.56000000000000005329 0.00000000000000000000 -0.50587785252292472027 -0.00587785252292473068 0.00000000000000000000 56
0.59999999999999997780 0.57999999999999996003 0.00000000000000000000 -0.50587785252292472027 -0.00587785252292473068 0.00000000000000000000 56
0.59999999999999997780 0.59999999999999997780 0.00000000000000000000 -0.50587785252292472027 -0.00587785252292473068 0.00000000000000000000 66
0.59999999999999997780 0.61999999999999999556 0.00000000000000000000 -0.50587785252292472027 -0.00587785252292473068 0.00000000000000000000 66
0.59999999999999997780 0.64000000000000001332 0.00000000000000000000 -0.50587785252292472027 -0.00587785252292473068 0.00000000000000000000 66
0.59999999999999997780 0.66000000000000003109 0.00000000000000000000 -0.50587785252292472027 -0.00587785252292473068 0.00000000000000000000 66
0.59999999999999997780 0.68000000000000004885 0.00000000000000000000 -0.50587785252292472027 -0.00587785252292473068 0.00000000000000000000 66
0.59999999999999997780 0.70000000000000006661 0.00000000000000000000 -0.50587785252292472027 -0.00587785252292473068 0.00000000000000000000 76
0.59999999999999997780 0.71999999999999997335 0.00000000000000000000 -0.50587785252292472027 -0.00587785252292473068 0.00000000000000000000 76
0.59999999999999997780 0.73999999999999999112 0.00000000000000000000 -0.50587785252292472027 -0.00587785252292473068 0.00000000000000000000 76
0.59999999999999997780 0.76000000000000000888 0.00000000000000000000 0.49412214747707527973 -0.00587785252292473068 0.00000000000000000000 76
0.59999999999999997780 0.78000000000000002665 0.00000000000000000000 0.49412214747707527973 -0.00587785252292473068 0.00000000000000000000 76
0.59999999999999997780 0.80000000000000004441 0.00000000000000000000 0.49412214747707527973 -0.00587785252292473068 0.00000000000000000000 86
0.59999999999999997780 0.82000000000000006217 0.00000000000000000000 0.49412214747707527973 -0.00587785252292473068 0.00000000000000000000 86
0.59999999999999997780 0.83999999999999996891 0.00000000000000000000 0.49412214747707527973 -0.00587785252292473068 0.00000000000000000000 86
0.59999999999999997780 0.85999999999999998668 0.00000000000000000000 0.49412214747707527973 -0.00587785252292473068 0.00000000000000000000 86
0.59999999999999997780 0.88000000000000000444 0.00000000000000000000 0.49412214747707527973 -0.00587785252292473068 0.00000000000000000000 86
0.59999999999999997780 0.90000000000000002220 0.00000000000000000000 0.49412214747707527973 -0.00587785252292473068 0.00000000000000000000 96
0.59999999999999997780 0.92000000000000003997 0.00000000000000000000 0.49412214747707527973 -0.00587785252292473068 0.00000000000000000000 96
0.59999999999999997780 0.94000000000000005773 0.00000000000000000000 0.49412214747707527973 -0.00587785252292473068 0.00000000000000000000 96
0.59999999999999997780 0.95999999999999996447 0.00000000000000000000 0.49412214747707527973 -0.00587785252292473068 0.00000000000000000000 96
0.59999999999999997780 0.97999999999999998224 0.00000000000000000000 0.49412214747707527973 -0.00587785252292473068 0.00000000000000000000 96
0.59999999999999997780 1.00000000000000000000 0.00000000000000000000 0.49412214747707527973 -0.00587785252292473068 0.00000000000000000000 96
0.61999999999999999556 0.00000000000000000000 0.00000000000000000000 0.49315452894071309942 -0.00684547105928688757 0.00000000000000000000 6
0.61999999999999999556 0.02000000000000000042 0.00000000000000000000 0.49315452894071309942 -0.00684547105928688757 0.00000000000000000000 6
0.61999999999999999556 0.04000000000000000083 0.00000000000000000000 0.49315452894071309942 -0.00684547105928688757 0.00000000000000000000 6
0.61999999999999999556 0.05999999999999999778 0.00000000000000000000 0.49315452894071309942 -0.00684547105928688757 0.00000000000000000000 6
0.61999999999999999556 0.08000000000000000167 0.00000000000000000000 0.49315452894071309942 -0.00684547105928688757 0.00000000000000000000 6
0.61999999999999999556 0.10000000000000000555 0.00000000000000000000 0.49315452894071309942 -0.00684547105928688757 0.00000000000000000000 16
0.61999999999999999556 0.11999999999999999556 0.00000000000000000000 0.49315452894071309942 -0.00684547105928688757 0.00000000000000000000 16
0.61999999999999999556 0.14000000000000001332 0.00000000000000000000 0.49315452894071309942 -0.00684547105928688757 0.00000000000000000000 16
0.61999999999999999556 0.16000000000000000333 0.00000000000000000000 0.49315452894071309942 -0.00684547105928688757 0.00000000000000000000 16
0.61999999999999999556 0.17999999999999999334 0.00000000000000000000 0.49315452894071309942 -0.00684547105928688757 0.00000000000000000000 16
0.61999999999999999556 0.20000000000000001110 0.00000000000000000000 0.49315452894071309942 -0.00684547105928688757 0.00000000000000000000 26
0.61999999999999999556 0.22000000000000000111 0.00000000000000000000 0.49315452894071309942 -0.00684547105928688757 0.00000000000000000000 26
0.61999999999999999556 0.23999999999999999112 0.00000000000000000000 0.49315452894071309942 -0.00684547105928688757 0.00000000000000000000 26
0.61999999999999999556 0.26000000000000000888 0.00000000000000000000 -0.50684547105928690058 -0.00684547105928688757 0.00000000000000000000 26
0.61999999999999999556 0.28000000000000002665 0.00000000000000000000 -0.50684547105928690058 -0.00684547105928688757 0.00000000000000000000 26
0.61999999999999999556 0.29999999999999998890 0.00000000000000000000 -0.50684547105928690058 -0.00684547105928688757 0.00000000000000000000 36
0.61999999999999999556 0.32000000000000000666 0.00000000000000000000 -0.50684547105928690058 -0.00684547105928688757 0.00000000000000000000 36
0.61999999999999999556 0.34000000000000002442 0.00000000000000000000 -0.50684547105928690058 -0.00684547105928688757 0.00000000000000000000 36
0.61999999999999999556 0.35999999999999998668 0.00000000000000000000 -0.50684547105928690058 -0.00684547105928688757 0.00000000000000000000 36
0.61999999999999999556 0.38000000000000000444 0.00000000000000000000 -0.50684547105928690058 -0.00684547105928688757 0.00000000000000000000 36
0.61999999999999999556 0.40000000000000002220 0.00000000000000000000 -0.50684547105928690058 -0.00684547105928688757 0.00000000000000000000 46
0.61999999999999999556 0.41999999999999998446 0.00000000000000000000 -0.50684547105928690058 -0.00684547105928688757 0.00000000000000000000 46
0.61999999999999999556 0.44000000000000000222 0.00000000000000000000 -0.50684547105928690058 -0.00684547105928688757 0.00000000000000000000 46
0.61999999999999999556 0.46000000000000001998 0.00000000000000000000 -0.50684547105928690058 -0.00684547105928688757 0.00000000000000000000 46
0.61999999999999999556 0.47999999999999998224 0.00000000000000000000 -0.50684547105928690058 -0.00684547105928688757 0.00000000000000000000 46
0.61999999999999999556 0.50000000000000000000 0.00000000000000000000 -0.50684547105928690058 -0.00684547105928688757 0.00000000000000000000 56
0.61999999999999999556 0.52000000000000001776 0.00000000000000000000 -0.50684547105928690058 -0.00684547105928688757 0.00000000000000000000 56
0.61999999999999999556 0.54000000000000003553 0.00000000000000000000 -0.50684547105928690058 -0.00684547105928688757 0.00000000000000000000 56
0.61999999999999999556 0.56000000000000005329 0.00000000000000000000 -0.50684547105928690058 -0.00684547105928688757 0.00000000000000000000 56
0.61999999999999999556 0.57999999999999996003 0.00000000000000000000 -0.50684547105928690058 -0.00684547105928688757 0.00000000000000000000 56
0.61999999999999999556 0.59999999999999997780 0.00000000000000000000 -0.50684547105928690058 -0.00684547105928688757 0.00000000000000000000 66
0.61999999999999999556 0.61999999999999999556 0.00000000000000000000 -0.50684547105928690058 -0.00684547105928688757 0.00000000000000000000 66
0.61999999999999999556 0.64000000000000001332 0.00000000000000000000 -0.50684547105928690058 -0.00684547105928688757 0.00000000000000000000 66
0.61999999999999999556 0.66000000000000003109 0.00000000000000000000 -0.50684547105928690058 -0.00684547105928688757 0.00000000000000000000 66
0.61999999999999999556 0.68000000000000004885 0.00000000000000000000 -0.50684547105928690058 -0.00684547105928688757 0.00000000000000000000 66
0.61999999999999999556 0.70000000000000006661 0.00000000000000000000 -0.50684547105928690058 -0.00684547105928688757 0.00000000000000000000 76
0.61999999999999999556 0.71999999999999997335 0.00000000000000000000 -0.50684547105928690058 -0.00684547105928688757 0.00000000000000000000 76
0.61999999999999999556 0.73999999999999999112 0.00000000000000000000 -0.50684547105928690058 -0.00684547105928688757 0.00000000000000000000 76
0.61999999999999999556 0.76000000000000000888 0.00000000000000000000 0.49315452894071309942 -0.00684547105928688757 0.00000000000000000000 76
0.61999999999999999556 0.78000000000000002665 0.00000000000000000000 0.49315452894071309942 -0.00684547105928688757 0.00000000000000000000 76
0.61999999999999999556 0.80000000000000004441 0.00000000000000000000 0.49315452894071309942 -0.00684547105928688757 0.00000000000000000000 86
0.61999999999999999556 0.82000000000000006217 0.00000000000000000000 0.49315452894071309942 -0.00684547105928688757 0.00000000000000000000 86
0.61999999999999999556 0.83999999999999996891 0.00000000000000000000 0.49315452894071309942 -0.00684547105928688757 0.00000000000000000000 86
0.61999999999999999556 0.85999999999999998668 0.00000000000000000000 0.49315452894071309942 -0.00684547105928688757 0.00000000000000000000 86
0.61999999999999999556 0.88000000000000000444 0.00000000000000000000 0.49315452894071309942 -0.00684547105928688757 0.00000000000000000000 86
0.61999999999999999556 0.90000000000000002220 0.00000000000000000000 0.49315452894071309942 -0.00684547105928688757 0.00000000000000000000 96
0.61999999999999999556 0.92000000000000003997 0.00000000000000000000 0.49315452894071309942 -0.00684547105928688757 0.00000000000000000000 96
0.61999999999999999556 0.94000000000000005773 0.00000000000000000000 0.49315452894071309942 -0.00684547105928688757 0.00000000000000000000 96
0.61999999999999999556 0.95999999999999996447 0.00000000000000000000 0.49315452894071309942 -0.00684547105928688757 0.00000000000000000000 96
0.61999999999999999556 0.97999999999999998224 0.00000000000000000000 0.49315452894071309942 -0.00684547105928688757 0.00000000000000000000 96
0.61999999999999999556 1.00000000000000000000 0.00000000000000000000 0.49315452894071309942 -0.00684547105928688757 0.00000000000000000000 96
0.64000000000000001332 0.00000000000000000000 0.00000000000000000000 0.49229486757224211191 -0.00770513242775789416 0.00000000000000000000 6
0.64000000000000001332 0.02000000000000000042 0.00000000000000000000 0.49229486757224211191 -0.00770513242775789416 0.00000000000000000000 6
0.64000000000000001332 0.04000000000000000083 0.00000000000000000000 0.49229486757224211191 -0.00770513242775789416 0.00000000000000000000 6
0.64000000000000001332 0.05999999999999999778 0.00000000000000000000 0.49229486757224211191 -0.00770513242775789416 0.00000000000000000000 6
0.64000000000000001332 0.08000000000000000167 0.00000000000000000000 0.49229486757224211191 -0.00770513242775789416 0.00000000000000000000 6
0.64000000000000001332 0.10000000000000000555 0.00000000000000000000 0.49229486757224211191 -0.00770513242775789416 0.00000000000000000000 16
0.64000000000000001332 0.11999999999999999556 0.00000000000000000000 0.49229486757224211191 -0.00770513242775789416 0.00000000000000000000 16
0.64000000000000001332 0.14000000000000001332 0.00000000000000000000 0.49229486757224211191 -0.00770513242775789416 0.00000000000000000000 16
0.64000000000000001332 0.16000000000000000333 0.00000000000000000000 0.49229486757224211191 -0.00770513242775789416 0.00000000000000000000 16
0.64000000000000001332 0.17999999999999999334 0.00000000000000000000 0.49229486757224211191 -0.00770513242775789416 0.00000000000000000000 16
0.64000000000000001332 0.20000000000000001110 0.00000000000000000000 0.49229486757224211191 -0.00770513242775789416 0.00000000000000000000 26
0.64000000000000001332 0.22000000000000000111 0.00000000000000000000 0.49229486757224211191 -0.00770513242775789416 0.00000000000000000000 26
0.64000000000000001332 0.23999999999999999112 0.00000000000000000000 0.49229486757224211191 -0.00770513242775789416 0.00000000000000000000 26
0.64000000000000001332 0.26000000000000000888 0.00000000000000000000 -0.50770513242775794360 -0.00770513242775789416 0.00000000000000000000 26
0.64000000000000001332 0.28000000000000002665 0.00000000000000000000 -0.50770513242775794360 -0.00770513242775789416 0.00000000000000000000 26
0.64000000000000001332 0.29999999999999998890 0.00000000000000000000 -0.50770513242775794360 -0.00770513242775789416 0.00000000000000000000 36
0.64000000000000001332 0.32000000000000000666 0.00000000000000000000 -0.50770513242775794360 -0.00770513242775789416 0.00000000000000000000 36
0.64000000000000001332 0.34000000000000002442 0.00000000000000000000 -0.50770513242775794360 -0.00770513242775789416 0.00000000000000000000 36
0.64000000000000001332 0.35999999999999998668 0.00000000000000000000 -0.50770513242775794360 -0.00770513242775789416 0.00000000000000000000 36
0.64000000000000001332 0.38000000000000000444 0.00000000000000000000 -0.50770513242775794360 -0.00770513242775789416 0.00000000000000000000 36
0.64000000000000001332 0.40000000000000002220 0.00000000000000000000 -0.50770513242775794360 -0.00770513242775789416 0.00000000000000000000 46
0.64000000000000001332 0.41999999999999998446 0.00000000000000000000 -0.50770513242775794360 -0.00770513242775789416 0.00000000000000000000 46
0.64000000000000001332 0.44000000000000000222 0.00000000000000000000 -0.50770513242775794360 -0.00770513242775789416 0.00000000000000000000 46
0.64000000000000001332 0.46000000000000001998 0.00000000000000000000 -0.50770513242775794360 -0.00770513242775789416 0.00000000000000000000 46
0.64000000000000001332 0.47999999999999998224 0.00000000000000000000 -0.50770513242775794360 -0.00770513242775789416 0.00000000000000000000 46
0.64000000000000001332 0.50000000000000000000 0.00000000000000000000 -0.50770513242775794360 -0.00770513242775789416 0.00000000000000000000 56
0.64000000000000001332 0.52000000000000001776 0.00000000000000000000 -0.50770513242775794360 -0.00770513242775789416 0.00000000000000000000 56
0.64000000000000001332 0.54000000000000003553 0.00000000000000000000 -0.50770513242775794360 -0.00770513242775789416 0.00000000000000000000 56
0.64000000000000001332 0.56000000000000005329 0.00000000000000000000 -0.50770513242775794360 -0.00770513242775789416 0.00000000000000000000 56
0.64000000000000001332 0.57999999999999996003 0.00000000000000000000 -0.50770513242775794360 -0.00770513242775789416 0.00000000000000000000 56
0.64000000000000001332 0.59999999999999997780 0.00000000000000000000 -0.50770513242775794360 -0.00770513242775789416 0.00000000000000000000 66
0.64000000000000001332 0.61999999999999999556 0.00000000000000000000 -0.50770513242775794360 -0.00770513242775789416 0.00000000000000000000 66
0.64000000000000001332 0.64000000000000001332 0.00000000000000000000 -0.50770513242775794360 -0.00770513242775789416 0.00000000000000000000 66
0.64000000000000001332 0.66000000000000003109 0.00000000000000000000 -0.50770513242775794360 -0.00770513242775789416 0.00000000000000000000 66
0.64000000000000001332 0.68000000000000004885 0.00000000000000000000 -0.50770513242775794360 -0.00770513242775789416 0.00000000000000000000 66
0.64000000000000001332 0.70000000000000006661 0.00000000000000000000 -0.50770513242775794360 -0.00770513242775789416 0.00000000000000000000 76
0.64000000000000001332 0.71999999999999997335 0.00000000000000000000 -0.50770513242775794360 -0.00770513242775789416 0.00000000000000000000 76
0.64000000000000001332 0.73999999999999999112 0.00000000000000000000 -0.50770513242775794360 -0.00770513242775789416 0.00000000000000000000 76
0.64000000000000001332 0.76000000000000000888 0.00000000000000000000 0.49229486757224211191 -0.00770513242775789416 0.00000000000000000000 76
0.64000000000000001332 0.78000000000000002665 0.00000000000000000000 0.49229486757224211191 -0.00770513242775789416 0.00000000000000000000 76
0.64000000000000001332 0.80000000000000004441 0.00000000000000000000 0.49229486757224211191 -0.00770513242775789416 0.00000000000000000000 86
0.64000000000000001332 0.82000000000000006217 0.00000000000000000000 0.49229486757224211191 -0.00770513242775789416 0.00000000000000000000 86
0.64000000000000001332 0.83999999999999996891 0.00000000000000000000 0.49229486757224211191 -0.00770513242775789416 0.00000000000000000000 86
0.64000000000000001332 0.85999999999999998668 0.00000000000000000000 0.49229486757224211191 -0.00770513242775789416 0.00000000000000000000 86
0.64000000000000001332 0.88000000000000000444 0.00000000000000000000 0.49229486757224211191 -0.00770513242775789416 0.00000000000000000000 86
0.64000000000000001332 0.90000000000000002220 0.00000000000000000000 0.49229486757224211191 -0.00770513242775789416 0.00000000000000000000 96
0.64000000000000001332 0.92000000000000003997 0.00000000000000000000 0.49229486757224211191 -0.00770513242775789416 0.00000000000000000000 96
0.64000000000000001332 0.94000000000000005773 0.00000000000000000000 0.49229486757224211191 -0.00770513242775789416 0.00000000000000000000 96
0.64000000000000001332 0.95999999999999996447 0.00000000000000000000 0.49229486757224211191 -0.00770513242775789416 0.00000000000000000000 96
0.64000000000000001332 0.97999999999999998224 0.00000000000000000000 0.49229486757224211191 -0.00770513242775789416 0.00000000000000000000 96
0.64000000000000001332 1.00000000000000000000 0.00000000000000000000 0.49229486757224211191 -0.00770513242775789416 0.00000000000000000000 96
0.66000000000000003109 0.00000000000000000000 0.00000000000000000000 0.49155672074497985813 -0.00844327925502015401 0.00000000000000000000 6
0.66000000000000003109 0.02000000000000000042 0.00000000000000000000 0.49155672074497985813 -0.00844327925502015401 0.00000000000000000000 6
0.66000000000000003109 0.04000000000000000083 0.00000000000000000000 0.49155672074497985813 -0.00844327925502015401 0.00000000000000000000 6
0.66000000000000003109 0.05999999999999999778 0.00000000000000000000 0.49155672074497985813 -0.00844327925502015401 0.00000000000000000000 6
0.66000000000000003109 0.08000000000000000167 0.00000000000000000000 0.49155672074497985813 -0.00844327925502015401 0.00000000000000000000 6
0.66000000000000003109 0.10000000000000000555 0.00000000000000000000 0.49155672074497985813 -0.00844327925502015401 0.00000000000000000000 16
0.66000000000000003109 0.11999999999999999556 0.00000000000000000000 0.49155672074497985813 -0.00844327925502015401 0.00000000000000000000 16
0.66000000000000003109 0.14000000000000001332 0.00000000000000000000 0.49155672074497985813 -0.00844327925502015401 0.00000000000000000000 16
0.66000000000000003109 0.16000000000000000333 0.00000000000000000000 0.49155672074497985813 -0.00844327925502015401 0.00000000000000000000 16
0.66000000000000003109 0.17999999999999999334 0.00000000000000000000 0.49155672074497985813 -0.00844327925502015401 0.00000000000000000000 16
0.66000000000000003109 0.20000000000000001110 0.00000000000000000000 0.49155672074497985813 -0.00844327925502015401 0.00000000000000000000 26
0.66000000000000003109 0.22000000000000000111 0.00000000000000000000 0.49155672074497985813 -0.00844327925502015401 0.00000000000000000000 26
0.66000000000000003109 0.23999999999999999112 0.00000000000000000000 0.49155672074497985813 -0.00844327925502015401 0.00000000000000000000 26
0.66000000000000003109 0.26000000000000000888 0.00000000000000000000 -0.50844327925502019738 -0.00844327925502015401 0.00000000000000000000 26
0.66000000000000003109 0.28000000000000002665 0.00000000000000000000 -0.50844327925502019738 -0.00844327925502015401 0.00000000000000000000 26
0.66000000000000003109 0.29999999999999998890 0.00000000000000000000 -0.50844327925502019738 -0.00844327925502015401 0.00000000000000000000 36
0.66000000000000003109 0.32000000000000000666 0.00000000000000000000 -0.50844327925502019738 -0.00844327925502015401 0.00000000000000000000 36
0.66000000000000003109 0.34000000000000002442 0.00000000000000000000 -0.50844327925502019738 -0.00844327925502015401 0.00000000000000000000 36
0.66000000000000003109 0.35999999999999998668 0.00000000000000000000 -0.50844327925502019738 -0.00844327925502015401 0.00000000000000000000 36
0.66000000000000003109 0.38000000000000000444 0.00000000000000000000 -0.50844327925502019738 -0.00844327925502015401 0.00000000000000000000 36
0.66000000000000003109 0.40000000000000002220 0.00000000000000000000 -0.50844327925502019738 -0.00844327925502015401 0.00000000000000000000 46
0.66000000000000003109 0.41999999999999998446 0.00000000000000000000 -0.50844327925502019738 -0.00844327925502015401 0.00000000000000000000 46
0.66000000000000003109 0.44000000000000000222 0.00000000000000000000 -0.50844327925502019738 -0.00844327925502015401 0.00000000000000000000 46
0.66000000000000003109 0.46000000000000001998 0.00000000000000000000 -0.50844327925502019738 -0.00844327925502015401 0.00000000000000000000 46
0.66000000000000003109 0.47999999999999998224 0.00000000000000000000 -0.50844327925502019738 -0.00844327925502015401 0.00000000000000000000 46
0.66000000000000003109 0.50000000000000000000 0.00000000000000000000 -0.50844327925502019738 -0.00844327925502015401 0.00000000000000000000 56
0.66000000000000003109 0.52000000000000001776 0.00000000000000000000 -0.50844327925502019738 -0.00844327925502015401 0.00000000000000000000 56
0.66000000000000003109 0.54000000000000003553 0.00000000000000000000 -0.50844327925502019738 -0.00844327925502015401 0.00000000000000000000 56
0.66000000000000003109 0.56000000000000005329 0.00000000000000000000 -0.50844327925502019738 -0.00844327925502015401 0.00000000000000000000 56
0.66000000000000003109 0.57999999999999996003 0.00000000000000000000 -0.50844327925502019738 -0.00844327925502015401 0.00000000000000000000 56
0.66000000000000003109 0.59999999999999997780 0.00000000000000000000 -0.50844327925502019738 -0.00844327925502015401 0.00000000000000000000 66
0.66000000000000003109 0.61999999999999999556 0.00000000000000000000 -0.50844327925502019738 -0.00844327925502015401 0.00000000000000000000 66
0.66000000000000003109 0.64000000000000001332 0.00000000000000000000 -0.50844327925502019738 -0.00844327925502015401 0.00000000000000000000 66
0.66000000000000003109 0.66000000000000003109 0.00000000000000000000 -0.50844327925502019738 -0.00844327925502015401 0.00000000000000000000 66
0.66000000000000003109 0.68000000000000004885 0.00000000000000000000 -0.50844327925502019738 -0.00844327925502015401 0.00000000000000000000 66
0.66000000000000003109 0.70000000000000006661 0.00000000000000000000 -0.50844327925502019738 -0.00844327925502015401 0.00000000000000000000 76
0.66000000000000003109 0.71999999999999997335 0.00000000000000000000 -0.50844327925502019738 -0.00844327925502015401 0.00000000000000000000 76
0.66000000000000003109 0.73999999999999999112 0.00000000000000000000 -0.50844327925502019738 -0.00844327925502015401 0.00000000000000000000 76
0.66000000000000003109 0.76000000000000000888 0.00000000000000000000 0.49155672074497985813 -0.00844327925502015401 0.00000000000000000000 76
0.66000000000000003109 0.78000000000000002665 0.00000000000000000000 0.49155672074497985813 -0.00844327925502015401 0.00000000000000000000 76
0.66000000000000003109 0.80000000000000004441 0.00000000000000000000 0.49155672074497985813 -0.00844327925502015401 0.00000000000000000000 86
0.66000000000000003109 0.82000000000000006217 0.00000000000000000000 0.49155672074497985813 -0.00844327925502015401 0.00000000000000000000 86
0.66000000000000003109 0.83999999999999996891 0.00000000000000000000 0.49155672074497985813 -0.00844327925502015401 0.00000000000000000000 86
0.66000000000000003109 0.85999999999999998668 0.00000000000000000000 0.49155672074497985813 -0.00844327925502015401 0.00000000000000000000 86
0.66000000000000003109 0.88000000000000000444 0.00000000000000000000 0.49155672074497985813 -0.00844327925502015401 0.00000000000000000000 86
0.66000000000000003109 0.90000000000000002220 0.00000000000000000000 0.49155672074497985813 -0.00844327925502015401 0.00000000000000000000 96
0.66000000000000003109 0.92000000000000003997 0.00000000000000000000 0.49155672074497985813 -0.00844327925502015401 0.00000000000000000000 96
0.66000000000000003109 0.94000000000000005773 0.00000000000000000000 0.49155672074497985813 -0.00844327925502015401 0.00000000000000000000 96
0.66000000000000003109 0.95999999999999996447 0.00000000000000000000 0.49155672074497985813 -0.00844327925502015401 0.00000000000000000000 96
0.66000000000000003109 0.97999999999999998224 0.00000000000000000000 0.49155672074497985813 -0.00844327925502015401 0.00000000000000000000 96
0.66000000000000003109 1.00000000000000000000 0.00000000000000000000 0.49155672074497985813 -0.00844327925502015401 0.00000000000000000000 96
0.68000000000000004885 0.00000000000000000000 0.00000000000000000000 0.49095172947533982644 -0.00904827052466019785 0.00000000000000000000 6
0.68000000000000004885 0.02000000000000000042 0.00000000000000000000 0.49095172947533982644 -0.00904827052466019785 0.00000000000000000000 6
0.68000000000000004885 0.04000000000000000083 0.00000000000000000000 0.49095172947533982644 -0.00904827052466019785 0.00000000000000000000 6
0.68000000000000004885 0.05999999999999999778 0.00000000000000000000 0.49095172947533982644 -0.00904827052466019785 0.00000000000000000000 6
0.68000000000000004885 0.08000000000000000167 0.00000000000000000000 0.49095172947533982644 -0.00904827052466019785 0.00000000000000000000 6
0.68000000000000004885 0.10000000000000000555 0.00000000000000000000 0.49095172947533982644 -0.00904827052466019785 0.00000000000000000000 16
0.68000000000000004885 0.11999999999999999556 0.00000000000000000000 0.49095172947533982644 -0.00904827052466019785 0.00000000000000000000 16
0.68000000000000004885 0.14000000000000001332 0.00000000000000000000 0.49095172947533982644 -0.00904827052466019785 0.00000000000000000000 16
0.68000000000000004885 0.16000000000000000333 0.00000000000000000000 0.49095172947533982644 -0.00904827052466019785 0.00000000000000000000 16
0.68000000000000004885 0.17999999999999999334 0.00000000000000000000 0.49095172947533982644 -0.00904827052466019785 0.00000000000000000000 16
0.68000000000000004885 0.20000000000000001110 0.00000000000000000000 0.49095172947533982644 -0.00904827052466019785 0.00000000000000000000 26
0.68000000000000004885 0.22000000000000000111 0.00000000000000000000 0.49095172947533982644 -0.00904827052466019785 0.00000000000000000000 26
0.68000000000000004885 0.23999999999999999112 0.00000000000000000000 0.49095172947533982644 -0.00904827052466019785 0.00000000000000000000 26
0.68000000000000004885 0.26000000000000000888 0.00000000000000000000 -0.50904827052466017356 -0.00904827052466019785 0.00000000000000000000 26
0.68000000000000004885 0.28000000000000002665 0.00000000000000000000 -0.50904827052466017356 -0.00904827052466019785 0.00000000000000000000 26
0.68000000000000004885 0.29999999999999998890 0.00000000000000000000 -0.50904827052466017356 -0.00904827052466019785 0.00000000000000000000 36
0.68000000000000004885 0.32000000000000000666 0.00000000000000000000 -0.50904827052466017356 -0.00904827052466019785 0.00000000000000000000 36
0.68000000000000004885 0.34000000000000002442 0.00000000000000000000 -0.50904827052466017356 -0.00904827052466019785 0.00000000000000000000 36
0.68000000000000004885 0.35999999999999998668 0.00000000000000000000 -0.50904827052466017356 -0.00904827052466019785 0.00000000000000000000 36
0.68000000000000004885 0.38000000000000000444 0.00000000000000000000 -0.50904827052466017356 -0.00904827052466019785 0.00000000000000000000 36
0.68000000000000004885 0.40000000000000002220 0.00000000000000000000 -0.50904827052466017356 -0.00904827052466019785 0.00000000000000000000 46
0.68000000000000004885 0.41999999999999998446 0.00000000000000000000 -0.50904827052466017356 -0.00904827052466019785 0.00000000000000000000 46
0.68000000000000004885 0.44000000000000000222 0.00000000000000000000 -0.50904827052466017356 -0.00904827052466019785 0.00000000000000000000 46
0.68000000000000004885 0.46000000000000001998 0.00000000000000000000 -0.50904827052466017356 -0.00904827052466019785 0.00000000000000000000 46
0.68000000000000004885 0.47999999999999998224 0.00000000000000000000 -0.50904827052466017356 -0.00904827052466019785 0.00000000000000000000 46
0.68000000000000004885 0.50000000000000000000 0.00000000000000000000 -0.50904827052466017356 -0.00904827052466019785 0.00000000000000000000 56
0.68000000000000004885 0.52000000000000001776 0.00000000000000000000 -0.50904827052466017356 -0.00904827052466019785 0.00000000000000000000 56
0.68000000000000004885 0.54000000000000003553 0.00000000000000000000 -0.50904827052466017356 -0.00904827052466019785 0.00000000000000000000 56
0.68000000000000004885 0.56000000000000005329 0.00000000000000000000 -0.50904827052466017356 -0.00904827052466019785 0.00000000000000000000 56
0.68000000000000004885 0.57999999999999996003 0.00000000000000000000 -0.50904827052466017356 -0.00904827052466019785 0.00000000000000000000 56
0.68000000000000004885 0.59999999999999997780 0.00000000000000000000 -0.50904827052466017356 -0.00904827052466019785 0.00000000000000000000 66
0.68000000000000004885 0.61999999999999999556 0.00000000000000000000 -0.50904827052466017356 -0.00904827052466019785 0.00000000000000000000 66
0.68000000000000004885 0.64000000000000001332 0.00000000000000000000 -0.50904827052466017356 -0.00904827052466019785 0.00000000000000000000 66
0.68000000000000004885 0.66000000000000003109 0.00000000000000000000 -0.50904827052466017356 -0.00904827052466019785 0.00000000000000000000 66
0.68000000000000004885 0.68000000000000004885 0.00000000000000000000 -0.50904827052466017356 -0.00904827052466019785 0.00000000000000000000 66
0.68000000000000004885 0.70000000000000006661 0.00000000000000000000 -0.50904827052466017356 -0.00904827052466019785 0.00000000000000000000 76
0.68000000000000004885 0.71999999999999997335 0.00000000000000000000 -0.50904827052466017356 -0.00904827052466019785 0.00000000000000000000 76
0.68000000000000004885 0.73999999999999999112 0.00000000000000000000 -0.50904827052466017356 -0.00904827052466019785 0.00000000000000000000 76
0.68000000000000004885 0.76000000000000000888 0.00000000000000000000 0.49095172947533982644 -0.00904827052466019785 0.00000000000000000000 76
0.68000000000000004885 0.78000000000000002665 0.00000000000000000000 0.49095172947533982644 -0.00904827052466019785 0.00000000000000000000 76
0.68000000000000004885 0.80000000000000004441 0.00000000000000000000 0.49095172947533982644 -0.00904827052466019785 0.00000000000000000000 86
0.68000000000000004885 0.82000000000000006217 0.00000000000000000000 0.49095172947533982644 -0.00904827052466019785 0.00000000000000000000 86
0.68000000000000004885 0.83999999999999996891 0.00000000000000000000 0.49095172947533982644 -0.00904827052466019785 0.00000000000000000000 86
0.68000000000000004885 0.85999999999999998668 0.00000000000000000000 0.49095172947533982644 -0.00904827052466019785 0.00000000000000000000 86
0.68000000000000004885 0.88000000000000000444 0.00000000000000000000 0.49095172947533982644 -0.00904827052466019785 0.00000000000000000000 86
0.68000000000000004885 0.90000000000000002220 0.00000000000000000000 0.49095172947533982644 -0.00904827052466019785 0.00000000000000000000 96
0.68000000000000004885 0.92000000000000003997 0.00000000000000000000 0.49095172947533982644 -0.00904827052466019785 0.00000000000000000000 96
0.68000000000000004885 0.94000000000000005773 0.00000000000000000000 0.49095172947533982644 -0.00904827052466019785 0.00000000000000000000 96
0.68000000000000004885 0.95999999999999996447 0.00000000000000000000 0.49095172947533982644 -0.00904827052466019785 0.00000000000000000000 96
0.68000000000000004885 0.97999999999999998224 0.00000000000000000000 0.49095172947533982644 -0.00904827052466019785 0.00000000000000000000 96
0.68000000000000004885 1.00000000000000000000 0.00000000000000000000 0.49095172947533982644 -0.00904827052466019785 0.00000000000000000000 96
0.70000000000000006661 0.00000000000000000000 0.00000000000000000000 0.49048943483704848800 -0.00951056516295153628 0.00000000000000000000 7
0.70000000000000006661 0.02000000000000000042 0.00000000000000000000 0.49048943483704848800 -0.00951056516295153628 0.00000000000000000000 7
0.70000000000000006661 0.04000000000000000083 0.00000000000000000000 0.49048943483704848800 -0.00951056516295153628 0.00000000000000000000 7
0.70000000000000006661 0.05999999999999999778 0.00000000000000000000 0.49048943483704848800 -0.00951056516295153628 0.00000000000000000000 7
0.70000000000000006661 0.08000000000000000167 0.00000000000000000000 0.49048943483704848800 -0.00951056516295153628 0.00000000000000000000 7
0.70000000000000006661 0.10000000000000000555 0.00000000000000000000 0.49048943483704848800 -0.00951056516295153628 0.00000000000000000000 17
0.70000000000000006661 0.11999999999999999556 0.00000000000000000000 0.49048943483704848800 -0.00951056516295153628 0.00000000000000000000 17
0.70000000000000006661 0.14000000000000001332 0.00000000000000000000 0.49048943483704848800 -0.00951056516295153628 0.00000000000000000000 17
0.70000000000000006661 0.16000000000000000333 0.00000000000000000000 0.49048943483704848800 -0.00951056516295153628 0.00000000000000000000 17
0.70000000000000006661 0.17999999999999999334 0.00000000000000000000 0.49048943483704848800 -0.00951056516295153628 0.00000000000000000000 17
0.70000000000000006661 0.20000000000000001110 0.00000000000000000000 0.49048943483704848800 -0.00951056516295153628 0.00000000000000000000 27
0.70000000000000006661 0.22000000000000000111 0.00000000000000000000 0.49048943483704848800 -0.00951056516295153628 0.00000000000000000000 27
0.70000000000000006661 0.23999999999999999112 0.00000000000000000000 0.49048943483704848800 -0.00951056516295153628 0.00000000000000000000 27
0.70000000000000006661 0.26000000000000000888 0.00000000000000000000 -0.50951056516295156751 -0.00951056516295153628 0.00000000000000000000 27
0.70000000000000006661 0.28000000000000002665 0.00000000000000000000 -0.50951056516295156751 -0.00951056516295153628 0.00000000000000000000 27
0.70000000000000006661 0.29999999999999998890 0.00000000000000000000 -0.50951056516295156751 -0.00951056516295153628 0.00000000000000000000 37
0.70000000000000006661 0.32000000000000000666 0.00000000000000000000 -0.50951056516295156751 -0.00951056516295153628 0.00000000000000000000 37
0.70000000000000006661 0.34000000000000002442 0.00000000000000000000 -0.50951056516295156751 -0.00951056516295153628 0.00000000000000000000 37
0.70000000000000006661 0.35999999999999998668 0.00000000000000000000 -0.50951056516295156751 -0.00951056516295153628 0.00000000000000000000 37
0.70000000000000006661 0.38000000000000000444 0.00000000000000000000 -0.50951056516295156751 -0.00951056516295153628 0.00000000000000000000 37
0.70000000000000006661 0.40000000000000002220 0.00000000000000000000 -0.50951056516295156751 -0.00951056516295153628 0.00000000000000000000 47
0.70000000000000006661 0.41999999999999998446 0.00000000000000000000 -0.50951056516295156751 -0.00951056516295153628 0.00000000000000000000 47
0.70000000000000006661 0.44000000000000000222 0.00000000000000000000 -0.50951056516295156751 -0.00951056516295153628 0.00000000000000000000 47
0.70000000000000006661 0.46000000000000001998 0.00000000000000000000 -0.50951056516295156751 -0.00951056516295153628 0.00000000000000000000 47
0.70000000000000006661 0.47999999999999998224 0.00000000000000000000 -0.50951056516295156751 -0.00951056516295153628 0.00000000000000000000 47
0.70000000000000006661 0.50000000000000000000 0.00000000000000000000 -0.50951056516295156751 -0.00951056516295153628 0.00000000000000000000 57
0.70000000000000006661 0.52000000000000001776 0.00000000000000000000 -0.50951056516295156751 -0.00951056516295153628 0.00000000000000000000 57
0.70000000000000006661 0.54000000000000003553 0.00000000000000000000 -0.50951056516295156751 -0.00951056516295153628 0.00000000000000000000 57
0.70000000000000006661 0.56000000000000005329 0.00000000000000000000 -0.50951056516295156751 -0.00951056516295153628 0.00000000000000000000 57
0.70000000000000006661 0.57999999999999996003 0.00000000000000000000 -0.50951056516295156751 -0.00951056516295153628 0.00000000000000000000 57
0.70000000000000006661 0.59999999999999997780 0.00000000000000000000 -0.50951056516295156751 -0.00951056516295153628 0.00000000000000000000 67
0.70000000000000006661 0.61999999999999999556 0.00000000000000000000 -0.50951056516295156751 -0.00951056516295153628 0.00000000000000000000 67
0.70000000000000006661 0.64000000000000001332 0.00000000000000000000 -0.50951056516295156751 -0.00951056516295153628 0.00000000000000000000 67
0.70000000000000006661 0.66000000000000003109 0.00000000000000000000 -0.50951056516295156751 -0.00951056516295153628 0.00000000000000000000 67
0.70000000000000006661 0.68000000000000004885 0.00000000000000000000 -0.50951056516295156751 -0.00951056516295153628 0.00000000000000000000 67
0.70000000000000006661 0.70000000000000006661 0.00000000000000000000 -0.50951056516295156751 -0.00951056516295153628 0.00000000000000000000 77
0.70000000000000006661 0.71999999999999997335 0.00000000000000000000 -0.50951056516295156751 -0.00951056516295153628 0.00000000000000000000 77
0.70000000000000006661 0.73999999999999999112 0.00000000000000000000 -0.50951056516295156751 -0.00951056516295153628 0.00000000000000000000 77
0.70000000000000006661 0.76000000000000000888 0.00000000000000000000 0.49048943483704848800 -0.00951056516295153628 0.00000000000000000000 77
0.70000000000000006661 0.78000000000000002665 0.00000000000000000000 0.49048943483704848800 -0.00951056516295153628 0.00000000000000000000 77
0.70000000000000006661 0.80000000000000004441 0.00000000000000000000 0.49048943483704848800 -0.00951056516295153628 0.00000000000000000000 87
0.70000000000000006661 0.82000000000000006217 0.00000000000000000000 0.49048943483704848800 -0.00951056516295153628 0.00000000000000000000 87
0.70000000000000006661 0.83999999999999996891 0.00000000000000000000 0.49048943483704848800 -0.00951056516295153628 0.00000000000000000000 87
0.70000000000000006661 0.85999999999999998668 0.00000000000000000000 0.49048943483704848800 -0.00951056516295153628 0.00000000000000000000 87
0.70000000000000006661 0.88000000000000000444 0.00000000000000000000 0.49048943483704848800 -0.00951056516295153628 0.00000000000000000000 87
0.70000000000000006661 0.90000000000000002220 0.00000000000000000000 0.49048943483704848800 -0.00951056516295153628 0.00000000000000000000 97
0.70000000000000006661 0.92000000000000003997 0.00000000000000000000 0.49048943483704848800 -0.00951056516295153628 0.00000000000000000000 97
0.70000000000000006661 0.94000000000000005773 0.00000000000000000000 0.49048943483704848800 -0.00951056516295153628 0.00000000000000000000 97
0.70000000000000006661 0.95999999999999996447 0.00000000000000000000 0.49048943483704848800 -0.00951056516295153628 0.00000000000000000000 97
0.70000000000000006661 0.97999999999999998224 0.00000000000000000000 0.49048943483704848800 -0.00951056516295153628 0.00000000000000000000 97
0.70000000000000006661 1.00000000000000000000 0.00000000000000000000 0.49048943483704848800 -0.00951056516295153628 0.00000000000000000000 97
0.71999999999999997335 0.00000000000000000000 0.00000000000000000000 0.49017712749271313832 -0.00982287250728688770 0.00000000000000000000 7
0.71999999999999997335 0.02000000000000000042 0.00000000000000000000 0.49017712749271313832 -0.00982287250728688770 0.00000000000000000000 7
0.71999999999999997335 0.04000000000000000083 0.00000000000000000000 0.49017712749271313832 -0.00982287250728688770 0.00000000000000000000 7
0.71999999999999997335 0.05999999999999999778 0.00000000000000000000 0.49017712749271313832 -0.00982287250728688770 0.00000000000000000000 7
0.71999999999999997335 0.08000000000000000167 0.00000000000000000000 0.49017712749271313832 -0.00982287250728688770 0.00000000000000000000 7
0.71999999999999997335 0.10000000000000000555 0.00000000000000000000 0.49017712749271313832 -0.00982287250728688770 0.00000000000000000000 17
0.71999999999999997335 0.11999999999999999556 0.00000000000000000000 0.49017712749271313832 -0.00982287250728688770 0.00000000000000000000 17
0.71999999999999997335 0.14000000000000001332 0.00000000000000000000 0.49017712749271313832 -0.00982287250728688770 0.00000000000000000000 17
0.71999999999999997335 0.16000000000000000333 0.00000000000000000000 0.49017712749271313832 -0.00982287250728688770 0.00000000000000000000 17
0.71999999999999997335 0.17999999999999999334 0.00000000000000000000 0.49017712749271313832 -0.00982287250728688770 0.00000000000000000000 17
0.71999999999999997335 0.20000000000000001110 0.00000000000000000000 0.49017712749271313832 -0.00982287250728688770 0.00000000000000000000 27
0.71999999999999997335 0.22000000000000000111 0.00000000000000000000 0.49017712749271313832 -0.00982287250728688770 0.00000000000000000000 27
0.71999999999999997335 0.23999999999999999112 0.00000000000000000000 0.49017712749271313832 -0.00982287250728688770 0.00000000000000000000 27
0.71999999999999997335 0.26000000000000000888 0.00000000000000000000 -0.50982287250728686168 -0.00982287250728688770 0.00000000000000000000 27
0.71999999999999997335 0.28000000000000002665 0.00000000000000000000 -0.50982287250728686168 -0.00982287250728688770 0.00000000000000000000 27
0.71999999999999997335 0.29999999999999998890 0.00000000000000000000 -0.50982287250728686168 -0.00982287250728688770 0.00000000000000000000 37
0.71999999999999997335 0.32000000000000000666 0.00000000000000000000 -0.50982287250728686168 -0.00982287250728688770 0.00000000000000000000 37
0.71999999999999997335 0.34000000000000002442 0.00000000000000000000 -0.50982287250728686168 -0.00982287250728688770 0.00000000000000000000 37
0.71999999999999997335 0.35999999999999998668 0.00000000000000000000 -0.50982287250728686168 -0.00982287250728688770 0.00000000000000000000 37
0.71999999999999997335 0.38000000000000000444 0.00000000000000000000 -0.50982287250728686168 -0.00982287250728688770 0.00000000000000000000 37
0.71999999999999997335 0.40000000000000002220 0.00000000000000000000 -0.50982287250728686168 -0.00982287250728688770 0.00000000000000000000 47
0.71999999999999997335 0.41999999999999998446 0.00000000000000000000 -0.50982287250728686168 -0.00982287250728688770 0.00000000000000000000 47
0.71999999999999997335 0.44000000000000000222 0.00000000000000000000 -0.50982287250728686168 -0.00982287250728688770 0.00000000000000000000 47
0.71999999999999997335 0.46000000000000001998 0.00000000000000000000 -0.50982287250728686168 -0.00982287250728688770 0.00000000000000000000 47
0.71999999999999997335 0.47999999999999998224 0.00000000000000000000 -0.50982287250728686168 -0.00982287250728688770 0.00000000000000000000 47
0.71999999999999997335 0.50000000000000000000 0.00000000000000000000 -0.50982287250728686168 -0.00982287250728688770 0.00000000000000000000 57
0.71999999999999997335 0.52000000000000001776 0.00000000000000000000 -0.50982287250728686168 -0.00982287250728688770 0.00000000000000000000 57
0.71999999999999997335 0.54000000000000003553 0.00000000000000000000 -0.50982287250728686168 -0.00982287250728688770 0.00000000000000000000 57
0.71999999999999997335 0.56000000000000005329 0.00000000000000000000 -0.50982287250728686168 -0.00982287250728688770 0.00000000000000000000 57
0.71999999999999997335 0.57999999999999996003 0.00000000000000000000 -0.50982287250728686168 -0.00982287250728688770 0.00000000000000000000 57
0.71999999999999997335 0.59999999999999997780 0.00000000000000000000 -0.50982287250728686168 -0.00982287250728688770 0.00000000000000000000 67
0.71999999999999997335 0.61999999999999999556 0.00000000000000000000 -0.50982287250728686168 -0.00982287250728688770 0.00000000000000000000 67
0.71999999999999997335 0.64000000000000001332 0.00000000000000000000 -0.50982287250728686168 -0.00982287250728688770 0.00000000000000000000 67
0.71999999999999997335 0.66000000000000003109 0.00000000000000000000 -0.50982287250728686168 -0.00982287250728688770 0.00000000000000000000 67
0.71999999999999997335 0.68000000000000004885 0.00000000000000000000 -0.50982287250728686168 -0.00982287250728688770 0.00000000000000000000 67
0.71999999999999997335 0.70000000000000006661 0.00000000000000000000 -0.50982287250728686168 -0.00982287250728688770 0.00000000000000000000 77
0.71999999999999997335 0.71999999999999997335 0.00000000000000000000 -0.50982287250728686168 -0.00982287250728688770 0.00000000000000000000 77
0.71999999999999997335 0.73999999999999999112 0.00000000000000000000 -0.50982287250728686168 -0.00982287250728688770 0.00000000000000000000 77
0.71999999999999997335 0.76000000000000000888 0.00000000000000000000 0.49017712749271313832 -0.00982287250728688770 0.00000000000000000000 77
0.71999999999999997335 0.78000000000000002665 0.00000000000000000000 0.49017712749271313832 -0.00982287250728688770 0.00000000000000000000 77
0.71999999999999997335 0.80000000000000004441 0.00000000000000000000 0.49017712749271313832 -0.00982287250728688770 0.00000000000000000000 87
0.71999999999999997335 0.82000000000000006217 0.00000000000000000000 0.49017712749271313832 -0.00982287250728688770 0.00000000000000000000 87
0.71999999999999997335 0.83999999999999996891 0.00000000000000000000 0.49017712749271313832 -0.00982287250728688770 0.00000000000000000000 87
0.71999999999999997335 0.85999999999999998668 0.00000000000000000000 0.49017712749271313832 -0.00982287250728688770 0.00000000000000000000 87
0.71999999999999997335 0.88000000000000000444 0.00000000000000000000 0.49017712749271313832 -0.00982287250728688770 0.00000000000000000000 87
0.71999999999999997335 0.90000000000000002220 0.00000000000000000000 0.49017712749271313832 -0.00982287250728688770 0.00000000000000000000 97
0.71999999999999997335 0.92000000000000003997 0.00000000000000000000 0.49017712749271313832 -0.00982287250728688770 0.00000000000000000000 97
0.71999999999999997335 0.94000000000000005773 0.00000000000000000000 0.49017712749271313832 -0.00982287250728688770 0.00000000000000000000 97
0.71999999999999997335 0.95999999999999996447 0.00000000000000000000 0.49017712749271313832 -0.00982287250728688770 0.00000000000000000000 97
0.71999999999999997335 0.97999999999999998224 0.00000000000000000000 0.49017712749271313832 -0.00982287250728688770 0.00000000000000000000 97
0.71999999999999997335 1.00000000000000000000 0.00000000000000000000 0.49017712749271313832 -0.00982287250728688770 0.00000000000000000000 97
0.73999999999999999112 0.00000000000000000000 0.00000000000000000000 0.49001973271571730439 -0.00998026728428271642 0.00000000000000000000 7
0.73999999999999999112 0.02000000000000000042 0.00000000000000000000 0.49001973271571730439 -0.00998026728428271642 0.00000000000000000000 7
0.73999999999999999112 0.04000000000000000083 0.00000000000000000000 0.49001973271571730439 -0.00998026728428271642 0.00000000000000000000 7
0.73999999999999999112 0.05999999999999999778 0.00000000000000000000 0.49001973271571730439 -0.00998026728428271642 0.00000000000000000000 7
0.73999999999999999112 0.08000000000000000167 0.00000000000000000000 0.49001973271571730439 -0.00998026728428271642 0.00000000000000000000 7
0.73999999999999999112 0.10000000000000000555 0.00000000000000000000 0.49001973271571730439 -0.00998026728428271642 0.00000000000000000000 17
0.73999999999999999112 0.11999999999999999556 0.00000000000000000000 0.49001973271571730439 -0.00998026728428271642 0.00000000000000000000 17
0.73999999999999999112 0.14000000000000001332 0.00000000000000000000 0.49001973271571730439 -0.00998026728428271642 0.00000000000000000000 17
0.73999999999999999112 0.16000000000000000333 0.00000000000000000000 0.49001973271571730439 -0.00998026728428271642 0.00000000000000000000 17
0.73999999999999999112 0.17999999999999999334 0.00000000000000000000 0.49001973271571730439 -0.00998026728428271642 0.00000000000000000000 17
0.73999999999999999112 0.20000000000000001110 0.00000000000000000000 0.49001973271571730439 -0.00998026728428271642 0.00000000000000000000 27
0.73999999999999999112 0.22000000000000000111 0.00000000000000000000 0.49001973271571730439 -0.00998026728428271642 0.00000000000000000000 27
0.73999999999999999112 0.23999999999999999112 0.00000000000000000000 0.49001973271571730439 -0.00998026728428271642 0.00000000000000000000 27
0.73999999999999999112 0.26000000000000000888 0.00000000000000000000 -0.50998026728428269561 -0.00998026728428271642 0.00000000000000000000 27
0.73999999999999999112 0.28000000000000002665 0.00000000000000000000 -0.50998026728428269561 -0.00998026728428271642 0.00000000000000000000 27
0.73999999999999999112 0.29999999999999998890 0.00000000000000000000 -0.50998026728428269561 -0.00998026728428271642 0.00000000000000000000 37
0.73999999999999999112 0.32000000000000000666 0.00000000000000000000 -0.50998026728428269561 -0.00998026728428271642 0.00000000000000000000 37
0.73999999999999999112 0.34000000000000002442 0.00000000000000000000 -0.50998026728428269561 -0.00998026728428271642 0.00000000000000000000 37
0.73999999999999999112 0.35999999999999998668 0.00000000000000000000 -0.50998026728428269561 -0.00998026728428271642 0.00000000000000000000 37
0.73999999999999999112 0.38000000000000000444 0.00000000000000000000 -0.50998026728428269561 -0.00998026728428271642 0.00000000000000000000 37
0.73999999999999999112 0.40000000000000002220 0.00000000000000000000 -0.50998026728428269561 -0.00998026728428271642 0.00000000000000000000 47
0.73999999999999999112 0.41999999999999998446 0.00000000000000000000 -0.50998026728428269561 -0.00998026728428271642 0.00000000000000000000 47
0.73999999999999999112 0.44000000000000000222 0.00000000000000000000 -0.50998026728428269561 -0.00998026728428271642 0.00000000000000000000 47
0.73999999999999999112 0.46000000000000001998 0.00000000000000000000 -0.50998026728428269561 -0.00998026728428271642 0.00000000000000000000 47
0.73999999999999999112 0.47999999999999998224 0.00000000000000000000 -0.50998026728428269561 -0.00998026728428271642 0.00000000000000000000 47
0.73999999999999999112 0.50000000000000000000 0.00000000000000000000 -0.50998026728428269561 -0.00998026728428271642 0.00000000000000000000 57
0.73999999999999999112 0.52000000000000001776 0.00000000000000000000 -0.50998026728428269561 -0.00998026728428271642 0.00000000000000000000 57
0.73999999999999999112 0.54000000000000003553 0.00000000000000000000 -0.50998026728428269561 -0.00998026728428271642 0.00000000000000000000 57
0.73999999999999999112 0.56000000000000005329 0.00000000000000000000 -0.50998026728428269561 -0.00998026728428271642 0.00000000000000000000 57
0.73999999999999999112 0.57999999999999996003 0.00000000000000000000 -0.50998026728428269561 -0.00998026728428271642 0.00000000000000000000 57
0.73999999999999999112 0.59999999999999997780 0.00000000000000000000 -0.50998026728428269561 -0.00998026728428271642 0.00000000000000000000 67
0.73999999999999999112 0.61999999999999999556 0.00000000000000000000 -0.50998026728428269561 -0.00998026728428271642 0.00000000000000000000 67
0.73999999999999999112 0.64000000000000001332 0.00000000000000000000 -0.50998026728428269561 -0.00998026728428271642 0.00000000000000000000 67
0.73999999999999999112 0.66000000000000003109 0.00000000000000000000 -0.50998026728428269561 -0.00998026728428271642 0.00000000000000000000 67
0.73999999999999999112 0.68000000000000004885 0.00000000000000000000 -0.50998026728428269561 -0.00998026728428271642 0.00000000000000000000 67
0.73999999999999999112 0.70000000000000006661 0.00000000000000000000 -0.50998026728428269561 -0.00998026728428271642 0.00000000000000000000 77
0.73999999999999999112 0.71999999999999997335 0.00000000000000000000 -0.50998026728428269561 -0.00998026728428271642 0.00000000000000000000 77
0.73999999999999999112 0.73999999999999999112 0.00000000000000000000 -0.50998026728428269561 -0.00998026728428271642 0.00000000000000000000 77
0.73999999999999999112 0.76000000000000000888 0.00000000000000000000 0.49001973271571730439 -0.00998026728428271642 0.00000000000000000000 77
0.73999999999999999112 0.78000000000000002665 0.00000000000000000000 0.49001973271571730439 -0.00998026728428271642 0.00000000000000000000 77
0.73999999999999999112 0.80000000000000004441 0.00000000000000000000 0.49001973271571730439 -0.00998026728428271642 0.00000000000000000000 87
0.73999999999999999112 0.82000000000000006217 0.00000000000000000000 0.49001973271571730439 -0.00998026728428271642 0.00000000000000000000 87
0.73999999999999999112 0.83999999999999996891 0.00000000000000000000 0.49001973271571730439 -0.00998026728428271642 0.00000000000000000000 87
0.73999999999999999112 0.85999999999999998668 0.00000000000000000000 0.49001973271571730439 -0.00998026728428271642 0.00000000000000000000 87
0.73999999999999999112 0.88000000000000000444 0.00000000000000000000 0.49001973271571730439 -0.00998026728428271642 0.00000000000000000000 87
0.73999999999999999112 0.90000000000000002220 0.00000000000000000000 0.49001973271571730439 -0.00998026728428271642 0.00000000000000000000 97
0.73999999999999999112 0.92000000000000003997 0.00000000000000000000 0.49001973271571730439 -0.00998026728428271642 0.00000000000000000000 97
0.73999999999999999112 0.94000000000000005773 0.00000000000000000000 0.49001973271571730439 -0.00998026728428271642 0.00000000000000000000 97
0.73999999999999999112 0.95999999999999996447 0.00000000000000000000 0.49001973271571730439 -0.00998026728428271642 0.00000000000000000000 97
0.73999999999999999112 0.97999999999999998224 0.00000000000000000000 0.49001973271571730439 -0.00998026728428271642 0.00000000000000000000 97
0.73999999999999999112 1.00000000000000000000 0.00000000000000000000 0.49001973271571730439 -0.00998026728428271642 0.00000000000000000000 97
0.76000000000000000888 0.00000000000000000000 0.00000000000000000000 0.49001973271571730439 -0.00998026728428271642 0.00000000000000000000 7
0.76000000000000000888 0.02000000000000000042 0.00000000000000000000 0.49001973271571730439 -0.00998026728428271642 0.00000000000000000000 7
0.76000000000000000888 0.04000000000000000083 0.00000000000000000000 0.49001973271571730439 -0.00998026728428271642 0.00000000000000000000 7
0.76000000000000000888 0.05999999999999999778 0.00000000000000000000 0.49001973271571730439 -0.00998026728428271642 0.00000000000000000000 7
0.76000000000000000888 0.08000000000000000167 0.00000000000000000000 0.49001973271571730439 -0.00998026728428271642 0.00000000000000000000 7
0.76000000000000000888 0.10000000000000000555 0.00000000000000000000 0.49001973271571730439 -0.00998026728428271642 0.00000000000000000000 17
0.76000000000000000888 0.11999999999999999556 0.00000000000000000000 0.49001973271571730439 -0.00998026728428271642 0.00000000000000000000 17
0.76000000000000000888 0.14000000000000001332 0.00000000000000000000 0.49001973271571730439 -0.00998026728428271642 0.00000000000000000000 17
0.76000000000000000888 0.16000000000000000333 0.00000000000000000000 0.49001973271571730439 -0.00998026728428271642 0.00000000000000000000 17
0.76000000000000000888 0.17999999999999999334 0.00000000000000000000 0.49001973271571730439 -0.00998026728428271642 0.00000000000000000000 17
0.76000000000000000888 0.20000000000000001110 0.00000000000000000000 0.49001973271571730439 -0.00998026728428271642 0.00000000000000000000 27
0.76000000000000000888 0.22000000000000000111 0.00000000000000000000 0.49001973271571730439 -0.00998026728428271642 0.00000000000000000000 27
0.76000000000000000888 0.23999999999999999112 0.00000000000000000000 0.49001973271571730439 -0.00998026728428271642 0.00000000000000000000 27
0.76000000000000000888 0.26000000000000000888 0.00000000000000000000 -0.50998026728428269561 -0.00998026728428271642 0.00000000000000000000 27
0.76000000000000000888 0.28000000000000002665 0.00000000000000000000 -0.50998026728428269561 -0.00998026728428271642 0.00000000000000000000 27
0.76000000000000000888 0.29999999999999998890 0.00000000000000000000 -0.50998026728428269561 -0.00998026728428271642 0.00000000000000000000 37
0.76000000000000000888 0.32000000000000000666 0.00000000000000000000 -0.50998026728428269561 -0.00998026728428271642 0.00000000000000000000 37
0.76000000000000000888 0.34000000000000002442 0.00000000000000000000 -0.50998026728428269561 -0.00998026728428271642 0.00000000000000000000 37
0.76000000000000000888 0.35999999999999998668 0.00000000000000000000 -0.50998026728428269561 -0.00998026728428271642 0.00000000000000000000 37
0.76000000000000000888 0.38000000000000000444 0.00000000000000000000 -0.50998026728428269561 -0.00998026728428271642 0.00000000000000000000 37
0.76000000000000000888 0.40000000000000002220 0.00000000000000000000 -0.50998026728428269561 -0.00998026728428271642 0.00000000000000000000 47
0.76000000000000000888 0.41999999999999998446 0.00000000000000000000 -0.50998026728428269561 -0.00998026728428271642 0.00000000000000000000 47
0.76000000000000000888 0.44000000000000000222 0.00000000000000000000 -0.50998026728428269561 -0.00998026728428271642 0.00000000000000000000 47
0.76000000000000000888 0.46000000000000001998 0.00000000000000000000 -0.50998026728428269561 -0.00998026728428271642 0.00000000000000000000 47
0.76000000000000000888 0.47999999999999998224 0.00000000000000000000 -0.50998026728428269561 -0.00998026728428271642 0.00000000000000000000 47
0.76000000000000000888 0.50000000000000000000 0.00000000000000000000 -0.50998026728428269561 -0.00998026728428271642 0.00000000000000000000 57
0.76000000000000000888 0.52000000000000001776 0.00000000000000000000 -0.50998026728428269561 -0.00998026728428271642 0.00000000000000000000 57
0.76000000000000000888 0.54000000000000003553 0.00000000000000000000 -0.50998026728428269561 -0.00998026728428271642 0.00000000000000000000 57
0.76000000000000000888 0.56000000000000005329 0.00000000000000000000 -0.50998026728428269561 -0.00998026728428271642 0.00000000000000000000 57
0.76000000000000000888 0.57999999999999996003 0.00000000000000000000 -0.50998026728428269561 -0.00998026728428271642 0.00000000000000000000 57
0.76000000000000000888 0.59999999999999997780 0.00000000000000000000 -0.50998026728428269561 -0.00998026728428271642 0.00000000000000000000 67
0.76000000000000000888 0.61999999999999999556 0.00000000000000000000 -0.50998026728428269561 -0.00998026728428271642 0.00000000000000000000 67
0.76000000000000000888 0.64000000000000001332 0.00000000000000000000 -0.50998026728428269561 -0.00998026728428271642 0.00000000000000000000 67
0.76000000000000000888 0.66000000000000003109 0.00000000000000000000 -0.50998026728428269561 -0.00998026728428271642 0.00000000000000000000 67
0.76000000000000000888 0.68000000000000004885 0.00000000000000000000 -0.50998026728428269561 -0.00998026728428271642 0.00000000000000000000 67
0.76000000000000000888 0.70000000000000006661 0.00000000000000000000 -0.50998026728428269561 -0.00998026728428271642 0.00000000000000000000 77
0.76000000000000000888 0.71999999999999997335 0.00000000000000000000 -0.50998026728428269561 -0.00998026728428271642 0.00000000000000000000 77
0.76000000000000000888 0.73999999999999999112 0.00000000000000000000 -0.50998026728428269561 -0.00998026728428271642 0.00000000000000000000 77
0.76000000000000000888 0.76000000000000000888 0.00000000000000000000 0.49001973271571730439 -0.00998026728428271642 0.00000000000000000000 77
0.76000000000000000888 0.78000000000000002665 0.00000000000000000000 0.49001973271571730439 -0.00998026728428271642 0.00000000000000000000 77
0.76000000000000000888 0.80000000000000004441 0.00000000000000000000 0.49001973271571730439 -0.00998026728428271642 0.00000000000000000000 87
0.76000000000000000888 0.82000000000000006217 0.00000000000000000000 0.49001973271571730439 -0.00998026728428271642 0.00000000000000000000 87
0.76000000000000000888 0.83999999999999996891 0.00000000000000000000 0.49001973271571730439 -0.00998026728428271642 0.00000000000000000000 87
0.76000000000000000888 0.85999999999999998668 0.00000000000000000000 0.49001973271571730439 -0.00998026728428271642 0.00000000000000000000 87
0.76000000000000000888 0.88000000000000000444 0.00000000000000000000 0.49001973271571730439 -0.00998026728428271642 0.00000000000000000000 87
0.76000000000000000888 0.90000000000000002220 0.00000000000000000000 0.49001973271571730439 -0.00998026728428271642 0.00000000000000000000 97
0.76000000000000000888 0.92000000000000003997 0.00000000000000000000 0.49001973271571730439 -0.00998026728428271642 0.00000000000000000000 97
0.76000000000000000888 0.94000000000000005773 0.00000000000000000000 0.49001973271571730439 -0.00998026728428271642 0.00000000000000000000 97
0.76000000000000000888 0.95999999999999996447 0.00000000000000000000 0.49001973271571730439 -0.00998026728428271642 0.00000000000000000000 97
0.76000000000000000888 0.97999999999999998224 0.00000000000000000000 0.49001973271571730439 -0.00998026728428271642 0.00000000000000000000 97
0.76000000000000000888 1.00000000000000000000 0.00000000000000000000 0.49001973271571730439 -0.00998026728428271642 0.00000000000000000000 97
0.78000000000000002665 0.00000000000000000000 0.00000000000000000000 0.49017712749271313832 -0.00982287250728688770 0.00000000000000000000 7
0.78000000000000002665 0.02000000000000000042 0.00000000000000000000 0.49017712749271313832 -0.00982287250728688770 0.00000000000000000000 7
0.78000000000000002665 0.04000000000000000083 0.00000000000000000000 0.49017712749271313832 -0.00982287250728688770 0.00000000000000000000 7
0.78000000000000002665 0.05999999999999999778 0.00000000000000000000 0.49017712749271313832 -0.00982287250728688770 0.00000000000000000000 7
0.78000000000000002665 0.08000000000000000167 0.00000000000000000000 0.49017712749271313832 -0.00982287250728688770 0.00000000000000000000 7
0.78000000000000002665 0.10000000000000000555 0.00000000000000000000 0.49017712749271313832 -0.00982287250728688770 0.00000000000000000000 17
0.78000000000000002665 0.11999999999999999556 0.00000000000000000000 0.49017712749271313832 -0.00982287250728688770 0.00000000000000000000 17
0.78000000000000002665 0.14000000000000001332 0.00000000000000000000 0.49017712749271313832 -0.00982287250728688770 0.00000000000000000000 17
0.78000000000000002665 0.16000000000000000333 0.00000000000000000000 0.49017712749271313832 -0.00982287250728688770 0.00000000000000000000 17
0.78000000000000002665 0.17999999999999999334 0.00000000000000000000 0.49017712749271313832 -0.00982287250728688770 0.00000000000000000000 17
0.78000000000000002665 0.20000000000000001110 0.00000000000000000000 0.49017712749271313832 -0.00982287250728688770 0.00000000000000000000 27
0.78000000000000002665 0.22000000000000000111 0.00000000000000000000 0.49017712749271313832 -0.00982287250728688770 0.00000000000000000000 27
0.78000000000000002665 0.23999999999999999112 0.00000000000000000000 0.49017712749271313832 -0.00982287250728688770 0.00000000000000000000 27
0.78000000000000002665 0.26000000000000000888 0.00000000000000000000 -0.50982287250728686168 -0.00982287250728688770 0.00000000000000000000 27
0.78000000000000002665 0.28000000000000002665 0.00000000000000000000 -0.50982287250728686168 -0.00982287250728688770 0.00000000000000000000 27
0.78000000000000002665 0.29999999999999998890 0.00000000000000000000 -0.50982287250728686168 -0.00982287250728688770 0.00000000000000000000 37
0.78000000000000002665 0.32000000000000000666 0.00000000000000000000 -0.50982287250728686168 -0.00982287250728688770 0.00000000000000000000 37
0.78000000000000002665 0.34000000000000002442 0.00000000000000000000 -0.50982287250728686168 -0.00982287250728688770 0.00000000000000000000 37
0.78000000000000002665 0.35999999999999998668 0.00000000000000000000 -0.50982287250728686168 -0.00982287250728688770 0.00000000000000000000 37
0.78000000000000002665 0.38000000000000000444 0.00000000000000000000 -0.50982287250728686168 -0.00982287250728688770 0.00000000000000000000 37
0.78000000000000002665 0.40000000000000002220 0.00000000000000000000 -0.50982287250728686168 -0.00982287250728688770 0.00000000000000000000 47
0.78000000000000002665 0.41999999999999998446 0.00000000000000000000 -0.50982287250728686168 -0.00982287250728688770 0.00000000000000000000 47
0.78000000000000002665 0.44000000000000000222 0.00000000000000000000 -0.50982287250728686168 -0.00982287250728688770 0.00000000000000000000 47
0.78000000000000002665 0.46000000000000001998 0.00000000000000000000 -0.50982287250728686168 -0.00982287250728688770 0.00000000000000000000 47
0.78000000000000002665 0.47999999999999998224 0.00000000000000000000 -0.50982287250728686168 -0.00982287250728688770 0.00000000000000000000 47
0.78000000000000002665 0.50000000000000000000 0.00000000000000000000 -0.50982287250728686168 -0.00982287250728688770 0.00000000000000000000 57
0.78000000000000002665 0.52000000000000001776 0.00000000000000000000 -0.50982287250728686168 -0.00982287250728688770 0.00000000000000000000 57
0.78000000000000002665 0.54000000000000003553 0.00000000000000000000 -0.50982287250728686168 -0.00982287250728688770 0.00000000000000000000 57
0.78000000000000002665 0.56000000000000005329 0.00000000000000000000 -0.50982287250728686168 -0.00982287250728688770 0.00000000000000000000 57
0.78000000000000002665 0.57999999999999996003 0.00000000000000000000 -0.50982287250728686168 -0.00982287250728688770 0.00000000000000000000 57
0.78000000000000002665 0.59999999999999997780 0.00000000000000000000 -0.50982287250728686168 -0.00982287250728688770 0.00000000000000000000 67
0.78000000000000002665 0.61999999999999999556 0.00000000000000000000 -0.50982287250728686168 -0.00982287250728688770 0.00000000000000000000 67
0.78000000000000002665 0.64000000000000001332 0.00000000000000000000 -0.50982287250728686168 -0.00982287250728688770 0.00000000000000000000 67
0.78000000000000002665 0.66000000000000003109 0.00000000000000000000 -0.50982287250728686168 -0.00982287250728688770 0.00000000000000000000 67
0.78000000000000002665 0.68000000000000004885 0.00000000000000000000 -0.50982287250728686168 -0.00982287250728688770 0.00000000000000000000 67
0.78000000000000002665 0.70000000000000006661 0.00000000000000000000 -0.50982287250728686168 -0.00982287250728688770 0.00000000000000000000 77
0.78000000000000002665 0.71999999999999997335 0.00000000000000000000 -0.50982287250728686168 -0.00982287250728688770 0.00000000000000000000 77
0.78000000000000002665 0.73999999999999999112 0.00000000000000000000 -0.50982287250728686168 -0.00982287250728688770 0.00000000000000000000 77
0.78000000000000002665 0.76000000000000000888 0.00000000000000000000 0.49017712749271313832 -0.00982287250728688770 0.00000000000000000000 77
0.78000000000000002665 0.78000000000000002665 0.00000000000000000000 0.49017712749271313832 -0.00982287250728688770 0.00000000000000000000 77
0.78000000000000002665 0.80000000000000004441 0.00000000000000000000 0.49017712749271313832 -0.00982287250728688770 0.00000000000000000000 87
0.78000000000000002665 0.82000000000000006217 0.00000000000000000000 0.49017712749271313832 -0.00982287250728688770 0.00000000000000000000 87
0.78000000000000002665 0.83999999999999996891 0.00000000000000000000 0.49017712749271313832 -0.00982287250728688770 0.00000000000000000000 87
0.78000000000000002665 0.85999999999999998668 0.00000000000000000000 0.49017712749271313832 -0.00982287250728688770 0.00000000000000000000 87
0.78000000000000002665 0.88000000000000000444 0.00000000000000000000 0.49017712749271313832 -0.00982287250728688770 0.00000000000000000000 87
0.78000000000000002665 0.90000000000000002220 0.00000000000000000000 0.49017712749271313832 -0.00982287250728688770 0.00000000000000000000 97
0.78000000000000002665 0.92000000000000003997 0.00000000000000000000 0.49017712749271313832 -0.00982287250728688770 0.00000000000000000000 97
0.78000000000000002665 0.94000000000000005773 0.00000000000000000000 0.49017712749271313832 -0.00982287250728688770 0.00000000000000000000 97
0.78000000000000002665 0.95999999999999996447 0.00000000000000000000 0.49017712749271313832 -0.00982287250728688770 0.00000000000000000000 97
0.78000000000000002665 0.97999999999999998224 0.00000000000000000000 0.49017712749271313832 -0.00982287250728688770 0.00000000000000000000 97
0.78000000000000002665 1.00000000000000000000 0.00000000000000000000 0.49017712749271313832 -0.00982287250728688770 0.00000000000000000000 97
0.80000000000000004441 0.00000000000000000000 0.00000000000000000000 0.49048943483704848800 -0.00951056516295153628 0.00000000000000000000 8
0.80000000000000004441 0.02000000000000000042 0.00000000000000000000 0.49048943483704848800 -0.00951056516295153628 0.00000000000000000000 8
0.80000000000000004441 0.04000000000000000083 0.00000000000000000000 0.49048943483704848800 -0.00951056516295153628 0.00000000000000000000 8
0.80000000000000004441 0.05999999999999999778 0.00000000000000000000 0.49048943483704848800 -0.00951056516295153628 0.00000000000000000000 8
0.80000000000000004441 0.08000000000000000167 0.00000000000000000000 0.49048943483704848800 -0.00951056516295153628 0.00000000000000000000 8
0.80000000000000004441 0.10000000000000000555 0.00000000000000000000 0.49048943483704848800 -0.00951056516295153628 0.00000000000000000000 18
0.80000000000000004441 0.11999999999999999556 0.00000000000000000000 0.49048943483704848800 -0.00951056516295153628 0.00000000000000000000 18
0.80000000000000004441 0.14000000000000001332 0.00000000000000000000 0.49048943483704848800 -0.00951056516295153628 0.00000000000000000000 18
0.80000000000000004441 0.16000000000000000333 0.00000000000000000000 0.49048943483704848800 -0.00951056516295153628 0.00000000000000000000 18
0.80000000000000004441 0.17999999999999999334 0.00000000000000000000 0.49048943483704848800 -0.00951056516295153628 0.00000000000000000000 18
0.80000000000000004441 0.20000000000000001110 0.00000000000000000000 0.49048943483704848800 -0.00951056516295153628 0.00000000000000000000 28
0.80000000000000004441 0.22000000000000000111 0.00000000000000000000 0.49048943483704848800 -0.00951056516295153628 0.00000000000000000000 28
0.80000000000000004441 0.23999999999999999112 0.00000000000000000000 0.49048943483704848800 -0.00951056516295153628 0.00000000000000000000 28
0.80000000000000004441 0.26000000000000000888 0.00000000000000000000 -0.50951056516295156751 -0.00951056516295153628 0.00000000000000000000 28
0.80000000000000004441 0.28000000000000002665 0.00000000000000000000 -0.50951056516295156751 -0.00951056516295153628 0.00000000000000000000 28
0.80000000000000004441 0.29999999999999998890 0.00000000000000000000 -0.50951056516295156751 -0.00951056516295153628 0.00000000000000000000 38
0.80000000000000004441 0.32000000000000000666 0.00000000000000000000 -0.50951056516295156751 -0.00951056516295153628 0.00000000000000000000 38
0.80000000000000004441 0.34000000000000002442 0.00000000000000000000 -0.50951056516295156751 -0.00951056516295153628 0.00000000000000000000 38
0.80000000000000004441 0.35999999999999998668 0.00000000000000000000 -0.50951056516295156751 -0.00951056516295153628 0.00000000000000000000 38
0.80000000000000004441 0.38000000000000000444 0.00000000000000000000 -0.50951056516295156751 -0.00951056516295153628 0.00000000000000000000 38
0.80000000000000004441 0.40000000000000002220 0.00000000000000000000 -0.50951056516295156751 -0.00951056516295153628 0.00000000000000000000 48
0.80000000000000004441 0.41999999999999998446 0.00000000000000000000 -0.50951056516295156751 -0.00951056516295153628 0.00000000000000000000 48
0.80000000000000004441 0.44000000000000000222 0.00000000000000000000 -0.50951056516295156751 -0.00951056516295153628 0.00000000000000000000 48
0.80000000000000004441 0.46000000000000001998 0.00000000000000000000 -0.50951056516295156751 -0.00951056516295153628 0.00000000000000000000 48
0.80000000000000004441 0.47999999999999998224 0.00000000000000000000 -0.50951056516295156751 -0.00951056516295153628 0.00000000000000000000 48
0.80000000000000004441 0.50000000000000000000 0.00000000000000000000 -0.50951056516295156751 -0.00951056516295153628 0.00000000000000000000 58
0.80000000000000004441 0.52000000000000001776 0.00000000000000000000 -0.50951056516295156751 -0.00951056516295153628 0.00000000000000000000 58
0.80000000000000004441 0.54000000000000003553 0.00000000000000000000 -0.50951056516295156751 -0.00951056516295153628 0.00000000000000000000 58
0.80000000000000004441 0.56000000000000005329 0.00000000000000000000 -0.50951056516295156751 -0.00951056516295153628 0.00000000000000000000 58
0.80000000000000004441 0.57999999999999996003 0.00000000000000000000 -0.50951056516295156751 -0.00951056516295153628 0.00000000000000000000 58
0.80000000000000004441 0.59999999999999997780 0.00000000000000000000 -0.50951056516295156751 -0.00951056516295153628 0.00000000000000000000 68
0.80000000000000004441 0.61999999999999999556 0.00000000000000000000 -0.50951056516295156751 -0.00951056516295153628 0.00000000000000000000 68
0.80000000000000004441 0.64000000000000001332 0.00000000000000000000 -0.50951056516295156751 -0.00951056516295153628 0.00000000000000000000 68
0.80000000000000004441 0.66000000000000003109 0.00000000000000000000 -0.50951056516295156751 -0.00951056516295153628 0.00000000000000000000 68
0.80000000000000004441 0.68000000000000004885 0.00000000000000000000 -0.50951056516295156751 -0.00951056516295153628 0.00000000000000000000 68
0.80000000000000004441 0.70000000000000006661 0.00000000000000000000 -0.50951056516295156751 -0.00951056516295153628 0.00000000000000000000 78
0.80000000000000004441 0.71999999999999997335 0.00000000000000000000 -0.50951056516295156751 -0.00951056516295153628 0.00000000000000000000 78
0.80000000000000004441 0.73999999999999999112 0.00000000000000000000 -0.50951056516295156751 -0.00951056516295153628 0.00000000000000000000 78
0.80000000000000004441 0.76000000000000000888 0.00000000000000000000 0.49048943483704848800 -0.00951056516295153628 0.00000000000000000000 78
0.80000000000000004441 0.78000000000000002665 0.00000000000000000000 0.49048943483704848800 -0.00951056516295153628 0.00000000000000000000 78
0.80000000000000004441 0.80000000000000004441 0.00000000000000000000 0.49048943483704848800 -0.00951056516295153628 0.00000000000000000000 88
0.80000000000000004441 0.82000000000000006217 0.00000000000000000000 0.49048943483704848800 -0.00951056516295153628 0.00000000000000000000 88
0.80000000000000004441 0.83999999999999996891 0.00000000000000000000 0.49048943483704848800 -0.00951056516295153628 0.00000000000000000000 88
0.80000000000000004441 0.85999999999999998668 0.00000000000000000000 0.49048943483704848800 -0.00951056516295153628 0.00000000000000000000 88
0.80000000000000004441 0.88000000000000000444 0.00000000000000000000 0.49048943483704848800 -0.00951056516295153628 0.00000000000000000000 88
0.80000000000000004441 0.90000000000000002220 0.00000000000000000000 0.49048943483704848800 -0.00951056516295153628 0.00000000000000000000 98
0.80000000000000004441 0.92000000000000003997 0.00000000000000000000 0.49048943483704848800 -0.00951056516295153628 0.00000000000000000000 98
0.80000000000000004441 0.94000000000000005773 0.00000000000000000000 0.49048943483704848800 -0.00951056516295153628 0.00000000000000000000 98
0.80000000000000004441 0.95999999999999996447 0.00000000000000000000 0.49048943483704848800 -0.00951056516295153628 0.00000000000000000000 98
0.80000000000000004441 0.97999999999999998224 0.00000000000000000000 0.49048943483704848800 -0.00951056516295153628 0.00000000000000000000 98
0.80000000000000004441 1.00000000000000000000 0.00000000000000000000 0.49048943483704848800 -0.00951056516295153628 0.00000000000000000000 98
0.82000000000000006217 0.00000000000000000000 0.00000000000000000000 0.49095172947533982644 -0.00904827052466019612 0.00000000000000000000 8
0.82000000000000006217 0.02000000000000000042 0.00000000000000000000 0.49095172947533982644 -0.00904827052466019612 0.00000000000000000000 8
0.82000000000000006217 0.04000000000000000083 0.00000000000000000000 0.49095172947533982644 -0.00904827052466019612 0.00000000000000000000 8
0.82000000000000006217 0.05999999999999999778 0.00000000000000000000 0.49095172947533982644 -0.00904827052466019612 0.00000000000000000000 8
0.82000000000000006217 0.08000000000000000167 0.00000000000000000000 0.49095172947533982644 -0.00904827052466019612 0.00000000000000000000 8
0.82000000000000006217 0.10000000000000000555 0.00000000000000000000 0.49095172947533982644 -0.00904827052466019612 0.00000000000000000000 18
0.82000000000000006217 0.11999999999999999556 0.00000000000000000000 0.49095172947533982644 -0.00904827052466019612 0.00000000000000000000 18
0.82000000000000006217 0.14000000000000001332 0.00000000000000000000 0.49095172947533982644 -0.00904827052466019612 0.00000000000000000000 18
0.82000000000000006217 0.16000000000000000333 0.00000000000000000000 0.49095172947533982644 -0.00904827052466019612 0.00000000000000000000 18
0.82000000000000006217 0.17999999999999999334 0.00000000000000000000 0.49095172947533982644 -0.00904827052466019612 0.00000000000000000000 18
0.82000000000000006217 0.20000000000000001110 0.00000000000000000000 0.49095172947533982644 -0.00904827052466019612 0.00000000000000000000 28
0.82000000000000006217 0.22000000000000000111 0.00000000000000000000 0.49095172947533982644 -0.00904827052466019612 0.00000000000000000000 28
0.82000000000000006217 0.23999999999999999112 0.00000000000000000000 0.49095172947533982644 -0.00904827052466019612 0.00000000000000000000 28
0.82000000000000006217 0.26000000000000000888 0.00000000000000000000 -0.50904827052466017356 -0.00904827052466019612 0.00000000000000000000 28
0.82000000000000006217 0.28000000000000002665 0.00000000000000000000 -0.50904827052466017356 -0.00904827052466019612 0.00000000000000000000 28
0.82000000000000006217 0.29999999999999998890 0.00000000000000000000 -0.50904827052466017356 -0.00904827052466019612 0.00000000000000000000 38
0.82000000000000006217 0.32000000000000000666 0.00000000000000000000 -0.50904827052466017356 -0.00904827052466019612 0.00000000000000000000 38
0.82000000000000006217 0.34000000000000002442 0.00000000000000000000 -0.50904827052466017356 -0.00904827052466019612 0.00000000000000000000 38
0.82000000000000006217 0.35999999999999998668 0.00000000000000000000 -0.50904827052466017356 -0.00904827052466019612 0.00000000000000000000 38
0.82000000000000006217 0.38000000000000000444 0.00000000000000000000 -0.50904827052466017356 -0.00904827052466019612 0.00000000000000000000 38
0.82000000000000006217 0.40000000000000002220 0.00000000000000000000 -0.50904827052466017356 -0.00904827052466019612 0.00000000000000000000 48
0.82000000000000006217 0.41999999999999998446 0.00000000000000000000 -0.50904827052466017356 -0.00904827052466019612 0.00000000000000000000 48
0.82000000000000006217 0.44000000000000000222 0.00000000000000000000 -0.50904827052466017356 -0.00904827052466019612 0.00000000000000000000 48
0.82000000000000006217 0.46000000000000001998 0.00000000000000000000 -0.50904827052466017356 -0.00904827052466019612 0.00000000000000000000 48
0.82000000000000006217 0.47999999999999998224 0.00000000000000000000 -0.50904827052466017356 -0.00904827052466019612 0.00000000000000000000 48
0.82000000000000006217 0.50000000000000000000 0.00000000000000000000 -0.50904827052466017356 -0.00904827052466019612 0.00000000000000000000 58
0.82000000000000006217 0.52000000000000001776 0.00000000000000000000 -0.50904827052466017356 -0.00904827052466019612 0.00000000000000000000 58
0.82000000000000006217 0.54000000000000003553 0.00000000000000000000 -0.50904827052466017356 -0.00904827052466019612 0.00000000000000000000 58
0.82000000000000006217 0.56000000000000005329 0.00000000000000000000 -0.50904827052466017356 -0.00904827052466019612 0.00000000000000000000 58
0.82000000000000006217 0.57999999999999996003 0.00000000000000000000 -0.50904827052466017356 -0.00904827052466019612 0.00000000000000000000 58
0.82000000000000006217 0.59999999999999997780 0.00000000000000000000 -0.50904827052466017356 -0.00904827052466019612 0.00000000000000000000 68
0.82000000000000006217 0.61999999999999999556 0.00000000000000000000 -0.50904827052466017356 -0.00904827052466019612 0.00000000000000000000 68
0.82000000000000006217 0.64000000000000001332 0.00000000000000000000 -0.50904827052466017356 -0.00904827052466019612 0.00000000000000000000 68
0.82000000000000006217 0.66000000000000003109 0.00000000000000000000 -0.50904827052466017356 -0.00904827052466019612 0.00000000000000000000 68
0.82000000000000006217 0.68000000000000004885 0.00000000000000000000 -0.50904827052466017356 -0.00904827052466019612 0.00000000000000000000 68
0.82000000000000006217 0.70000000000000006661 0.00000000000000000000 -0.50904827052466017356 -0.00904827052466019612 0.00000000000000000000 78
0.82000000000000006217 0.71999999999999997335 0.00000000000000000000 -0.50904827052466017356 -0.00904827052466019612 0.00000000000000000000 78
0.82000000000000006217 0.73999999999999999112 0.00000000000000000000 -0.50904827052466017356 -0.00904827052466019612 0.00000000000000000000 78
0.82000000000000006217 0.76000000000000000888 0.00000000000000000000 0.49095172947533982644 -0.00904827052466019612 0.00000000000000000000 78
0.82000000000000006217 0.78000000000000002665 0.00000000000000000000 0.49095172947533982644 -0.00904827052466019612 0.00000000000000000000 78
0.82000000000000006217 0.80000000000000004441 0.00000000000000000000 0.49095172947533982644 -0.00904827052466019612 0.00000000000000000000 88
0.82000000000000006217 0.82000000000000006217 0.00000000000000000000 0.49095172947533982644 -0.00904827052466019612 0.00000000000000000000 88
0.82000000000000006217 0.83999999999999996891 0.00000000000000000000 0.49095172947533982644 -0.00904827052466019612 0.00000000000000000000 88
0.82000000000000006217 0.85999999999999998668 0.00000000000000000000 0.49095172947533982644 -0.00904827052466019612 0.00000000000000000000 88
0.82000000000000006217 0.88000000000000000444 0.00000000000000000000 0.49095172947533982644 -0.00904827052466019612 0.00000000000000000000 88
0.82000000000000006217 0.90000000000000002220 0.00000000000000000000 0.49095172947533982644 -0.00904827052466019612 0.00000000000000000000 98
0.82000000000000006217 0.92000000000000003997 0.00000000000000000000 0.49095172947533982644 -0.00904827052466019612 0.00000000000000000000 98
0.82000000000000006217 0.94000000000000005773 0.00000000000000000000 0.49095172947533982644 -0.00904827052466019612 0.00000000000000000000 98
0.82000000000000006217 0.95999999999999996447 0.00000000000000000000 0.49095172947533982644 -0.00904827052466019612 0.00000000000000000000 98
0.82000000000000006217 0.97999999999999998224 0.00000000000000000000 0.49095172947533982644 -0.00904827052466019612 0.00000000000000000000 98
0.82000000000000006217 1.00000000000000000000 0.00000000000000000000 0.49095172947533982644 -0.00904827052466019612 0.00000000000000000000 98
0.83999999999999996891 0.00000000000000000000 0.00000000000000000000 0.49155672074497985813 -0.00844327925502015575 0.00000000000000000000 8
0.83999999999999996891 0.02000000000000000042 0.00000000000000000000 0.49155672074497985813 -0.00844327925502015575 0.00000000000000000000 8
0.83999999999999996891 0.04000000000000000083 0.00000000000000000000 0.49155672074497985813 -0.00844327925502015575 0.00000000000000000000 8
0.83999999999999996891 0.05999999999999999778 0.00000000000000000000 0.49155672074497985813 -0.00844327925502015575 0.00000000000000000000 8
0.83999999999999996891 0.08000000000000000167 0.00000000000000000000 0.49155672074497985813 -0.00844327925502015575 0.00000000000000000000 8
0.83999999999999996891 0.10000000000000000555 0.00000000000000000000 0.49155672074497985813 -0.00844327925502015575 0.00000000000000000000 18
0.83999999999999996891 0.11999999999999999556 0.00000000000000000000 0.49155672074497985813 -0.00844327925502015575 0.00000000000000000000 18
0.83999999999999996891 0.14000000000000001332 0.00000000000000000000 0.49155672074497985813 -0.00844327925502015575 0.00000000000000000000 18
0.83999999999999996891 0.16000000000000000333 0.00000000000000000000 0.49155672074497985813 -0.00844327925502015575 0.00000000000000000000 18
0.83999999999999996891 0.17999999999999999334 0.00000000000000000000 0.49155672074497985813 -0.00844327925502015575 0.00000000000000000000 18
0.83999999999999996891 0.20000000000000001110 0.00000000000000000000 0.49155672074497985813 -0.00844327925502015575 0.00000000000000000000 28
0.83999999999999996891 0.22000000000000000111 0.00000000000000000000 0.49155672074497985813 -0.00844327925502015575 0.00000000000000000000 28
0.83999999999999996891 0.23999999999999999112 0.00000000000000000000 0.49155672074497985813 -0.00844327925502015575 0.00000000000000000000 28
0.83999999999999996891 0.26000000000000000888 0.00000000000000000000 -0.50844327925502019738 -0.00844327925502015575 0.00000000000000000000 28
0.83999999999999996891 0.28000000000000002665 0.00000000000000000000 -0.50844327925502019738 -0.00844327925502015575 0.00000000000000000000 28
0.83999999999999996891 0.29999999999999998890 0.00000000000000000000 -0.50844327925502019738 -0.00844327925502015575 0.00000000000000000000 38
0.83999999999999996891 0.32000000000000000666 0.00000000000000000000 -0.50844327925502019738 -0.00844327925502015575 0.00000000000000000000 38
0.83999999999999996891 0.34000000000000002442 0.00000000000000000000 -0.50844327925502019738 -0.00844327925502015575 0.00000000000000000000 38
0.83999999999999996891 0.35999999999999998668 0.00000000000000000000 -0.50844327925502019738 -0.00844327925502015575 0.00000000000000000000 38
0.83999999999999996891 0.38000000000000000444 0.00000000000000000000 -0.50844327925502019738 -0.00844327925502015575 0.00000000000000000000 38
0.83999999999999996891 0.40000000000000002220 0.00000000000000000000 -0.50844327925502019738 -0.00844327925502015575 0.00000000000000000000 48
0.83999999999999996891 0.41999999999999998446 0.00000000000000000000 -0.50844327925502019738 -0.00844327925502015575 0.00000000000000000000 48
0.83999999999999996891 0.44000000000000000222 0.00000000000000000000 -0.50844327925502019738 -0.00844327925502015575 0.00000000000000000000 48
0.83999999999999996891 0.46000000000000001998 0.00000000000000000000 -0.50844327925502019738 -0.00844327925502015575 0.00000000000000000000 48
0.83999999999999996891 0.47999999999999998224 0.00000000000000000000 -0.50844327925502019738 -0.00844327925502015575 0.00000000000000000000 48
0.83999999999999996891 0.50000000000000000000 0.00000000000000000000 -0.50844327925502019738 -0.00844327925502015575 0.00000000000000000000 58
0.83999999999999996891 0.52000000000000001776 0.00000000000000000000 -0.50844327925502019738 -0.00844327925502015575 0.00000000000000000000 58
0.83999999999999996891 0.54000000000000003553 0.00000000000000000000 -0.50844327925502019738 -0.00844327925502015575 0.00000000000000000000 58
0.83999999999999996891 0.56000000000000005329 0.00000000000000000000 -0.50844327925502019738 -0.00844327925502015575 0.00000000000000000000 58
0.83999999999999996891 0.57999999999999996003 0.00000000000000000000 -0.50844327925502019738 -0.00844327925502015575 0.00000000000000000000 58
0.83999999999999996891 0.59999999999999997780 0.00000000000000000000 -0.50844327925502019738 -0.00844327925502015575 0.00000000000000000000 68
0.83999999999999996891 0.61999999999999999556 0.00000000000000000000 -0.50844327925502019738 -0.00844327925502015575 0.00000000000000000000 68
0.83999999999999996891 0.64000000000000001332 0.00000000000000000000 -0.50844327925502019738 -0.00844327925502015575 0.00000000000000000000 68
0.83999999999999996891 0.66000000000000003109 0.00000000000000000000 -0.50844327925502019738 -0.00844327925502015575 0.00000000000000000000 68
0.83999999999999996891 0.68000000000000004885 0.00000000000000000000 -0.50844327925502019738 -0.00844327925502015575 0.00000000000000000000 68
0.83999999999999996891 0.70000000000000006661 0.00000000000000000000 -0.50844327925502019738 -0.00844327925502015575 0.00000000000000000000 78
0.83999999999999996891 0.71999999999999997335 0.00000000000000000000 -0.50844327925502019738 -0.00844327925502015575 0.00000000000000000000 78
0.83999999999999996891 0.73999999999999999112 0.00000000000000000000 -0.50844327925502019738 -0.00844327925502015575 0.00000000000000000000 78
0.83999999999999996891 0.76000000000000000888 0.00000000000000000000 0.49155672074497985813 -0.00844327925502015575 0.00000000000000000000 78
0.83999999999999996891 0.78000000000000002665 0.00000000000000000000 0.49155672074497985813 -0.00844327925502015575 0.00000000000000000000 78
0.83999999999999996891 0.80000000000000004441 0.00000000000000000000 0.49155672074497985813 -0.00844327925502015575 0.00000000000000000000 88
0.83999999999999996891 0.82000000000000006217 0.00000000000000000000 0.49155672074497985813 -0.00844327925502015575 0.00000000000000000000 88
0.83999999999999996891 0.83999999999999996891 0.00000000000000000000 0.49155672074497985813 -0.00844327925502015575 0.00000000000000000000 88
0.83999999999999996891 0.85999999999999998668 0.00000000000000000000 0.49155672074497985813 -0.00844327925502015575 0.00000000000000000000 88
0.83999999999999996891 0.88000000000000000444 0.00000000000000000000 0.49155672074497985813 -0.00844327925502015575 0.00000000000000000000 88
0.83999999999999996891 0.90000000000000002220 0.00000000000000000000 0.49155672074497985813 -0.00844327925502015575 0.00000000000000000000 98
0.83999999999999996891 0.92000000000000003997 0.00000000000000000000 0.49155672074497985813 -0.00844327925502015575 0.00000000000000000000 98
0.83999999999999996891 0.94000000000000005773 0.00000000000000000000 0.49155672074497985813 -0.00844327925502015575 0.00000000000000000000 98
0.83999999999999996891 0.95999999999999996447 0.00000000000000000000 0.49155672074497985813 -0.00844327925502015575 0.00000000000000000000 98
0.83999999999999996891 0.97999999999999998224 0.00000000000000000000 0.49155672074497985813 -0.00844327925502015575 0.00000000000000000000 98
0.83999999999999996891 1.00000000000000000000 0.00000000000000000000 0.49155672074497985813 -0.00844327925502015575 0.00000000000000000000 98
0.85999999999999998668 0.00000000000000000000 0.00000000000000000000 0.49229486757224211191 -0.00770513242775789590 0.00000000000000000000 8
0.85999999999999998668 0.02000000000000000042 0.00000000000000000000 0.49229486757224211191 -0.00770513242775789590 0.00000000000000000000 8
0.85999999999999998668 0.04000000000000000083 0.00000000000000000000 0.49229486757224211191 -0.00770513242775789590 0.00000000000000000000 8
0.85999999999999998668 0.05999999999999999778 0.00000000000000000000 0.49229486757224211191 -0.00770513242775789590 0.00000000000000000000 8
0.85999999999999998668 0.08000000000000000167 0.00000000000000000000 0.49229486757224211191 -0.00770513242775789590 0.00000000000000000000 8
0.85999999999999998668 0.10000000000000000555 0.00000000000000000000 0.49229486757224211191 -0.00770513242775789590 0.00000000000000000000 18
0.85999999999999998668 0.11999999999999999556 0.00000000000000000000 0.49229486757224211191 -0.00770513242775789590 0.00000000000000000000 18
0.85999999999999998668 0.14000000000000001332 0.00000000000000000000 0.49229486757224211191 -0.00770513242775789590 0.00000000000000000000 18
0.85999999999999998668 0.16000000000000000333 0.00000000000000000000 0.49229486757224211191 -0.00770513242775789590 0.00000000000000000000 18
0.85999999999999998668 0.17999999999999999334 0.00000000000000000000 0.49229486757224211191 -0.00770513242775789590 0.00000000000000000000 18
0.85999999999999998668 0.20000000000000001110 0.00000000000000000000 0.49229486757224211191 -0.00770513242775789590 0.00000000000000000000 28
0.85999999999999998668 0.22000000000000000111 0.00000000000000000000 0.49229486757224211191 -0.00770513242775789590 0.00000000000000000000 28
0.85999999999999998668 0.23999999999999999112 0.00000000000000000000 0.49229486757224211191 -0.00770513242775789590 0.00000000000000000000 28
0.85999999999999998668 0.26000000000000000888 0.00000000000000000000 -0.50770513242775794360 -0.00770513242775789590 0.00000000000000000000 28
0.85999999999999998668 0.28000000000000002665 0.00000000000000000000 -0.50770513242775794360 -0.00770513242775789590 0.00000000000000000000 28
0.85999999999999998668 0.29999999999999998890 0.00000000000000000000 -0.50770513242775794360 -0.00770513242775789590 0.00000000000000000000 38
0.85999999999999998668 0.32000000000000000666 0.00000000000000000000 -0.50770513242775794360 -0.00770513242775789590 0.00000000000000000000 38
0.85999999999999998668 0.34000000000000002442 0.00000000000000000000 -0.50770513242775794360 -0.00770513242775789590 0.00000000000000000000 38
0.85999999999999998668 0.35999999999999998668 0.00000000000000000000 -0.50770513242775794360 -0.00770513242775789590 0.00000000000000000000 38
0.85999999999999998668 0.38000000000000000444 0.00000000000000000000 -0.50770513242775794360 -0.00770513242775789590 0.00000000000000000000 38
0.85999999999999998668 0.40000000000000002220 0.00000000000000000000 -0.50770513242775794360 -0.00770513242775789590 0.00000000000000000000 48
0.85999999999999998668 0.41999999999999998446 0.00000000000000000000 -0.50770513242775794360 -0.00770513242775789590 0.00000000000000000000 48
0.85999999999999998668 0.44000000000000000222 0.00000000000000000000 -0.50770513242775794360 -0.00770513242775789590 0.00000000000000000000 48
0.85999999999999998668 0.46000000000000001998 0.00000000000000000000 -0.50770513242775794360 -0.00770513242775789590 0.00000000000000000000 48
0.85999999999999998668 0.47999999999999998224 0.00000000000000000000 -0.50770513242775794360 -0.00770513242775789590 0.00000000000000000000 48
0.85999999999999998668 0.50000000000000000000 0.00000000000000000000 -0.50770513242775794360 -0.00770513242775789590 0.00000000000000000000 58
0.85999999999999998668 0.52000000000000001776 0.00000000000000000000 -0.50770513242775794360 -0.00770513242775789590 0.00000000000000000000 58
0.85999999999999998668 0.54000000000000003553 0.00000000000000000000 -0.50770513242775794360 -0.00770513242775789590 0.00000000000000000000 58
0.85999999999999998668 0.56000000000000005329 0.00000000000000000000 -0.50770513242775794360 -0.00770513242775789590 0.00000000000000000000 58
0.85999999999999998668 0.57999999999999996003 0.00000000000000000000 -0.50770513242775794360 -0.00770513242775789590 0.00000000000000000000 58
0.85999999999999998668 0.59999999999999997780 0.00000000000000000000 -0.50770513242775794360 -0.00770513242775789590 0.00000000000000000000 68
0.85999999999999998668 0.61999999999999999556 0.00000000000000000000 -0.50770513242775794360 -0.00770513242775789590 0.00000000000000000000 68
0.85999999999999998668 0.64000000000000001332 0.00000000000000000000 -0.50770513242775794360 -0.00770513242775789590 0.00000000000000000000 68
0.85999999999999998668 0.66000000000000003109 0.00000000000000000000 -0.50770513242775794360 -0.00770513242775789590 0.00000000000000000000 68
0.85999999999999998668 0.68000000000000004885 0.00000000000000000000 -0.50770513242775794360 -0.00770513242775789590 0.00000000000000000000 68
0.85999999999999998668 0.70000000000000006661 0.00000000000000000000 -0.50770513242775794360 -0.00770513242775789590 0.00000000000000000000 78
0.85999999999999998668 0.71999999999999997335 0.00000000000000000000 -0.50770513242775794360 -0.00770513242775789590 0.00000000000000000000 78
0.85999999999999998668 0.73999999999999999112 0.00000000000000000000 -0.50770513242775794360 -0.00770513242775789590 0.00000000000000000000 78
0.85999999999999998668 0.76000000000000000888 0.00000000000000000000 0.49229486757224211191 -0.00770513242775789590 0.00000000000000000000 78
0.85999999999999998668 0.78000000000000002665 0.00000000000000000000 0.49229486757224211191 -0.00770513242775789590 0.00000000000000000000 78
0.85999999999999998668 0.80000000000000004441 0.00000000000000000000 0.49229486757224211191 -0.00770513242775789590 0.00000000000000000000 88
0.85999999999999998668 0.82000000000000006217 0.00000000000000000000 0.49229486757224211191 -0.00770513242775789590 0.00000000000000000000 88
0.85999999999999998668 0.83999999999999996891 0.00000000000000000000 0.49229486757224211191 -0.00770513242775789590 0.00000000000000000000 88
0.85999999999999998668 0.85999999999999998668 0.00000000000000000000 0.49229486757224211191 -0.00770513242775789590 0.00000000000000000000 88
0.85999999999999998668 0.88000000000000000444 0.00000000000000000000 0.49229486757224211191 -0.00770513242775789590 0.00000000000000000000 88
0.85999999999999998668 0.90000000000000002220 0.00000000000000000000 0.49229486757224211191 -0.00770513242775789590 0.00000000000000000000 98
0.85999999999999998668 0.92000000000000003997 0.00000000000000000000 0.49229486757224211191 -0.00770513242775789590 0.00000000000000000000 98
0.85999999999999998668 0.94000000000000005773 0.00000000000000000000 0.49229486757224211191 -0.00770513242775789590 0.00000000000000000000 98
0.85999999999999998668 0.95999999999999996447 0.00000000000000000000 0.49229486757224211191 -0.00770513242775789590 0.00000000000000000000 98
0.85999999999999998668 0.97999999999999998224 0.00000000000000000000 0.49229486757224211191 -0.00770513242775789590 0.00000000000000000000 98
0.85999999999999998668 1.00000000000000000000 0.00000000000000000000 0.49229486757224211191 -0.00770513242775789590 0.00000000000000000000 98
0.88000000000000000444 0.00000000000000000000 0.00000000000000000000 0.49315452894071309942 -0.00684547105928688931 0.00000000000000000000 8
0.88000000000000000444 0.02000000000000000042 0.00000000000000000000 0.49315452894071309942 -0.00684547105928688931 0.00000000000000000000 8
0.88000000000000000444 0.04000000000000000083 0.00000000000000000000 0.49315452894071309942 -0.00684547105928688931 0.00000000000000000000 8
0.88000000000000000444 0.05999999999999999778 0.00000000000000000000 0.49315452894071309942 -0.00684547105928688931 0.00000000000000000000 8
0.88000000000000000444 0.08000000000000000167 0.00000000000000000000 0.49315452894071309942 -0.00684547105928688931 0.00000000000000000000 8
0.88000000000000000444 0.10000000000000000555 0.00000000000000000000 0.49315452894071309942 -0.00684547105928688931 0.00000000000000000000 18
0.88000000000000000444 0.11999999999999999556 0.00000000000000000000 0.49315452894071309942 -0.00684547105928688931 0.00000000000000000000 18
0.88000000000000000444 0.14000000000000001332 0.00000000000000000000 0.49315452894071309942 -0.00684547105928688931 0.00000000000000000000 18
0.88000000000000000444 0.16000000000000000333 0.00000000000000000000 0.49315452894071309942 -0.00684547105928688931 0.00000000000000000000 18
0.88000000000000000444 0.17999999999999999334 0.00000000000000000000 0.49315452894071309942 -0.00684547105928688931 0.00000000000000000000 18
0.88000000000000000444 0.20000000000000001110 0.00000000000000000000 0.49315452894071309942 -0.00684547105928688931 0.00000000000000000000 28
0.88000000000000000444 0.22000000000000000111 0.00000000000000000000 0.49315452894071309942 -0.00684547105928688931 0.00000000000000000000 28
0.88000000000000000444 0.23999999999999999112 0.00000000000000000000 0.49315452894071309942 -0.00684547105928688931 0.00000000000000000000 28
0.88000000000000000444 0.26000000000000000888 0.00000000000000000000 -0.50684547105928690058 -0.00684547105928688931 0.00000000000000000000 28
0.88000000000000000444 0.28000000000000002665 0.00000000000000000000 -0.50684547105928690058 -0.00684547105928688931 0.00000000000000000000 28
0.88000000000000000444 0.29999999999999998890 0.00000000000000000000 -0.50684547105928690058 -0.00684547105928688931 0.00000000000000000000 38
0.88000000000000000444 0.32000000000000000666 0.00000000000000000000 -0.50684547105928690058 -0.00684547105928688931 0.00000000000000000000 38
0.88000000000000000444 0.34000000000000002442 0.00000000000000000000 -0.50684547105928690058 -0.00684547105928688931 0.00000000000000000000 38
0.88000000000000000444 0.35999999999999998668 0.00000000000000000000 -0.50684547105928690058 -0.00684547105928688931 0.00000000000000000000 38
0.88000000000000000444 0.38000000000000000444 0.00000000000000000000 -0.50684547105928690058 -0.00684547105928688931 0.00000000000000000000 38
0.88000000000000000444 0.40000000000000002220 0.00000000000000000000 -0.50684547105928690058 -0.00684547105928688931 0.00000000000000000000 48
0.88000000000000000444 0.41999999999999998446 0.00000000000000000000 -0.50684547105928690058 -0.00684547105928688931 0.00000000000000000000 48
0.88000000000000000444 0.44000000000000000222 0.00000000000000000000 -0.50684547105928690058 -0.00684547105928688931 0.00000000000000000000 48
0.88000000000000000444 0.46000000000000001998 0.00000000000000000000 -0.50684547105928690058 -0.00684547105928688931 0.00000000000000000000 48
0.88000000000000000444 0.47999999999999998224 0.00000000000000000000 -0.50684547105928690058 -0.00684547105928688931 0.00000000000000000000 48
0.88000000000000000444 0.50000000000000000000 0.00000000000000000000 -0.50684547105928690058 -0.00684547105928688931 0.00000000000000000000 58
0.88000000000000000444 0.52000000000000001776 0.00000000000000000000 -0.50684547105928690058 -0.00684547105928688931 0.00000000000000000000 58
0.88000000000000000444 0.54000000000000003553 0.00000000000000000000 -0.50684547105928690058 -0.00684547105928688931 0.00000000000000000000 58
0.88000000000000000444 0.56000000000000005329 0.00000000000000000000 -0.50684547105928690058 -0.00684547105928688931 0.00000000000000000000 58
0.88000000000000000444 0.57999999999999996003 0.00000000000000000000 -0.50684547105928690058 -0.00684547105928688931 0.00000000000000000000 58
0.88000000000000000444 0.59999999999999997780 0.00000000000000000000 -0.50684547105928690058 -0.00684547105928688931 0.00000000000000000000 68
0.88000000000000000444 0.61999999999999999556 0.00000000000000000000 -0.50684547105928690058 -0.00684547105928688931 0.00000000000000000000 68
0.88000000000000000444 0.64000000000000001332 0.00000000000000000000 -0.50684547105928690058 -0.00684547105928688931 0.00000000000000000000 68
0.88000000000000000444 0.66000000000000003109 0.00000000000000000000 -0.50684547105928690058 -0.00684547105928688931 0.00000000000000000000 68
0.88000000000000000444 0.68000000000000004885 0.00000000000000000000 -0.50684547105928690058 -0.00684547105928688931 0.00000000000000000000 68
0.88000000000000000444 0.70000000000000006661 0.00000000000000000000 -0.50684547105928690058 -0.00684547105928688931 0.00000000000000000000 78
0.88000000000000000444 0.71999999999999997335 0.00000000000000000000 -0.50684547105928690058 -0.00684547105928688931 0.00000000000000000000 78
0.88000000000000000444 0.73999999999999999112 0.00000000000000000000 -0.50684547105928690058 -0.00684547105928688931 0.00000000000000000000 78
0.88000000000000000444 0.76000000000000000888 0.00000000000000000000 0.49315452894071309942 -0.00684547105928688931 0.00000000000000000000 78
0.88000000000000000444 0.78000000000000002665 0.00000000000000000000 0.49315452894071309942 -0.00684547105928688931 0.00000000000000000000 78
0.88000000000000000444 0.80000000000000004441 0.00000000000000000000 0.49315452894071309942 -0.00684547105928688931 0.00000000000000000000 88
0.88000000000000000444 0.82000000000000006217 0.00000000000000000000 0.49315452894071309942 -0.00684547105928688931 0.00000000000000000000 88
0.88000000000000000444 0.83999999999999996891 0.00000000000000000000 0.49315452894071309942 -0.00684547105928688931 0.00000000000000000000 88
0.88000000000000000444 0.85999999999999998668 0.00000000000000000000 0.49315452894071309942 -0.00684547105928688931 0.00000000000000000000 88
0.88000000000000000444 0.88000000000000000444 0.00000000000000000000 0.49315452894071309942 -0.00684547105928688931 0.00000000000000000000 88
0.88000000000000000444 0.90000000000000002220 0.00000000000000000000 0.49315452894071309942 -0.00684547105928688931 0.00000000000000000000 98
0.88000000000000000444 0.92000000000000003997 0.00000000000000000000 0.49315452894071309942 -0.00684547105928688931 0.00000000000000000000 98
0.88000000000000000444 0.94000000000000005773 0.00000000000000000000 0.49315452894071309942 -0.00684547105928688931 0.00000000000000000000 98
0.88000000000000000444 0.95999999999999996447 0.00000000000000000000 0.49315452894071309942 -0.00684547105928688931 0.00000000000000000000 98
0.88000000000000000444 0.97999999999999998224 0.00000000000000000000 0.49315452894071309942 -0.00684547105928688931 0.00000000000000000000 98
0.88000000000000000444 1.00000000000000000000 0.00000000000000000000 0.49315452894071309942 -0.00684547105928688931 0.00000000000000000000 98
0.90000000000000002220 0.00000000000000000000 0.00000000000000000000 0.49412214747707527973 -0.00587785252292473415 0.00000000000000000000 9
0.90000000000000002220 0.02000000000000000042 0.00000000000000000000 0.49412214747707527973 -0.00587785252292473415 0.00000000000000000000 9
0.90000000000000002220 0.04000000000000000083 0.00000000000000000000 0.49412214747707527973 -0.00587785252292473415 0.00000000000000000000 9
0.90000000000000002220 0.05999999999999999778 0.00000000000000000000 0.49412214747707527973 -0.00587785252292473415 0.00000000000000000000 9
0.90000000000000002220 0.08000000000000000167 0.00000000000000000000 0.49412214747707527973 -0.00587785252292473415 0.00000000000000000000 9
0.90000000000000002220 0.10000000000000000555 0.00000000000000000000 0.49412214747707527973 -0.00587785252292473415 0.00000000000000000000 19
0.90000000000000002220 0.11999999999999999556 0.00000000000000000000 0.49412214747707527973 -0.00587785252292473415 0.00000000000000000000 19
0.90000000000000002220 0.14000000000000001332 0.00000000000000000000 0.49412214747707527973 -0.00587785252292473415 0.00000000000000000000 19
0.90000000000000002220 0.16000000000000000333 0.00000000000000000000 0.49412214747707527973 -0.00587785252292473415 0.00000000000000000000 19
0.90000000000000002220 0.17999999999999999334 0.00000000000000000000 0.49412214747707527973 -0.00587785252292473415 0.00000000000000000000 19
0.90000000000000002220 0.20000000000000001110 0.00000000000000000000 0.49412214747707527973 -0.00587785252292473415 0.00000000000000000000 29
0.90000000000000002220 0.22000000000000000111 0.00000000000000000000 0.49412214747707527973 -0.00587785252292473415 0.00000000000000000000 29
0.90000000000000002220 0.23999999999999999112 0.00000000000000000000 0.49412214747707527973 -0.00587785252292473415 0.00000000000000000000 29
0.90000000000000002220 0.26000000000000000888 0.00000000000000000000 -0.50587785252292472027 -0.00587785252292473415 0.00000000000000000000 29
0.90000000000000002220 0.28000000000000002665 0.00000000000000000000 -0.50587785252292472027 -0.00587785252292473415 0.00000000000000000000 29
0.90000000000000002220 0.29999999999999998890 0.00000000000000000000 -0.50587785252292472027 -0.00587785252292473415 0.00000000000000000000 39
0.90000000000000002220 0.32000000000000000666 0.00000000000000000000 -0.50587785252292472027 -0.00587785252292473415 0.00000000000000000000 39
0.90000000000000002220 0.34000000000000002442 0.00000000000000000000 -0.50587785252292472027 -0.00587785252292473415 0.00000000000000000000 39
0.90000000000000002220 0.35999999999999998668 0.00000000000000000000 -0.50587785252292472027 -0.00587785252292473415 0.00000000000000000000 39
0.90000000000000002220 0.38000000000000000444 0.00000000000000000000 -0.50587785252292472027 -0.00587785252292473415 0.00000000000000000000 39
0.90000000000000002220 0.40000000000000002220 0.00000000000000000000 -0.50587785252292472027 -0.00587785252292473415 0.00000000000000000000 49
0.90000000000000002220 0.41999999999999998446 0.00000000000000000000 -0.50587785252292472027 -0.00587785252292473415 0.00000000000000000000 49
0.90000000000000002220 0.44000000000000000222 0.00000000000000000000 -0.50587785252292472027 -0.00587785252292473415 0.00000000000000000000 49
0.90000000000000002220 0.46000000000000001998 0.00000000000000000000 -0.50587785252292472027 -0.00587785252292473415 0.00000000000000000000 49
0.90000000000000002220 0.47999999999999998224 0.00000000000000000000 -0.50587785252292472027 -0.00587785252292473415 0.00000000000000000000 49
0.90000000000000002220 0.50000000000000000000 0.00000000000000000000 -0.50587785252292472027 -0.00587785252292473415 0.00000000000000000000 59
0.90000000000000002220 0.52000000000000001776 0.00000000000000000000 -0.50587785252292472027 -0.00587785252292473415 0.00000000000000000000 59
0.90000000000000002220 0.54000000000000003553 0.00000000000000000000 -0.50587785252292472027 -0.00587785252292473415 0.00000000000000000000 59
0.90000000000000002220 0.56000000000000005329 0.00000000000000000000 -0.50587785252292472027 -0.00587785252292473415 0.00000000000000000000 59
0.90000000000000002220 0.57999999999999996003 0.00000000000000000000 -0.50587785252292472027 -0.00587785252292473415 0.00000000000000000000 59
0.90000000000000002220 0.59999999999999997780 0.00000000000000000000 -0.50587785252292472027 -0.00587785252292473415 0.00000000000000000000 69
0.90000000000000002220 0.61999999999999999556 0.00000000000000000000 -0.50587785252292472027 -0.00587785252292473415 0.00000000000000000000 69
0.90000000000000002220 0.64000000000000001332 0.00000000000000000000 -0.50587785252292472027 -0.00587785252292473415 0.00000000000000000000 69
0.90000000000000002220 0.66000000000000003109 0.00000000000000000000 -0.50587785252292472027 -0.00587785252292473415 0.00000000000000000000 69
0.90000000000000002220 0.68000000000000004885 0.00000000000000000000 -0.50587785252292472027 -0.00587785252292473415 0.00000000000000000000 69
0.90000000000000002220 0.70000000000000006661 0.00000000000000000000 -0.50587785252292472027 -0.00587785252292473415 0.00000000000000000000 79
0.90000000000000002220 0.71999999999999997335 0.00000000000000000000 -0.50587785252292472027 -0.00587785252292473415 0.00000000000000000000 79
0.90000000000000002220 0.73999999999999999112 0.00000000000000000000 -0.50587785252292472027 -0.00587785252292473415 0.00000000000000000000 79
0.90000000000000002220 0.76000000000000000888 0.00000000000000000000 0.49412214747707527973 -0.00587785252292473415 0.00000000000000000000 79
0.90000000000000002220 0.78000000000000002665 0.00000000000000000000 0.49412214747707527973 -0.00587785252292473415 0.00000000000000000000 79
0.90000000000000002220 0.80000000000000004441 0.00000000000000000000 0.49412214747707527973 -0.00587785252292473415 0.00000000000000000000 89
0.90000000000000002220 0.82000000000000006217 0.00000000000000000000 0.49412214747707527973 -0.00587785252292473415 0.00000000000000000000 89
0.90000000000000002220 0.83999999999999996891 0.00000000000000000000 0.49412214747707527973 -0.00587785252292473415 0.00000000000000000000 89
0.90000000000000002220 0.85999999999999998668 0.00000000000000000000 0.49412214747707527973 -0.00587785252292473415 0.00000000000000000000 89
0.90000000000000002220 0.88000000000000000444 0.00000000000000000000 0.49412214747707527973 -0.00587785252292473415 0.00000000000000000000 89
0.90000000000000002220 0.90000000000000002220 0.00000000000000000000 0.49412214747707527973 -0.00587785252292473415 0.00000000000000000000 99
0.90000000000000002220 0.92000000000000003997 0.00000000000000000000 0.49412214747707527973 -0.00587785252292473415 0.00000000000000000000 99
0.90000000000000002220 0.94000000000000005773 0.00000000000000000000 0.49412214747707527973 -0.00587785252292473415 0.00000000000000000000 99
0.90000000000000002220 0.95999999999999996447 0.00000000000000000000 0.49412214747707527973 -0.00587785252292473415 0.00000000000000000000 99
0.90000000000000002220 0.97999999999999998224 0.00000000000000000000 0.49412214747707527973 -0.00587785252292473415 0.00000000000000000000 99
0.90000000000000002220 1.00000000000000000000 0.00000000000000000000 0.49412214747707527973 -0.00587785252292473415 0.00000000000000000000 99
0.92000000000000003997 0.00000000000000000000 0.00000000000000000000 0.49518246325898285232 -0.00481753674101715375 0.00000000000000000000 9
0.92000000000000003997 0.02000000000000000042 0.00000000000000000000 0.49518246325898285232 -0.00481753674101715375 0.00000000000000000000 9
0.92000000000000003997 0.04000000000000000083 0.00000000000000000000 0.49518246325898285232 -0.00481753674101715375 0.00000000000000000000 9
0.92000000000000003997 0.05999999999999999778 0.00000000000000000000 0.49518246325898285232 -0.00481753674101715375 0.00000000000000000000 9
0.92000000000000003997 0.08000000000000000167 0.00000000000000000000 0.49518246325898285232 -0.00481753674101715375 0.00000000000000000000 9
0.92000000000000003997 0.10000000000000000555 0.00000000000000000000 0.49518246325898285232 -0.00481753674101715375 0.00000000000000000000 19
0.92000000000000003997 0.11999999999999999556 0.00000000000000000000 0.49518246325898285232 -0.00481753674101715375 0.00000000000000000000 19
0.92000000000000003997 0.14000000000000001332 0.00000000000000000000 0.49518246325898285232 -0.00481753674101715375 0.00000000000000000000 19
0.92000000000000003997 0.16000000000000000333 0.00000000000000000000 0.49518246325898285232 -0.00481753674101715375 0.00000000000000000000 19
0.92000000000000003997 0.17999999999999999334 0.00000000000000000000 0.49518246325898285232 -0.00481753674101715375 0.00000000000000000000 19
0.92000000000000003997 0.20000000000000001110 0.00000000000000000000 0.49518246325898285232 -0.00481753674101715375 0.00000000000000000000 29
0.92000000000000003997 0.22000000000000000111 0.00000000000000000000 0.49518246325898285232 -0.00481753674101715375 0.00000000000000000000 29
0.92000000000000003997 0.23999999999999999112 0.00000000000000000000 0.49518246325898285232 -0.00481753674101715375 0.00000000000000000000 29
0.92000000000000003997 0.26000000000000000888 0.00000000000000000000 -0.50481753674101714768 -0.00481753674101715375 0.00000000000000000000 29
0.92000000000000003997 0.28000000000000002665 0.00000000000000000000 -0.50481753674101714768 -0.00481753674101715375 0.00000000000000000000 29
0.92000000000000003997 0.29999999999999998890 0.00000000000000000000 -0.50481753674101714768 -0.00481753674101715375 0.00000000000000000000 39
0.92000000000000003997 0.32000000000000000666 0.00000000000000000000 -0.50481753674101714768 -0.00481753674101715375 0.00000000000000000000 39
0.92000000000000003997 0.34000000000000002442 0.00000000000000000000 -0.50481753674101714768 -0.00481753674101715375 0.00000000000000000000 39
0.92000000000000003997 0.35999999999999998668 0.00000000000000000000 -0.50481753674101714768 -0.00481753674101715375 0.00000000000000000000 39
0.92000000000000003997 0.38000000000000000444 0.00000000000000000000 -0.50481753674101714768 -0.00481753674101715375 0.00000000000000000000 39
0.92000000000000003997 0.40000000000000002220 0.00000000000000000000 -0.50481753674101714768 -0.00481753674101715375 0.00000000000000000000 49
0.92000000000000003997 0.41999999999999998446 0.00000000000000000000 -0.50481753674101714768 -0.00481753674101715375 0.00000000000000000000 49
0.92000000000000003997 0.44000000000000000222 0.00000000000000000000 -0.50481753674101714768 -0.00481753674101715375 0.00000000000000000000 49
0.92000000000000003997 0.46000000000000001998 0.00000000000000000000 -0.50481753674101714768 -0.00481753674101715375 0.00000000000000000000 49
0.92000000000000003997 0.47999999999999998224 0.00000000000000000000 -0.50481753674101714768 -0.00481753674101715375 0.00000000000000000000 49
0.92000000000000003997 0.50000000000000000000 0.00000000000000000000 -0.50481753674101714768 -0.00481753674101715375 0.00000000000000000000 59
0.92000000000000003997 0.52000000000000001776 0.00000000000000000000 -0.50481753674101714768 -0.00481753674101715375 0.00000000000000000000 59
0.92000000000000003997 0.54000000000000003553 0.00000000000000000000 -0.50481753674101714768 -0.00481753674101715375 0.00000000000000000000 59
0.92000000000000003997 0.56000000000000005329 0.00000000000000000000 -0.50481753674101714768 -0.00481753674101715375 0.00000000000000000000 59
0.92000000000000003997 0.57999999999999996003 0.00000000000000000000 -0.50481753674101714768 -0.00481753674101715375 0.00000000000000000000 59
0.92000000000000003997 0.59999999999999997780 0.00000000000000000000 -0.50481753674101714768 -0.00481753674101715375 0.00000000000000000000 69
0.92000000000000003997 0.61999999999999999556 0.00000000000000000000 -0.50481753674101714768 -0.00481753674101715375 0.00000000000000000000 69
0.92000000000000003997 0.64000000000000001332 0.00000000000000000000 -0.50481753674101714768 -0.00481753674101715375 0.00000000000000000000 69
0.92000000000000003997 0.66000000000000003109 0.00000000000000000000 -0.50481753674101714768 -0.00481753674101715375 0.00000000000000000000 69
0.92000000000000003997 0.68000000000000004885 0.00000000000000000000 -0.50481753674101714768 -0.00481753674101715375 0.00000000000000000000 69
0.92000000000000003997 0.70000000000000006661 0.00000000000000000000 -0.50481753674101714768 -0.00481753674101715375 0.00000000000000000000 79
0.92000000000000003997 0.71999999999999997335 0.00000000000000000000 -0.50481753674101714768 -0.00481753674101715375 0.00000000000000000000 79
0.92000000000000003997 0.73999999999999999112 0.00000000000000000000 -0.50481753674101714768 -0.00481753674101715375 0.00000000000000000000 79
0.92000000000000003997 0.76000000000000000888 0.00000000000000000000 0.49518246325898285232 -0.00481753674101715375 0.00000000000000000000 79
0.92000000000000003997 0.78000000000000002665 0.00000000000000000000 0.49518246325898285232 -0.00481753674101715375 0.00000000000000000000 79
0.92000000000000003997 0.80000000000000004441 0.00000000000000000000 0.49518246325898285232 -0.00481753674101715375 0.00000000000000000000 89
0.92000000000000003997 0.82000000000000006217 0.00000000000000000000 0.49518246325898285232 -0.00481753674101715375 0.00000000000000000000 89
0.92000000000000003997 0.83999999999999996891 0.00000000000000000000 0.49518246325898285232 -0.00481753674101715375 0.00000000000000000000 89
0.92000000000000003997 0.85999999999999998668 0.00000000000000000000 0.49518246325898285232 -0.00481753674101715375 0.00000000000000000000 89
0.92000000000000003997 0.88000000000000000444 0.00000000000000000000 0.49518246325898285232 -0.00481753674101715375 0.00000000000000000000 89
0.92000000000000003997 0.90000000000000002220 0.00000000000000000000 0.49518246325898285232 -0.00481753674101715375 0.00000000000000000000 99
0.92000000000000003997 0.92000000000000003997 0.00000000000000000000 0.49518246325898285232 -0.00481753674101715375 0.00000000000000000000 99
0.92000000000000003997 0.94000000000000005773 0.00000000000000000000 0.49518246325898285232 -0.00481753674101715375 0.00000000000000000000 99
0.92000000000000003997 0.95999999999999996447 0.00000000000000000000 0.49518246325898285232 -0.00481753674101715375 0.00000000000000000000 99
0.92000000000000003997 0.97999999999999998224 0.00000000000000000000 0.49518246325898285232 -0.00481753674101715375 0.00000000000000000000 99
0.92000000000000003997 1.00000000000000000000 0.00000000000000000000 0.49518246325898285232 -0.00481753674101715375 0.00000000000000000000 99
0.94000000000000005773 0.00000000000000000000 0.00000000000000000000 0.49631875447315321193 -0.00368124552684677853 0.00000000000000000000 9
0.94000000000000005773 0.02000000000000000042 0.00000000000000000000 0.49631875447315321193 -0.00368124552684677853 0.00000000000000000000 9
0.94000000000000005773 0.04000000000000000083 0.00000000000000000000 0.49631875447315321193 -0.00368124552684677853 0.00000000000000000000 9
0.94000000000000005773 0.05999999999999999778 0.00000000000000000000 0.49631875447315321193 -0.00368124552684677853 0.00000000000000000000 9
0.94000000000000005773 0.08000000000000000167 0.00000000000000000000 0.49631875447315321193 -0.00368124552684677853 0.00000000000000000000 9
0.94000000000000005773 0.10000000000000000555 0.00000000000000000000 0.49631875447315321193 -0.00368124552684677853 0.00000000000000000000 19
0.94000000000000005773 0.11999999999999999556 0.00000000000000000000 0.49631875447315321193 -0.00368124552684677853 0.00000000000000000000 19
0.94000000000000005773 0.14000000000000001332 0.00000000000000000000 0.49631875447315321193 -0.00368124552684677853 0.00000000000000000000 19
0.94000000000000005773 0.16000000000000000333 0.00000000000000000000 0.49631875447315321193 -0.00368124552684677853 0.00000000000000000000 19
0.94000000000000005773 0.17999999999999999334 0.00000000000000000000 0.49631875447315321193 -0.00368124552684677853 0.00000000000000000000 19
0.94000000000000005773 0.20000000000000001110 0.00000000000000000000 0.49631875447315321193 -0.00368124552684677853 0.00000000000000000000 29
0.94000000000000005773 0.22000000000000000111 0.00000000000000000000 0.49631875447315321193 -0.00368124552684677853 0.00000000000000000000 29
0.94000000000000005773 0.23999999999999999112 0.00000000000000000000 0.49631875447315321193 -0.00368124552684677853 0.00000000000000000000 29
0.94000000000000005773 0.26000000000000000888 0.00000000000000000000 -0.50368124552684678807 -0.00368124552684677853 0.00000000000000000000 29
0.94000000000000005773 0.28000000000000002665 0.00000000000000000000 -0.50368124552684678807 -0.00368124552684677853 0.00000000000000000000 29
0.94000000000000005773 0.29999999999999998890 0.00000000000000000000 -0.50368124552684678807 -0.00368124552684677853 0.00000000000000000000 39
0.94000000000000005773 0.32000000000000000666 0.00000000000000000000 -0.50368124552684678807 -0.00368124552684677853 0.00000000000000000000 39
0.94000000000000005773 0.34000000000000002442 0.00000000000000000000 -0.50368124552684678807 -0.00368124552684677853 0.00000000000000000000 39
0.94000000000000005773 0.35999999999999998668 0.00000000000000000000 -0.50368124552684678807 -0.00368124552684677853 0.00000000000000000000 39
0.94000000000000005773 0.38000000000000000444 0.00000000000000000000 -0.50368124552684678807 -0.00368124552684677853 0.00000000000000000000 39
0.94000000000000005773 0.40000000000000002220 0.00000000000000000000 -0.50368124552684678807 -0.00368124552684677853 0.00000000000000000000 49
0.94000000000000005773 0.41999999999999998446 0.00000000000000000000 -0.50368124552684678807 -0.00368124552684677853 0.00000000000000000000 49
0.94000000000000005773 0.44000000000000000222 0.00000000000000000000 -0.50368124552684678807 -0.00368124552684677853 0.00000000000000000000 49
0.94000000000000005773 0.46000000000000001998 0.00000000000000000000 -0.50368124552684678807 -0.00368124552684677853 0.00000000000000000000 49
0.94000000000000005773 0.47999999999999998224 0.00000000000000000000 -0.50368124552684678807 -0.00368124552684677853 0.00000000000000000000 49
0.94000000000000005773 0.50000000000000000000 0.00000000000000000000 -0.50368124552684678807 -0.00368124552684677853 0.00000000000000000000 59
0.94000000000000005773 0.52000000000000001776 0.00000000000000000000 -0.50368124552684678807 -0.00368124552684677853 0.00000000000000000000 59
0.94000000000000005773 0.54000000000000003553 0.00000000000000000000 -0.50368124552684678807 -0.00368124552684677853 0.00000000000000000000 59
0.94000000000000005773 0.56000000000000005329 0.00000000000000000000 -0.50368124552684678807 -0.00368124552684677853 0.00000000000000000000 59
0.94000000000000005773 0.57999999999999996003 0.00000000000000000000 -0.50368124552684678807 -0.00368124552684677853 0.00000000000000000000 59
0.94000000000000005773 0.59999999999999997780 0.00000000000000000000 -0.50368124552684678807 -0.00368124552684677853 0.00000000000000000000 69
0.94000000000000005773 0.61999999999999999556 0.00000000000000000000 -0.50368124552684678807 -0.00368124552684677853 0.00000000000000000000 69
0.94000000000000005773 0.64000000000000001332 0.00000000000000000000 -0.50368124552684678807 -0.00368124552684677853 0.00000000000000000000 69
0.94000000000000005773 0.66000000000000003109 0.00000000000000000000 -0.50368124552684678807 -0.00368124552684677853 0.00000000000000000000 69
0.94000000000000005773 0.68000000000000004885 0.00000000000000000000 -0.50368124552684678807 -0.00368124552684677853 0.00000000000000000000 69
0.94000000000000005773 0.70000000000000006661 0.00000000000000000000 -0.50368124552684678807 -0.00368124552684677853 0.00000000000000000000 79
0.94000000000000005773 0.71999999999999997335 0.00000000000000000000 -0.50368124552684678807 -0.00368124552684677853 0.00000000000000000000 79
0.94000000000000005773 0.73999999999999999112 0.00000000000000000000 -0.50368124552684678807 -0.00368124552684677853 0.00000000000000000000 79
0.94000000000000005773 0.76000000000000000888 0.00000000000000000000 0.49631875447315321193 -0.00368124552684677853 0.00000000000000000000 79
0.94000000000000005773 0.78000000000000002665 0.00000000000000000000 0.49631875447315321193 -0.00368124552684677853 0.00000000000000000000 79
0.94000000000000005773 0.80000000000000004441 0.00000000000000000000 0.49631875447315321193 -0.00368124552684677853 0.00000000000000000000 89
0.94000000000000005773 0.82000000000000006217 0.00000000000000000000 0.49631875447315321193 -0.00368124552684677853 0.00000000000000000000 89
0.94000000000000005773 0.83999999999999996891 0.00000000000000000000 0.49631875447315321193 -0.00368124552684677853 0.00000000000000000000 89
0.94000000000000005773 0.85999999999999998668 0.00000000000000000000 0.49631875447315321193 -0.00368124552684677853 0.00000000000000000000 89
0.94000000000000005773 0.88000000000000000444 0.00000000000000000000 0.49631875447315321193 -0.00368124552684677853 0.00000000000000000000 89
0.94000000000000005773 0.90000000000000002220 0.00000000000000000000 0.49631875447315321193 -0.00368124552684677853 0.00000000000000000000 99
0.94000000000000005773 0.92000000000000003997 0.00000000000000000000 0.49631875447315321193 -0.00368124552684677853 0.00000000000000000000 99
0.94000000000000005773 0.94000000000000005773 0.00000000000000000000 0.49631875447315321193 -0.00368124552684677853 0.00000000000000000000 99
0.94000000000000005773 0.95999999999999996447 0.00000000000000000000 0.49631875447315321193 -0.00368124552684677853 0.00000000000000000000 99
0.94000000000000005773 0.97999999999999998224 0.00000000000000000000 0.49631875447315321193 -0.00368124552684677853 0.00000000000000000000 99
0.94000000000000005773 1.00000000000000000000 0.00000000000000000000 0.49631875447315321193 -0.00368124552684677853 0.00000000000000000000 99
0.95999999999999996447 0.00000000000000000000 0.00000000000000000000 0.49751310112835145372 -0.00248689887164855366 0.00000000000000000000 9
0.95999999999999996447 0.02000000000000000042 0.00000000000000000000 0.49751310112835145372 -0.00248689887164855366 0.00000000000000000000 9
0.95999999999999996447 0.04000000000000000083 0.00000000000000000000 0.49751310112835145372 -0.00248689887164855366 0.00000000000000000000 9
0.95999999999999996447 0.05999999999999999778 0.00000000000000000000 0.49751310112835145372 -0.00248689887164855366 0.00000000000000000000 9
0.95999999999999996447 0.08000000000000000167 0.00000000000000000000 0.49751310112835145372 -0.00248689887164855366 0.00000000000000000000 9
0.95999999999999996447 0.10000000000000000555 0.00000000000000000000 0.49751310112835145372 -0.00248689887164855366 0.00000000000000000000 19
0.95999999999999996447 0.11999999999999999556 0.00000000000000000000 0.49751310112835145372 -0.00248689887164855366 0.00000000000000000000 19
0.95999999999999996447 0.14000000000000001332 0.00000000000000000000 0.49751310112835145372 -0.00248689887164855366 0.00000000000000000000 19
0.95999999999999996447 0.16000000000000000333 0.00000000000000000000 0.49751310112835145372 -0.00248689887164855366 0.00000000000000000000 19
0.95999999999999996447 0.17999999999999999334 0.00000000000000000000 0.49751310112835145372 -0.00248689887164855366 0.00000000000000000000 19
0.95999999999999996447 0.20000000000000001110 0.00000000000000000000 0.49751310112835145372 -0.00248689887164855366 0.00000000000000000000 29
0.95999999999999996447 0.22000000000000000111 0.00000000000000000000 0.49751310112835145372 -0.00248689887164855366 0.00000000000000000000 29
0.95999999999999996447 0.23999999999999999112 0.00000000000000000000 0.49751310112835145372 -0.00248689887164855366 0.00000000000000000000 29
0.95999999999999996447 0.26000000000000000888 0.00000000000000000000 -0.50248689887164854628 -0.00248689887164855366 0.00000000000000000000 29
0.95999999999999996447 0.28000000000000002665 0.00000000000000000000 -0.50248689887164854628 -0.00248689887164855366 0.00000000000000000000 29
0.95999999999999996447 0.29999999999999998890 0.00000000000000000000 -0.50248689887164854628 -0.00248689887164855366 0.00000000000000000000 39
0.95999999999999996447 0.32000000000000000666 0.00000000000000000000 -0.50248689887164854628 -0.00248689887164855366 0.00000000000000000000 39
0.95999999999999996447 0.34000000000000002442 0.00000000000000000000 -0.50248689887164854628 -0.00248689887164855366 0.00000000000000000000 39
0.95999999999999996447 0.35999999999999998668 0.00000000000000000000 -0.50248689887164854628 -0.00248689887164855366 0.00000000000000000000 39
0.95999999999999996447 0.38000000000000000444 0.00000000000000000000 -0.50248689887164854628 -0.00248689887164855366 0.00000000000000000000 39
0.95999999999999996447 0.40000000000000002220 0.00000000000000000000 -0.50248689887164854628 -0.00248689887164855366 0.00000000000000000000 49
0.95999999999999996447 0.41999999999999998446 0.00000000000000000000 -0.50248689887164854628 -0.00248689887164855366 0.00000000000000000000 49
0.95999999999999996447 0.44000000000000000222 0.00000000000000000000 -0.50248689887164854628 -0.00248689887164855366 0.00000000000000000000 49
0.95999999999999996447 0.46000000000000001998 0.00000000000000000000 -0.50248689887164854628 -0.00248689887164855366 0.00000000000000000000 49
0.95999999999999996447 0.47999999999999998224 0.00000000000000000000 -0.50248689887164854628 -0.00248689887164855366 0.00000000000000000000 49
0.95999999999999996447 0.50000000000000000000 0.00000000000000000000 -0.50248689887164854628 -0.00248689887164855366 0.00000000000000000000 59
0.95999999999999996447 0.52000000000000001776 0.00000000000000000000 -0.50248689887164854628 -0.00248689887164855366 0.00000000000000000000 59
0.95999999999999996447 0.54000000000000003553 0.00000000000000000000 -0.50248689887164854628 -0.00248689887164855366 0.00000000000000000000 59
0.95999999999999996447 0.56000000000000005329 0.00000000000000000000 -0.50248689887164854628 -0.00248689887164855366 0.00000000000000000000 59
0.95999999999999996447 0.57999999999999996003 0.00000000000000000000 -0.50248689887164854628 -0.00248689887164855366 0.00000000000000000000 59
0.95999999999999996447 0.59999999999999997780 0.00000000000000000000 -0.50248689887164854628 -0.00248689887164855366 0.00000000000000000000 69
0.95999999999999996447 0.61999999999999999556 0.00000000000000000000 -0.50248689887164854628 -0.00248689887164855366 0.00000000000000000000 69
0.95999999999999996447 0.64000000000000001332 0.00000000000000000000 -0.50248689887164854628 -0.00248689887164855366 0.00000000000000000000 69
0.95999999999999996447 0.66000000000000003109 0.00000000000000000000 -0.50248689887164854628 -0.00248689887164855366 0.00000000000000000000 69
0.95999999999999996447 0.68000000000000004885 0.00000000000000000000 -0.50248689887164854628 -0.00248689887164855366 0.00000000000000000000 69
0.95999999999999996447 0.70000000000000006661 0.00000000000000000000 -0.50248689887164854628 -0.00248689887164855366 0.00000000000000000000 79
0.95999999999999996447 0.71999999999999997335 0.00000000000000000000 -0.50248689887164854628 -0.00248689887164855366 0.00000000000000000000 79
0.95999999999999996447 0.73999999999999999112 0.00000000000000000000 -0.50248689887164854628 -0.00248689887164855366 0.00000000000000000000 79
0.95999999999999996447 0.76000000000000000888 0.00000000000000000000 0.49751310112835145372 -0.00248689887164855366 0.00000000000000000000 79
0.95999999999999996447 0.78000000000000002665 0.00000000000000000000 0.49751310112835145372 -0.00248689887164855366 0.00000000000000000000 79
0.95999999999999996447 0.80000000000000004441 0.00000000000000000000 0.49751310112835145372 -0.00248689887164855366 0.00000000000000000000 89
0.95999999999999996447 0.82000000000000006217 0.00000000000000000000 0.49751310112835145372 -0.00248689887164855366 0.00000000000000000000 89
0.95999999999999996447 0.83999999999999996891 0.00000000000000000000 0.49751310112835145372 -0.00248689887164855366 0.00000000000000000000 89
0.95999999999999996447 0.85999999999999998668 0.00000000000000000000 0.49751310112835145372 -0.00248689887164855366 0.00000000000000000000 89
0.95999999999999996447 0.88000000000000000444 0.00000000000000000000 0.49751310112835145372 -0.00248689887164855366 0.00000000000000000000 89
0.95999999999999996447 0.90000000000000002220 0.00000000000000000000 0.49751310112835145372 -0.00248689887164855366 0.00000000000000000000 99
0.95999999999999996447 0.92000000000000003997 0.00000000000000000000 0.49751310112835145372 -0.00248689887164855366 0.00000000000000000000 99
0.95999999999999996447 0.94000000000000005773 0.00000000000000000000 0.49751310112835145372 -0.00248689887164855366 0.00000000000000000000 99
0.95999999999999996447 0.95999999999999996447 0.00000000000000000000 0.49751310112835145372 -0.00248689887164855366 0.00000000000000000000 99
0.95999999999999996447 0.97999999999999998224 0.00000000000000000000 0.49751310112835145372 -0.00248689887164855366 0.00000000000000000000 99
0.95999999999999996447 1.00000000000000000000 0.00000000000000000000 0.49751310112835145372 -0.00248689887164855366 0.00000000000000000000 99
0.97999999999999998224 0.00000000000000000000 0.00000000000000000000 0.49874666766435693521 -0.00125333233564304657 0.00000000000000000000 9
0.97999999999999998224 0.02000000000000000042 0.00000000000000000000 0.49874666766435693521 -0.00125333233564304657 0.00000000000000000000 9
0.97999999999999998224 0.04000000000000000083 0.00000000000000000000 0.49874666766435693521 -0.00125333233564304657 0.00000000000000000000 9
0.97999999999999998224 0.05999999999999999778 0.00000000000000000000 0.49874666766435693521 -0.00125333233564304657 0.00000000000000000000 9
0.97999999999999998224 0.08000000000000000167 0.00000000000000000000 0.49874666766435693521 -0.00125333233564304657 0.00000000000000000000 9
0.97999999999999998224 0.10000000000000000555 0.00000000000000000000 0.49874666766435693521 -0.00125333233564304657 0.00000000000000000000 19
0.97999999999999998224 0.11999999999999999556 0.00000000000000000000 0.49874666766435693521 -0.00125333233564304657 0.00000000000000000000 19
0.97999999999999998224 0.14000000000000001332 0.00000000000000000000 0.49874666766435693521 -0.00125333233564304657 0.00000000000000000000 19
0.97999999999999998224 0.16000000000000000333 0.00000000000000000000 0.49874666766435693521 -0.00125333233564304657 0.00000000000000000000 19
0.97999999999999998224 0.17999999999999999334 0.00000000000000000000 0.49874666766435693521 -0.00125333233564304657 0.00000000000000000000 19
0.97999999999999998224 0.20000000000000001110 0.00000000000000000000 0.49874666766435693521 -0.00125333233564304657 0.00000000000000000000 29
0.97999999999999998224 0.22000000000000000111 0.00000000000000000000 0.49874666766435693521 -0.00125333233564304657 0.00000000000000000000 29
0.97999999999999998224 0.23999999999999999112 0.00000000000000000000 0.49874666766435693521 -0.00125333233564304657 0.00000000000000000000 29
0.97999999999999998224 0.26000000000000000888 0.00000000000000000000 -0.50125333233564306479 -0.00125333233564304657 0.00000000000000000000 29
0.97999999999999998224 0.28000000000000002665 0.00000000000000000000 -0.50125333233564306479 -0.00125333233564304657 0.00000000000000000000 29
0.97999999999999998224 0.29999999999999998890 0.00000000000000000000 -0.50125333233564306479 -0.00125333233564304657 0.00000000000000000000 39
0.97999999999999998224 0.32000000000000000666 0.00000000000000000000 -0.50125333233564306479 -0.00125333233564304657 0.00000000000000000000 39
0.97999999999999998224 0.34000000000000002442 0.00000000000000000000 -0.50125333233564306479 -0.00125333233564304657 0.00000000000000000000 39
0.97999999999999998224 0.35999999999999998668 0.00000000000000000000 -0.50125333233564306479 -0.00125333233564304657 0.00000000000000000000 39
0.97999999999999998224 0.38000000000000000444 0.00000000000000000000 -0.50125333233564306479 -0.00125333233564304657 0.00000000000000000000 39
0.97999999999999998224 0.40000000000000002220 0.00000000000000000000 -0.50125333233564306479 -0.00125333233564304657 0.00000000000000000000 49
0.97999999999999998224 0.41999999999999998446 0.00000000000000000000 -0.50125333233564306479 -0.00125333233564304657 0.00000000000000000000 49
0.97999999999999998224 0.44000000000000000222 0.00000000000000000000 -0.50125333233564306479 -0.00125333233564304657 0.00000000000000000000 49
0.97999999999999998224 0.46000000000000001998 0.00000000000000000000 -0.50125333233564306479 -0.00125333233564304657 0.00000000000000000000 49
0.97999999999999998224 0.47999999999999998224 0.00000000000000000000 -0.50125333233564306479 -0.00125333233564304657 0.00000000000000000000 49
0.97999999999999998224 0.50000000000000000000 0.00000000000000000000 -0.50125333233564306479 -0.00125333233564304657 0.00000000000000000000 59
0.97999999999999998224 0.52000000000000001776 0.00000000000000000000 -0.50125333233564306479 -0.00125333233564304657 0.00000000000000000000 59
0.97999999999999998224 0.54000000000000003553 0.00000000000000000000 -0.50125333233564306479 -0.00125333233564304657 0.00000000000000000000 59
0.97999999999999998224 0.56000000000000005329 0.00000000000000000000 -0.50125333233564306479 -0.00125333233564304657 0.00000000000000000000 59
0.97999999999999998224 0.57999999999999996003 0.00000000000000000000 -0.50125333233564306479 -0.00125333233564304657 0.00000000000000000000 59
0.97999999999999998224 0.59999999999999997780 0.00000000000000000000 -0.50125333233564306479 -0.00125333233564304657 0.00000000000000000000 69
0.97999999999999998224 0.61999999999999999556 0.00000000000000000000 -0.50125333233564306479 -0.00125333233564304657 0.00000000000000000000 69
0.97999999999999998224 0.64000000000000001332 0.00000000000000000000 -0.50125333233564306479 -0.00125333233564304657 0.00000000000000000000 69
0.97999999999999998224 0.66000000000000003109 0.00000000000000000000 -0.50125333233564306479 -0.00125333233564304657 0.00000000000000000000 69
0.97999999999999998224 0.68000000000000004885 0.00000000000000000000 -0.50125333233564306479 -0.00125333233564304657 0.00000000000000000000 69
0.97999999999999998224 0.70000000000000006661 0.00000000000000000000 -0.50125333233564306479 -0.00125333233564304657 0.00000000000000000000 79
0.97999999999999998224 0.71999999999999997335 0.00000000000000000000 -0.50125333233564306479 -0.00125333233564304657 0.00000000000000000000 79
0.97999999999999998224 0.73999999999999999112 0.00000000000000000000 -0.50125333233564306479 -0.00125333233564304657 0.00000000000000000000 79
0.97999999999999998224 0.76000000000000000888 0.00000000000000000000 0.49874666766435693521 -0.00125333233564304657 0.00000000000000000000 79
0.97999999999999998224 0.78000000000000002665 0.00000000000000000000 0.49874666766435693521 -0.00125333233564304657 0.00000000000000000000 79
0.97999999999999998224 0.80000000000000004441 0.00000000000000000000 0.49874666766435693521 -0.00125333233564304657 0.00000000000000000000 89
0.97999999999999998224 0.82000000000000006217 0.00000000000000000000 0.49874666766435693521 -0.00125333233564304657 0.00000000000000000000 89
0.97999999999999998224 0.83999999999999996891 0.00000000000000000000 0.49874666766435693521 -0.00125333233564304657 0.00000000000000000000 89
0.97999999999999998224 0.85999999999999998668 0.00000000000000000000 0.49874666766435693521 -0.00125333233564304657 0.00000000000000000000 89
0.97999999999999998224 0.88000000000000000444 0.00000000000000000000 0.49874666766435693521 -0.00125333233564304657 0.00000000000000000000 89
0.97999999999999998224 0.90000000000000002220 0.00000000000000000000 0.49874666766435693521 -0.00125333233564304657 0.00000000000000000000 99
0.97999999999999998224 0.92000000000000003997 0.00000000000000000000 0.49874666766435693521 -0.00125333233564304657 0.00000000000000000000 99
0.97999999999999998224 0.94000000000000005773 0.00000000000000000000 0.49874666766435693521 -0.00125333233564304657 0.00000000000000000000 99
0.97999999999999998224 0.95999999999999996447 0.00000000000000000000 0.49874666766435693521 -0.00125333233564304657 0.00000000000000000000 99
0.97999999999999998224 0.97999999999999998224 0.00000000000000000000 0.49874666766435693521 -0.00125333233564304657 0.00000000000000000000 99
0.97999999999999998224 1.00000000000000000000 0.00000000000000000000 0.49874666766435693521 -0.00125333233564304657 0.00000000000000000000 99
1.00000000000000000000 0.00000000000000000000 0.00000000000000000000 0.50000000000000000000 -0.00000000000000000245 0.00000000000000000000 9
1.00000000000000000000 0.02000000000000000042 0.00000000000000000000 0.50000000000000000000 -0.00000000000000000245 0.00000000000000000000 9
1.00000000000000000000 0.04000000000000000083 0.00000000000000000000 0.50000000000000000000 -0.00000000000000000245 0.00000000000000000000 9
1.00000000000000000000 0.05999999999999999778 0.00000000000000000000 0.50000000000000000000 -0.00000000000000000245 0.00000000000000000000 9
1.00000000000000000000 0.08000000000000000167 0.00000000000000000000 0.50000000000000000000 -0.00000000000000000245 0.00000000000000000000 9
1.00000000000000000000 0.10000000000000000555 0.00000000000000000000 0.50000000000000000000 -0.00000000000000000245 0.00000000000000000000 19
1.00000000000000000000 0.11999999999999999556 0.00000000000000000000 0.50000000000000000000 -0.00000000000000000245 0.00000000000000000000 19
1.00000000000000000000 0.14000000000000001332 0.00000000000000000000 0.50000000000000000000 -0.00000000000000000245 0.00000000000000000000 19
1.00000000000000000000 0.16000000000000000333 0.00000000000000000000 0.50000000000000000000 -0.00000000000000000245 0.00000000000000000000 19
1.00000000000000000000 0.17999999999999999334 0.00000000000000000000 0.50000000000000000000 -0.00000000000000000245 0.00000000000000000000 19
1.00000000000000000000 0.20000000000000001110 0.00000000000000000000 0.50000000000000000000 -0.00000000000000000245 0.00000000000000000000 29
1.00000000000000000000 0.22000000000000000111 0.00000000000000000000 0.50000000000000000000 -0.00000000000000000245 0.00000000000000000000 29
1.00000000000000000000 0.23999999999999999112 0.00000000000000000000 0.50000000000000000000 -0.00000000000000000245 0.00000000000000000000 29
1.00000000000000000000 0.26000000000000000888 0.00000000000000000000 -0.50000000000000000000 -0.00000000000000000245 0.00000000000000000000 29
1.00000000000000000000 0.28000000000000002665 0.00000000000000000000 -0.50000000000000000000 -0.00000000000000000245 0.00000000000000000000 29
1.00000000000000000000 0.29999999999999998890 0.00000000000000000000 -0.50000000000000000000 -0.00000000000000000245 0.00000000000000000000 39
1.00000000000000000000 0.32000000000000000666 0.00000000000000000000 -0.50000000000000000000 -0.00000000000000000245 0.00000000000000000000 39
1.00000000000000000000 0.34000000000000002442 0.00000000000000000000 -0.50000000000000000000 -0.00000000000000000245 0.00000000000000000000 39
1.00000000000000000000 0.35999999999999998668 0.00000000000000000000 -0.50000000000000000000 -0.00000000000000000245 0.00000000000000000000 39
1.00000000000000000000 0.38000000000000000444 0.00000000000000000000 -0.50000000000000000000 -0.00000000000000000245 0.00000000000000000000 39
1.00000000000000000000 0.40000000000000002220 0.00000000000000000000 -0.50000000000000000000 -0.00000000000000000245 0.00000000000000000000 49
1.00000000000000000000 0.41999999999999998446 0.00000000000000000000 -0.50000000000000000000 -0.00000000000000000245 0.00000000000000000000 49
1.00000000000000000000 0.44000000000000000222 0.00000000000000000000 -0.50000000000000000000 -0.00000000000000000245 0.00000000000000000000 49
1.00000000000000000000 0.46000000000000001998 0.00000000000000000000 -0.50000000000000000000 -0.00000000000000000245 0.00000000000000000000 49
1.00000000000000000000 0.47999999999999998224 0.00000000000000000000 -0.50000000000000000000 -0.00000000000000000245 0.00000000000000000000 49
1.00000000000000000000 0.50000000000000000000 0.00000000000000000000 -0.50000000000000000000 -0.00000000000000000245 0.00000000000000000000 59
1.00000000000000000000 0.52000000000000001776 0.00000000000000000000 -0.50000000000000000000 -0.00000000000000000245 0.00000000000000000000 59
1.00000000000000000000 0.54000000000000003553 0.00000000000000000000 -0.50000000000000000000 -0.00000000000000000245 0.00000000000000000000 59
1.00000000000000000000 0.56000000000000005329 0.00000000000000000000 -0.50000000000000000000 -0.00000000000000000245 0.00000000000000000000 59
1.00000000000000000000 0.57999999999999996003 0.00000000000000000000 -0.50000000000000000000 -0.00000000000000000245 0.00000000000000000000 59
1.00000000000000000000 0.59999999999999997780 0.00000000000000000000 -0.50000000000000000000 -0.00000000000000000245 0.00000000000000000000 69
1.00000000000000000000 0.61999999999999999556 0.00000000000000000000 -0.50000000000000000000 -0.00000000000000000245 0.00000000000000000000 69
1.00000000000000000000 0.64000000000000001332 0.00000000000000000000 -0.50000000000000000000 -0.00000000000000000245 0.00000000000000000000 69
1.00000000000000000000 0.66000000000000003109 0.00000000000000000000 -0.50000000000000000000 -0.00000000000000000245 0.00000000000000000000 69
1.00000000000000000000 0.68000000000000004885 0.00000000000000000000 -0.50000000000000000000 -0.00000000000000000245 0.00000000000000000000 69
1.00000000000000000000 0.70000000000000006661 0.00000000000000000000 -0.50000000000000000000 -0.00000000000000000245 0.00000000000000000000 79
1.00000000000000000000 0.71999999999999997335 0.00000000000000000000 -0.50000000000000000000 -0.00000000000000000245 0.00000000000000000000 79
1.00000000000000000000 0.73999999999999999112 0.00000000000000000000 -0.50000000000000000000 -0.00000000000000000245 0.00000000000000000000 79
1.00000000000000000000 0.76000000000000000888 0.00000000000000000000 0.50000000000000000000 -0.00000000000000000245 0.00000000000000000000 79
1.00000000000000000000 0.78000000000000002665 0.00000000000000000000 0.50000000000000000000 -0.00000000000000000245 0.00000000000000000000 79
1.00000000000000000000 0.80000000000000004441 0.00000000000000000000 0.50000000000000000000 -0.00000000000000000245 0.00000000000000000000 89
1.00000000000000000000 0.82000000000000006217 0.00000000000000000000 0.50000000000000000000 -0.00000000000000000245 0.00000000000000000000 89
1.00000000000000000000 0.83999999999999996891 0.00000000000000000000 0.50000000000000000000 -0.00000000000000000245 0.00000000000000000000 89
1.00000000000000000000 0.85999999999999998668 0.00000000000000000000 0.50000000000000000000 -0.00000000000000000245 0.00000000000000000000 89
1.00000000000000000000 0.88000000000000000444 0.00000000000000000000 0.50000000000000000000 -0.00000000000000000245 0.00000000000000000000 89
1.00000000000000000000 0.90000000000000002220 0.00000000000000000000 0.50000000000000000000 -0.00000000000000000245 0.00000000000000000000 99
1.00000000000000000000 0.92000000000000003997 0.00000000000000000000 0.50000000000000000000 -0.00000000000000000245 0.00000000000000000000 99
1.00000000000000000000 0.94000000000000005773 0.00000000000000000000 0.50000000000000000000 -0.00000000000000000245 0.00000000000000000000 99
1.00000000000000000000 0.95999999999999996447 0.00000000000000000000 0.50000000000000000000 -0.00000000000000000245 0.00000000000000000000 99
1.00000000000000000000 0.97999999999999998224 0.00000000000000000000 0.50000000000000000000 -0.00000000000000000245 0.00000000000000000000 99
1.00000000000000000000 1.00000000000000000000 0.00000000000000000000 0.50000000000000000000 -0.00000000000000000245 0.00000000000000000000 99
