Number of (Rows, Cols) = (15,6)
Neighbour Type
Left Left Left Left Left Left Left Left Left Left Left Left Left Left Left 
M Matrix
1.000000e+00 -6.000000e-02 1.800000e-03 -2.000000e-02 1.200000e-03 2.000000e-04 
1.000000e+00 -6.000000e-02 1.800000e-03 0.000000e+00 -0.000000e+00 0.000000e+00 
1.000000e+00 -6.000000e-02 1.800000e-03 2.000000e-02 -1.200000e-03 2.000000e-04 
1.000000e+00 -4.000000e-02 8.000000e-04 -4.000000e-02 1.600000e-03 8.000000e-04 
1.000000e+00 -4.000000e-02 8.000000e-04 -2.000000e-02 8.000000e-04 2.000000e-04 
1.000000e+00 -4.000000e-02 8.000000e-04 0.000000e+00 -0.000000e+00 0.000000e+00 
1.000000e+00 -4.000000e-02 8.000000e-04 2.000000e-02 -8.000000e-04 2.000000e-04 
1.000000e+00 -4.000000e-02 8.000000e-04 4.000000e-02 -1.600000e-03 8.000000e-04 
1.000000e+00 -2.000000e-02 2.000000e-04 -6.000000e-02 1.200000e-03 1.800000e-03 
1.000000e+00 -2.000000e-02 2.000000e-04 -4.000000e-02 8.000000e-04 8.000000e-04 
1.000000e+00 -2.000000e-02 2.000000e-04 -2.000000e-02 4.000000e-04 2.000000e-04 
1.000000e+00 -2.000000e-02 2.000000e-04 0.000000e+00 -0.000000e+00 0.000000e+00 
1.000000e+00 -2.000000e-02 2.000000e-04 2.000000e-02 -4.000000e-04 2.000000e-04 
1.000000e+00 -2.000000e-02 2.000000e-04 4.000000e-02 -8.000000e-04 8.000000e-04 
1.000000e+00 -2.000000e-02 2.000000e-04 6.000000e-02 -1.200000e-03 1.800000e-03 
W Matrix
7.461796e-03 0 0 0 0 0 0 0 0 0 0 0 0 0 0 
0 1.217752e-02 0 0 0 0 0 0 0 0 0 0 0 0 0 
0 0 7.461796e-03 0 0 0 0 0 0 0 0 0 0 0 0 
0 0 0 1.987351e-02 0 0 0 0 0 0 0 0 0 0 0 
0 0 0 0 8.638169e-02 0 0 0 0 0 0 0 0 0 0 
0 0 0 0 0 1.409735e-01 0 0 0 0 0 0 0 0 0 
0 0 0 0 0 0 8.638169e-02 0 0 0 0 0 0 0 0 
0 0 0 0 0 0 0 1.987351e-02 0 0 0 0 0 0 0 
0 0 0 0 0 0 0 0 7.461796e-03 0 0 0 0 0 0 
0 0 0 0 0 0 0 0 0 8.638169e-02 0 0 0 0 0 
0 0 0 0 0 0 0 0 0 0 3.754643e-01 0 0 0 0 
0 0 0 0 0 0 0 0 0 0 0 6.127514e-01 0 0 0 
0 0 0 0 0 0 0 0 0 0 0 0 3.754643e-01 0 0 
0 0 0 0 0 0 0 0 0 0 0 0 0 8.638169e-02 0 
0 0 0 0 0 0 0 0 0 0 0 0 0 0 7.461796e-03 
Identity Matrix
9.965862e-01 -2.425714e-01 -7.379118e+00 7.141185e-16 2.846063e-15 -3.248320e-02 
-5.413399e-05 9.961534e-01 -1.170153e-01 1.132422e-17 4.513179e-17 -5.151063e-04 
3.436093e-07 2.441589e-05 1.000743e+00 -7.187919e-20 -2.864689e-19 3.269578e-06 
2.472881e-20 1.757158e-18 5.345344e-17 1.000000e+00 -6.960953e-29 2.353044e-19 
-1.611873e-22 -1.145351e-20 -3.484202e-19 6.791601e-32 1.000000e+00 -1.533761e-21 
-5.828612e-10 -4.141644e-08 -1.259904e-06 1.219280e-22 4.859345e-22 1.000000e+00 
MTWMINvMTW Matrix
2.725415e-01 4.474238e-01 2.725415e-01 -1.808861e-01 -7.300417e-01 -1.160847e+00 -7.300417e-01 -1.808861e-01 1.468348e-03 1.106530e-01 7.252077e-01 1.316395e+00 7.252077e-01 1.106530e-01 1.468348e-03 
2.052437e+01 3.343100e+01 2.052437e+01 -1.085497e+01 -4.855289e+01 -7.998330e+01 -4.855289e+01 -1.085497e+01 9.134084e-01 8.289160e+00 3.007045e+01 4.583280e+01 3.007045e+01 8.289160e+00 9.134084e-01 
6.847754e+02 1.114958e+03 6.847754e+02 -2.661884e+02 -1.211996e+03 -2.007871e+03 -1.211996e+03 -2.661884e+02 2.457681e+01 1.928666e+02 5.992974e+02 8.480224e+02 5.992974e+02 1.928666e+02 2.457681e+01 
2.289035e+00 -5.279100e-15 -2.289035e+00 4.893489e+00 1.063495e+01 3.262039e-14 -1.063495e+01 -4.893489e+00 -1.355113e+00 -1.045833e+01 -2.272896e+01 -1.814867e-14 2.272896e+01 1.045833e+01 1.355113e+00 
1.045019e+02 -2.216095e-13 -1.045019e+02 2.494428e+02 5.421107e+02 1.420480e-12 -5.421107e+02 -2.494428e+02 -3.253506e+01 -2.510954e+02 -5.457022e+02 -4.971949e-13 5.457022e+02 2.510954e+02 3.253506e+01 
4.635072e+00 -9.225814e+00 4.635072e+00 8.388273e+01 7.297423e+00 -1.824626e+02 7.297423e+00 8.388273e+01 8.214057e+01 3.553942e+02 -8.305355e+00 -8.584059e+02 -8.305355e+00 3.553942e+02 8.214057e+01 
Number of (Rows, Cols) = (15,6)
Neighbour Type
Right Right Right Right Right Right Right Right Right Right Right Right Right Right Right 
M Matrix
1.000000e+00 2.000000e-02 2.000000e-04 -6.000000e-02 -1.200000e-03 1.800000e-03 
1.000000e+00 2.000000e-02 2.000000e-04 -4.000000e-02 -8.000000e-04 8.000000e-04 
1.000000e+00 2.000000e-02 2.000000e-04 -2.000000e-02 -4.000000e-04 2.000000e-04 
1.000000e+00 2.000000e-02 2.000000e-04 0.000000e+00 0.000000e+00 0.000000e+00 
1.000000e+00 2.000000e-02 2.000000e-04 2.000000e-02 4.000000e-04 2.000000e-04 
1.000000e+00 2.000000e-02 2.000000e-04 4.000000e-02 8.000000e-04 8.000000e-04 
1.000000e+00 2.000000e-02 2.000000e-04 6.000000e-02 1.200000e-03 1.800000e-03 
1.000000e+00 4.000000e-02 8.000000e-04 -4.000000e-02 -1.600000e-03 8.000000e-04 
1.000000e+00 4.000000e-02 8.000000e-04 -2.000000e-02 -8.000000e-04 2.000000e-04 
1.000000e+00 4.000000e-02 8.000000e-04 0.000000e+00 0.000000e+00 0.000000e+00 
1.000000e+00 4.000000e-02 8.000000e-04 2.000000e-02 8.000000e-04 2.000000e-04 
1.000000e+00 4.000000e-02 8.000000e-04 4.000000e-02 1.600000e-03 8.000000e-04 
1.000000e+00 6.000000e-02 1.800000e-03 -2.000000e-02 -1.200000e-03 2.000000e-04 
1.000000e+00 6.000000e-02 1.800000e-03 0.000000e+00 0.000000e+00 0.000000e+00 
1.000000e+00 6.000000e-02 1.800000e-03 2.000000e-02 1.200000e-03 2.000000e-04 
W Matrix
7.461796e-03 0 0 0 0 0 0 0 0 0 0 0 0 0 0 
0 8.638169e-02 0 0 0 0 0 0 0 0 0 0 0 0 0 
0 0 3.754643e-01 0 0 0 0 0 0 0 0 0 0 0 0 
0 0 0 6.127514e-01 0 0 0 0 0 0 0 0 0 0 0 
0 0 0 0 3.754643e-01 0 0 0 0 0 0 0 0 0 0 
0 0 0 0 0 8.638169e-02 0 0 0 0 0 0 0 0 0 
0 0 0 0 0 0 7.461796e-03 0 0 0 0 0 0 0 0 
0 0 0 0 0 0 0 1.987351e-02 0 0 0 0 0 0 0 
0 0 0 0 0 0 0 0 8.638169e-02 0 0 0 0 0 0 
0 0 0 0 0 0 0 0 0 1.409735e-01 0 0 0 0 0 
0 0 0 0 0 0 0 0 0 0 8.638169e-02 0 0 0 0 
0 0 0 0 0 0 0 0 0 0 0 1.987351e-02 0 0 0 
0 0 0 0 0 0 0 0 0 0 0 0 7.461796e-03 0 0 
0 0 0 0 0 0 0 0 0 0 0 0 0 1.217752e-02 0 
0 0 0 0 0 0 0 0 0 0 0 0 0 0 7.461796e-03 
Identity Matrix
9.965862e-01 2.425714e-01 -7.379118e+00 -1.813770e-16 6.852460e-15 -3.248320e-02 
5.413399e-05 9.961534e-01 1.170153e-01 2.876208e-18 -1.086637e-16 5.151063e-04 
3.436093e-07 -2.441589e-05 1.000743e+00 1.825640e-20 -6.897305e-19 3.269578e-06 
-8.207781e-20 5.832212e-18 -1.774182e-16 1.000000e+00 4.646645e-29 -7.810028e-19 
-5.574229e-22 3.960886e-20 -1.204917e-18 5.551115e-17 1.000000e+00 -5.304099e-21 
-5.828612e-10 4.141644e-08 -1.259904e-06 -3.096816e-23 1.169983e-21 1.000000e+00 
MTWMINvMTW Matrix
1.468348e-03 1.106530e-01 7.252077e-01 1.316395e+00 7.252077e-01 1.106530e-01 1.468348e-03 -1.808861e-01 -7.300417e-01 -1.160847e+00 -7.300417e-01 -1.808861e-01 2.725415e-01 4.474238e-01 2.725415e-01 
-9.134084e-01 -8.289160e+00 -3.007045e+01 -4.583280e+01 -3.007045e+01 -8.289160e+00 -9.134084e-01 1.085497e+01 4.855289e+01 7.998330e+01 4.855289e+01 1.085497e+01 -2.052437e+01 -3.343100e+01 -2.052437e+01 
2.457681e+01 1.928666e+02 5.992974e+02 8.480224e+02 5.992974e+02 1.928666e+02 2.457681e+01 -2.661884e+02 -1.211996e+03 -2.007871e+03 -1.211996e+03 -2.661884e+02 6.847754e+02 1.114958e+03 6.847754e+02 
-1.355113e+00 -1.045833e+01 -2.272896e+01 3.529237e-14 2.272896e+01 1.045833e+01 1.355113e+00 4.893489e+00 1.063495e+01 -5.980670e-14 -1.063495e+01 -4.893489e+00 2.289035e+00 3.370379e-14 -2.289035e+00 
3.253506e+01 2.510954e+02 5.457022e+02 -1.679941e-12 -5.457022e+02 -2.510954e+02 -3.253506e+01 -2.494428e+02 -5.421107e+02 2.295730e-12 5.421107e+02 2.494428e+02 -1.045019e+02 -1.349102e-12 1.045019e+02 
8.214057e+01 3.553942e+02 -8.305355e+00 -8.584059e+02 -8.305355e+00 3.553942e+02 8.214057e+01 8.388273e+01 7.297423e+00 -1.824626e+02 7.297423e+00 8.388273e+01 4.635072e+00 -9.225814e+00 4.635072e+00 
Number of (Rows, Cols) = (15,6)
Neighbour Type
Bottom Bottom Bottom Bottom Bottom Bottom Bottom Bottom Bottom Bottom Bottom Bottom Bottom Bottom Bottom 
M Matrix
1.000000e+00 -6.000000e-02 1.800000e-03 -2.000000e-02 1.200000e-03 2.000000e-04 
1.000000e+00 -4.000000e-02 8.000000e-04 -4.000000e-02 1.600000e-03 8.000000e-04 
1.000000e+00 -4.000000e-02 8.000000e-04 -2.000000e-02 8.000000e-04 2.000000e-04 
1.000000e+00 -2.000000e-02 2.000000e-04 -6.000000e-02 1.200000e-03 1.800000e-03 
1.000000e+00 -2.000000e-02 2.000000e-04 -4.000000e-02 8.000000e-04 8.000000e-04 
1.000000e+00 -2.000000e-02 2.000000e-04 -2.000000e-02 4.000000e-04 2.000000e-04 
1.000000e+00 0.000000e+00 0.000000e+00 -6.000000e-02 -0.000000e+00 1.800000e-03 
1.000000e+00 0.000000e+00 0.000000e+00 -4.000000e-02 -0.000000e+00 8.000000e-04 
1.000000e+00 0.000000e+00 0.000000e+00 -2.000000e-02 -0.000000e+00 2.000000e-04 
1.000000e+00 2.000000e-02 2.000000e-04 -6.000000e-02 -1.200000e-03 1.800000e-03 
1.000000e+00 2.000000e-02 2.000000e-04 -4.000000e-02 -8.000000e-04 8.000000e-04 
1.000000e+00 2.000000e-02 2.000000e-04 -2.000000e-02 -4.000000e-04 2.000000e-04 
1.000000e+00 4.000000e-02 8.000000e-04 -4.000000e-02 -1.600000e-03 8.000000e-04 
1.000000e+00 4.000000e-02 8.000000e-04 -2.000000e-02 -8.000000e-04 2.000000e-04 
1.000000e+00 6.000000e-02 1.800000e-03 -2.000000e-02 -1.200000e-03 2.000000e-04 
W Matrix
7.461796e-03 0 0 0 0 0 0 0 0 0 0 0 0 0 0 
0 1.987351e-02 0 0 0 0 0 0 0 0 0 0 0 0 0 
0 0 8.638169e-02 0 0 0 0 0 0 0 0 0 0 0 0 
0 0 0 7.461796e-03 0 0 0 0 0 0 0 0 0 0 0 
0 0 0 0 8.638169e-02 0 0 0 0 0 0 0 0 0 0 
0 0 0 0 0 3.754643e-01 0 0 0 0 0 0 0 0 0 
0 0 0 0 0 0 1.217752e-02 0 0 0 0 0 0 0 0 
0 0 0 0 0 0 0 1.409735e-01 0 0 0 0 0 0 0 
0 0 0 0 0 0 0 0 6.127514e-01 0 0 0 0 0 0 
0 0 0 0 0 0 0 0 0 7.461796e-03 0 0 0 0 0 
0 0 0 0 0 0 0 0 0 0 8.638169e-02 0 0 0 0 
0 0 0 0 0 0 0 0 0 0 0 3.754643e-01 0 0 0 
0 0 0 0 0 0 0 0 0 0 0 0 1.987351e-02 0 0 
0 0 0 0 0 0 0 0 0 0 0 0 0 8.638169e-02 0 
0 0 0 0 0 0 0 0 0 0 0 0 0 0 7.461796e-03 
Identity Matrix
9.965835e-01 -7.142887e-16 1.342466e-02 -2.420731e-01 -1.332136e-14 -7.362075e+00 
-3.909785e-20 1.000000e+00 1.536303e-19 -2.770258e-18 -3.475245e-27 -8.425075e-17 
-8.530699e-07 -1.783525e-19 1.000003e+00 -6.044382e-05 -3.326241e-18 -1.838254e-03 
-5.447696e-05 -1.138957e-17 2.140607e-04 9.961401e-01 -2.124134e-16 -1.173907e-01 
1.451524e-21 2.552953e-30 -5.703591e-21 1.028470e-19 1.000000e+00 3.127845e-18 
3.465576e-07 7.245526e-20 -1.361757e-06 2.455516e-05 1.351278e-18 1.000747e+00 
MTWMINvMTW Matrix
1.538873e-03 -1.808149e-01 1.109584e-01 2.725480e-01 -7.300388e-01 7.252020e-01 4.474198e-01 -1.161009e+00 1.315661e+00 2.725480e-01 -7.300388e-01 7.252020e-01 -1.808149e-01 1.109584e-01 1.538873e-03 
-1.355113e+00 4.893489e+00 -1.045833e+01 2.289035e+00 1.063495e+01 -2.272896e+01 2.698418e-14 -7.134079e-14 8.333640e-14 -2.289035e+00 -1.063495e+01 2.272896e+01 -4.893489e+00 1.045833e+01 1.355113e+00 
8.213985e+01 8.389557e+01 3.553870e+02 4.607524e+00 7.353848e+00 -8.334253e+00 -9.270743e+00 -1.823702e+02 -8.584516e+02 4.607524e+00 7.353848e+00 -8.334253e+00 8.389557e+01 3.553870e+02 8.213985e+01 
9.183006e-01 -1.084983e+01 8.310279e+00 2.052441e+01 -4.855186e+01 3.006962e+01 3.343006e+01 -7.999320e+01 4.578107e+01 2.052441e+01 -4.855186e+01 3.006962e+01 -1.084983e+01 8.310279e+00 9.183006e-01 
-3.253506e+01 2.494428e+02 -2.510954e+02 1.045019e+02 5.421107e+02 -5.457022e+02 1.054306e-12 -3.015117e-12 2.648276e-12 -1.045019e+02 -5.421107e+02 5.457022e+02 -2.494428e+02 2.510954e+02 3.253506e+01 
2.472247e+01 -2.660348e+02 1.934952e+02 6.847754e+02 -1.211963e+03 5.992717e+02 1.114928e+03 -2.008162e+03 8.464799e+02 6.847754e+02 -1.211963e+03 5.992717e+02 -2.660348e+02 1.934952e+02 2.472247e+01 
Number of (Rows, Cols) = (15,6)
Neighbour Type
Top Top Top Top Top Top Top Top Top Top Top Top Top Top Top 
M Matrix
1.000000e+00 -6.000000e-02 1.800000e-03 2.000000e-02 -1.200000e-03 2.000000e-04 
1.000000e+00 -4.000000e-02 8.000000e-04 2.000000e-02 -8.000000e-04 2.000000e-04 
1.000000e+00 -4.000000e-02 8.000000e-04 4.000000e-02 -1.600000e-03 8.000000e-04 
1.000000e+00 -2.000000e-02 2.000000e-04 2.000000e-02 -4.000000e-04 2.000000e-04 
1.000000e+00 -2.000000e-02 2.000000e-04 4.000000e-02 -8.000000e-04 8.000000e-04 
1.000000e+00 -2.000000e-02 2.000000e-04 6.000000e-02 -1.200000e-03 1.800000e-03 
1.000000e+00 0.000000e+00 0.000000e+00 2.000000e-02 0.000000e+00 2.000000e-04 
1.000000e+00 0.000000e+00 0.000000e+00 4.000000e-02 0.000000e+00 8.000000e-04 
1.000000e+00 0.000000e+00 0.000000e+00 6.000000e-02 0.000000e+00 1.800000e-03 
1.000000e+00 2.000000e-02 2.000000e-04 2.000000e-02 4.000000e-04 2.000000e-04 
1.000000e+00 2.000000e-02 2.000000e-04 4.000000e-02 8.000000e-04 8.000000e-04 
1.000000e+00 2.000000e-02 2.000000e-04 6.000000e-02 1.200000e-03 1.800000e-03 
1.000000e+00 4.000000e-02 8.000000e-04 2.000000e-02 8.000000e-04 2.000000e-04 
1.000000e+00 4.000000e-02 8.000000e-04 4.000000e-02 1.600000e-03 8.000000e-04 
1.000000e+00 6.000000e-02 1.800000e-03 2.000000e-02 1.200000e-03 2.000000e-04 
W Matrix
7.461796e-03 0 0 0 0 0 0 0 0 0 0 0 0 0 0 
0 8.638169e-02 0 0 0 0 0 0 0 0 0 0 0 0 0 
0 0 1.987351e-02 0 0 0 0 0 0 0 0 0 0 0 0 
0 0 0 3.754643e-01 0 0 0 0 0 0 0 0 0 0 0 
0 0 0 0 8.638169e-02 0 0 0 0 0 0 0 0 0 0 
0 0 0 0 0 7.461796e-03 0 0 0 0 0 0 0 0 0 
0 0 0 0 0 0 6.127514e-01 0 0 0 0 0 0 0 0 
0 0 0 0 0 0 0 1.409735e-01 0 0 0 0 0 0 0 
0 0 0 0 0 0 0 0 1.217752e-02 0 0 0 0 0 0 
0 0 0 0 0 0 0 0 0 3.754643e-01 0 0 0 0 0 
0 0 0 0 0 0 0 0 0 0 8.638169e-02 0 0 0 0 
0 0 0 0 0 0 0 0 0 0 0 7.461796e-03 0 0 0 
0 0 0 0 0 0 0 0 0 0 0 0 8.638169e-02 0 0 
0 0 0 0 0 0 0 0 0 0 0 0 0 1.987351e-02 0 
0 0 0 0 0 0 0 0 0 0 0 0 0 0 7.461796e-03 
Identity Matrix
9.965835e-01 7.145130e-16 1.342466e-02 2.420731e-01 -9.551293e-15 -7.362075e+00 
1.360174e-19 1.000000e+00 -5.344641e-19 -9.637440e-18 -2.700211e-27 2.930997e-16 
-8.530699e-07 1.784084e-19 1.000003e+00 6.044382e-05 -2.384885e-18 -1.838254e-03 
5.447696e-05 -1.139315e-17 -2.140607e-04 9.961401e-01 1.522985e-16 1.173907e-01 
-4.766490e-22 2.775558e-17 1.872936e-21 3.377272e-20 1.000000e+00 -1.027116e-18 
3.465576e-07 -7.247801e-20 -1.361757e-06 -2.455516e-05 9.688539e-19 1.000747e+00 
MTWMINvMTW Matrix
1.538873e-03 1.109584e-01 -1.808149e-01 7.252020e-01 -7.300388e-01 2.725480e-01 1.315661e+00 -1.161009e+00 4.474198e-01 7.252020e-01 -7.300388e-01 2.725480e-01 1.109584e-01 -1.808149e-01 1.538873e-03 
-1.355113e+00 -1.045833e+01 4.893489e+00 -2.272896e+01 1.063495e+01 2.289035e+00 -1.621182e-14 6.092036e-14 -3.351993e-14 2.272896e+01 -1.063495e+01 -2.289035e+00 1.045833e+01 -4.893489e+00 1.355113e+00 
8.213985e+01 3.553870e+02 8.389557e+01 -8.334253e+00 7.353848e+00 4.607524e+00 -8.584516e+02 -1.823702e+02 -9.270743e+00 -8.334253e+00 7.353848e+00 4.607524e+00 3.553870e+02 8.389557e+01 8.213985e+01 
-9.183006e-01 -8.310279e+00 1.084983e+01 -3.006962e+01 4.855186e+01 -2.052441e+01 -4.578107e+01 7.999320e+01 -3.343006e+01 -3.006962e+01 4.855186e+01 -2.052441e+01 -8.310279e+00 1.084983e+01 -9.183006e-01 
3.253506e+01 2.510954e+02 -2.494428e+02 5.457022e+02 -5.421107e+02 -1.045019e+02 1.404705e-12 -2.429526e-12 1.430225e-12 -5.457022e+02 5.421107e+02 1.045019e+02 -2.510954e+02 2.494428e+02 -3.253506e+01 
2.472247e+01 1.934952e+02 -2.660348e+02 5.992717e+02 -1.211963e+03 6.847754e+02 8.464799e+02 -2.008162e+03 1.114928e+03 5.992717e+02 -1.211963e+03 6.847754e+02 1.934952e+02 -2.660348e+02 2.472247e+01 
Number of (Rows, Cols) = (37,6)
Neighbour Type
Center Center Center Center Center Center Center Center Center Center Center Center Center Center Center Center Center Center Center Center Center Center Center Center Center Center Center Center Center Center Center Center Center Center Center Center Center 
M Matrix
1.000000e+00 -6.000000e-02 1.800000e-03 -2.000000e-02 1.200000e-03 2.000000e-04 
1.000000e+00 -6.000000e-02 1.800000e-03 0.000000e+00 -0.000000e+00 0.000000e+00 
1.000000e+00 -6.000000e-02 1.800000e-03 2.000000e-02 -1.200000e-03 2.000000e-04 
1.000000e+00 -4.000000e-02 8.000000e-04 -4.000000e-02 1.600000e-03 8.000000e-04 
1.000000e+00 -4.000000e-02 8.000000e-04 -2.000000e-02 8.000000e-04 2.000000e-04 
1.000000e+00 -4.000000e-02 8.000000e-04 0.000000e+00 -0.000000e+00 0.000000e+00 
1.000000e+00 -4.000000e-02 8.000000e-04 2.000000e-02 -8.000000e-04 2.000000e-04 
1.000000e+00 -4.000000e-02 8.000000e-04 4.000000e-02 -1.600000e-03 8.000000e-04 
1.000000e+00 -2.000000e-02 2.000000e-04 -6.000000e-02 1.200000e-03 1.800000e-03 
1.000000e+00 -2.000000e-02 2.000000e-04 -4.000000e-02 8.000000e-04 8.000000e-04 
1.000000e+00 -2.000000e-02 2.000000e-04 -2.000000e-02 4.000000e-04 2.000000e-04 
1.000000e+00 -2.000000e-02 2.000000e-04 0.000000e+00 -0.000000e+00 0.000000e+00 
1.000000e+00 -2.000000e-02 2.000000e-04 2.000000e-02 -4.000000e-04 2.000000e-04 
1.000000e+00 -2.000000e-02 2.000000e-04 4.000000e-02 -8.000000e-04 8.000000e-04 
1.000000e+00 -2.000000e-02 2.000000e-04 6.000000e-02 -1.200000e-03 1.800000e-03 
1.000000e+00 0.000000e+00 0.000000e+00 -6.000000e-02 -0.000000e+00 1.800000e-03 
1.000000e+00 0.000000e+00 0.000000e+00 -4.000000e-02 -0.000000e+00 8.000000e-04 
1.000000e+00 0.000000e+00 0.000000e+00 -2.000000e-02 -0.000000e+00 2.000000e-04 
1.000000e+00 0.000000e+00 0.000000e+00 0.000000e+00 0.000000e+00 0.000000e+00 
1.000000e+00 0.000000e+00 0.000000e+00 2.000000e-02 0.000000e+00 2.000000e-04 
1.000000e+00 0.000000e+00 0.000000e+00 4.000000e-02 0.000000e+00 8.000000e-04 
1.000000e+00 0.000000e+00 0.000000e+00 6.000000e-02 0.000000e+00 1.800000e-03 
1.000000e+00 2.000000e-02 2.000000e-04 -6.000000e-02 -1.200000e-03 1.800000e-03 
1.000000e+00 2.000000e-02 2.000000e-04 -4.000000e-02 -8.000000e-04 8.000000e-04 
1.000000e+00 2.000000e-02 2.000000e-04 -2.000000e-02 -4.000000e-04 2.000000e-04 
1.000000e+00 2.000000e-02 2.000000e-04 0.000000e+00 0.000000e+00 0.000000e+00 
1.000000e+00 2.000000e-02 2.000000e-04 2.000000e-02 4.000000e-04 2.000000e-04 
1.000000e+00 2.000000e-02 2.000000e-04 4.000000e-02 8.000000e-04 8.000000e-04 
1.000000e+00 2.000000e-02 2.000000e-04 6.000000e-02 1.200000e-03 1.800000e-03 
1.000000e+00 4.000000e-02 8.000000e-04 -4.000000e-02 -1.600000e-03 8.000000e-04 
1.000000e+00 4.000000e-02 8.000000e-04 -2.000000e-02 -8.000000e-04 2.000000e-04 
1.000000e+00 4.000000e-02 8.000000e-04 0.000000e+00 0.000000e+00 0.000000e+00 
1.000000e+00 4.000000e-02 8.000000e-04 2.000000e-02 8.000000e-04 2.000000e-04 
1.000000e+00 4.000000e-02 8.000000e-04 4.000000e-02 1.600000e-03 8.000000e-04 
1.000000e+00 6.000000e-02 1.800000e-03 -2.000000e-02 -1.200000e-03 2.000000e-04 
1.000000e+00 6.000000e-02 1.800000e-03 0.000000e+00 0.000000e+00 0.000000e+00 
1.000000e+00 6.000000e-02 1.800000e-03 2.000000e-02 1.200000e-03 2.000000e-04 
W Matrix
7.461796e-03 0 0 0 0 0 0 0 0 0 0 0 0 0 0 0 0 0 0 0 0 0 0 0 0 0 0 0 0 0 0 0 0 0 0 0 0 
0 1.217752e-02 0 0 0 0 0 0 0 0 0 0 0 0 0 0 0 0 0 0 0 0 0 0 0 0 0 0 0 0 0 0 0 0 0 0 0 
0 0 7.461796e-03 0 0 0 0 0 0 0 0 0 0 0 0 0 0 0 0 0 0 0 0 0 0 0 0 0 0 0 0 0 0 0 0 0 0 
0 0 0 1.987351e-02 0 0 0 0 0 0 0 0 0 0 0 0 0 0 0 0 0 0 0 0 0 0 0 0 0 0 0 0 0 0 0 0 0 
0 0 0 0 8.638169e-02 0 0 0 0 0 0 0 0 0 0 0 0 0 0 0 0 0 0 0 0 0 0 0 0 0 0 0 0 0 0 0 0 
0 0 0 0 0 1.409735e-01 0 0 0 0 0 0 0 0 0 0 0 0 0 0 0 0 0 0 0 0 0 0 0 0 0 0 0 0 0 0 0 
0 0 0 0 0 0 8.638169e-02 0 0 0 0 0 0 0 0 0 0 0 0 0 0 0 0 0 0 0 0 0 0 0 0 0 0 0 0 0 0 
0 0 0 0 0 0 0 1.987351e-02 0 0 0 0 0 0 0 0 0 0 0 0 0 0 0 0 0 0 0 0 0 0 0 0 0 0 0 0 0 
0 0 0 0 0 0 0 0 7.461796e-03 0 0 0 0 0 0 0 0 0 0 0 0 0 0 0 0 0 0 0 0 0 0 0 0 0 0 0 0 
0 0 0 0 0 0 0 0 0 8.638169e-02 0 0 0 0 0 0 0 0 0 0 0 0 0 0 0 0 0 0 0 0 0 0 0 0 0 0 0 
0 0 0 0 0 0 0 0 0 0 3.754643e-01 0 0 0 0 0 0 0 0 0 0 0 0 0 0 0 0 0 0 0 0 0 0 0 0 0 0 
0 0 0 0 0 0 0 0 0 0 0 6.127514e-01 0 0 0 0 0 0 0 0 0 0 0 0 0 0 0 0 0 0 0 0 0 0 0 0 0 
0 0 0 0 0 0 0 0 0 0 0 0 3.754643e-01 0 0 0 0 0 0 0 0 0 0 0 0 0 0 0 0 0 0 0 0 0 0 0 0 
0 0 0 0 0 0 0 0 0 0 0 0 0 8.638169e-02 0 0 0 0 0 0 0 0 0 0 0 0 0 0 0 0 0 0 0 0 0 0 0 
0 0 0 0 0 0 0 0 0 0 0 0 0 0 7.461796e-03 0 0 0 0 0 0 0 0 0 0 0 0 0 0 0 0 0 0 0 0 0 0 
0 0 0 0 0 0 0 0 0 0 0 0 0 0 0 1.217752e-02 0 0 0 0 0 0 0 0 0 0 0 0 0 0 0 0 0 0 0 0 0 
0 0 0 0 0 0 0 0 0 0 0 0 0 0 0 0 1.409735e-01 0 0 0 0 0 0 0 0 0 0 0 0 0 0 0 0 0 0 0 0 
0 0 0 0 0 0 0 0 0 0 0 0 0 0 0 0 0 6.127514e-01 0 0 0 0 0 0 0 0 0 0 0 0 0 0 0 0 0 0 0 
0 0 0 0 0 0 0 0 0 0 0 0 0 0 0 0 0 0 1.000000e+00 0 0 0 0 0 0 0 0 0 0 0 0 0 0 0 0 0 0 
0 0 0 0 0 0 0 0 0 0 0 0 0 0 0 0 0 0 0 6.127514e-01 0 0 0 0 0 0 0 0 0 0 0 0 0 0 0 0 0 
0 0 0 0 0 0 0 0 0 0 0 0 0 0 0 0 0 0 0 0 1.409735e-01 0 0 0 0 0 0 0 0 0 0 0 0 0 0 0 0 
0 0 0 0 0 0 0 0 0 0 0 0 0 0 0 0 0 0 0 0 0 1.217752e-02 0 0 0 0 0 0 0 0 0 0 0 0 0 0 0 
0 0 0 0 0 0 0 0 0 0 0 0 0 0 0 0 0 0 0 0 0 0 7.461796e-03 0 0 0 0 0 0 0 0 0 0 0 0 0 0 
0 0 0 0 0 0 0 0 0 0 0 0 0 0 0 0 0 0 0 0 0 0 0 8.638169e-02 0 0 0 0 0 0 0 0 0 0 0 0 0 
0 0 0 0 0 0 0 0 0 0 0 0 0 0 0 0 0 0 0 0 0 0 0 0 3.754643e-01 0 0 0 0 0 0 0 0 0 0 0 0 
0 0 0 0 0 0 0 0 0 0 0 0 0 0 0 0 0 0 0 0 0 0 0 0 0 6.127514e-01 0 0 0 0 0 0 0 0 0 0 0 
0 0 0 0 0 0 0 0 0 0 0 0 0 0 0 0 0 0 0 0 0 0 0 0 0 0 3.754643e-01 0 0 0 0 0 0 0 0 0 0 
0 0 0 0 0 0 0 0 0 0 0 0 0 0 0 0 0 0 0 0 0 0 0 0 0 0 0 8.638169e-02 0 0 0 0 0 0 0 0 0 
0 0 0 0 0 0 0 0 0 0 0 0 0 0 0 0 0 0 0 0 0 0 0 0 0 0 0 0 7.461796e-03 0 0 0 0 0 0 0 0 
0 0 0 0 0 0 0 0 0 0 0 0 0 0 0 0 0 0 0 0 0 0 0 0 0 0 0 0 0 1.987351e-02 0 0 0 0 0 0 0 
0 0 0 0 0 0 0 0 0 0 0 0 0 0 0 0 0 0 0 0 0 0 0 0 0 0 0 0 0 0 8.638169e-02 0 0 0 0 0 0 
0 0 0 0 0 0 0 0 0 0 0 0 0 0 0 0 0 0 0 0 0 0 0 0 0 0 0 0 0 0 0 1.409735e-01 0 0 0 0 0 
0 0 0 0 0 0 0 0 0 0 0 0 0 0 0 0 0 0 0 0 0 0 0 0 0 0 0 0 0 0 0 0 8.638169e-02 0 0 0 0 
0 0 0 0 0 0 0 0 0 0 0 0 0 0 0 0 0 0 0 0 0 0 0 0 0 0 0 0 0 0 0 0 0 1.987351e-02 0 0 0 
0 0 0 0 0 0 0 0 0 0 0 0 0 0 0 0 0 0 0 0 0 0 0 0 0 0 0 0 0 0 0 0 0 0 7.461796e-03 0 0 
0 0 0 0 0 0 0 0 0 0 0 0 0 0 0 0 0 0 0 0 0 0 0 0 0 0 0 0 0 0 0 0 0 0 0 1.217752e-02 0 
0 0 0 0 0 0 0 0 0 0 0 0 0 0 0 0 0 0 0 0 0 0 0 0 0 0 0 0 0 0 0 0 0 0 0 0 7.461796e-03 
Identity Matrix
1.000000e+00 -6.694093e-25 5.826450e-13 5.450587e-25 -6.565847e-26 0.000000e+00 
7.703720e-34 1.000000e+00 -4.437343e-30 -7.456222e-42 -9.537719e-29 0.000000e+00 
6.776264e-20 -1.220251e-28 1.000000e+00 1.200070e-28 -1.514551e-29 0.000000e+00 
3.081488e-33 -1.898785e-32 7.888609e-31 1.000000e+00 5.993643e-29 0.000000e+00 
-1.504633e-36 1.386772e-31 -7.703720e-34 -7.951125e-32 1.000000e+00 0.000000e+00 
5.421011e-20 -3.976756e-29 0.000000e+00 4.652430e-29 -6.076694e-30 1.000000e+00 
MTWMINvMTW Matrix
-3.822168e-03 -5.219092e-03 -3.822168e-03 -6.855099e-03 -8.119335e-03 -1.458529e-03 -8.119335e-03 -6.855099e-03 -3.822168e-03 -8.119335e-03 5.892876e-02 1.474259e-01 5.892876e-02 -8.119335e-03 -3.822168e-03 -5.219092e-03 -1.458529e-03 1.474259e-01 3.242442e-01 1.474259e-01 -1.458529e-03 -5.219092e-03 -3.822168e-03 -8.119335e-03 5.892876e-02 1.474259e-01 5.892876e-02 -8.119335e-03 -3.822168e-03 -6.855099e-03 -8.119335e-03 -1.458529e-03 -8.119335e-03 -6.855099e-03 -3.822168e-03 -5.219092e-03 -3.822168e-03 
-1.743838e-01 -2.845914e-01 -1.743838e-01 -3.096323e-01 -1.345839e+00 -2.196387e+00 -1.345839e+00 -3.096323e-01 -5.812793e-02 -6.729196e-01 -2.924894e+00 -4.773378e+00 -2.924894e+00 -6.729196e-01 -5.812793e-02 7.115928e-17 8.862568e-16 4.015123e-15 6.641253e-15 4.015123e-15 8.862568e-16 7.115928e-17 5.812793e-02 6.729196e-01 2.924894e+00 4.773378e+00 2.924894e+00 6.729196e-01 5.812793e-02 3.096323e-01 1.345839e+00 2.196387e+00 1.345839e+00 3.096323e-01 1.743838e-01 2.845914e-01 1.743838e-01 
2.415174e+01 3.926932e+01 2.415174e+01 2.481790e+01 1.047676e+02 1.692897e+02 1.047676e+02 2.481790e+01 7.042523e-01 2.977383e+00 -5.557746e-01 -8.249409e+00 -5.557746e-01 2.977383e+00 7.042523e-01 -3.779830e+00 -5.220349e+01 -2.489335e+02 -4.182379e+02 -2.489335e+02 -5.220349e+01 -3.779830e+00 7.042523e-01 2.977383e+00 -5.557746e-01 -8.249409e+00 -5.557746e-01 2.977383e+00 7.042523e-01 2.481790e+01 1.047676e+02 1.692897e+02 1.047676e+02 2.481790e+01 2.415174e+01 3.926932e+01 2.415174e+01 
-5.812793e-02 -2.975059e-18 5.812793e-02 -3.096323e-01 -6.729196e-01 -2.772426e-16 6.729196e-01 3.096323e-01 -1.743838e-01 -1.345839e+00 -2.924894e+00 -1.833229e-15 2.924894e+00 1.345839e+00 1.743838e-01 -2.845914e-01 -2.196387e+00 -4.773378e+00 -3.319815e-15 4.773378e+00 2.196387e+00 2.845914e-01 -1.743838e-01 -1.345839e+00 -2.924894e+00 -1.808032e-15 2.924894e+00 1.345839e+00 1.743838e-01 -3.096323e-01 -6.729196e-01 -2.656484e-16 6.729196e-01 3.096323e-01 -5.812793e-02 -1.472770e-18 5.812793e-02 
9.211752e+00 1.415878e-14 -9.211752e+00 3.271239e+01 7.109340e+01 1.092654e-13 -7.109340e+01 -3.271239e+01 9.211752e+00 7.109340e+01 1.545063e+02 2.363366e-13 -1.545063e+02 -7.109340e+01 -9.211752e+00 -7.599850e-15 -6.129958e-14 -1.400849e-13 -5.444760e-15 1.438027e-13 6.932636e-14 9.325685e-15 -9.211752e+00 -7.109340e+01 -1.545063e+02 -2.440886e-13 1.545063e+02 7.109340e+01 9.211752e+00 -3.271239e+01 -7.109340e+01 -1.117939e-13 7.109340e+01 3.271239e+01 -9.211752e+00 -1.448444e-14 9.211752e+00 
7.042523e-01 -3.779830e+00 7.042523e-01 2.481790e+01 2.977383e+00 -5.220349e+01 2.977383e+00 2.481790e+01 2.415174e+01 1.047676e+02 -5.557746e-01 -2.489335e+02 -5.557746e-01 1.047676e+02 2.415174e+01 3.926932e+01 1.692897e+02 -8.249409e+00 -4.182379e+02 -8.249409e+00 1.692897e+02 3.926932e+01 2.415174e+01 1.047676e+02 -5.557746e-01 -2.489335e+02 -5.557746e-01 1.047676e+02 2.415174e+01 2.481790e+01 2.977383e+00 -5.220349e+01 2.977383e+00 2.481790e+01 7.042523e-01 -3.779830e+00 7.042523e-01 
Number of (Rows, Cols) = (15,6)
Neighbour Type
Left Left Left Left Left Left Left Left Left Left Left Left Left Left Left 
M Matrix
1.000000e+00 -6.000000e-02 1.800000e-03 -2.000000e-02 1.200000e-03 2.000000e-04 
1.000000e+00 -6.000000e-02 1.800000e-03 0.000000e+00 -0.000000e+00 0.000000e+00 
1.000000e+00 -6.000000e-02 1.800000e-03 2.000000e-02 -1.200000e-03 2.000000e-04 
1.000000e+00 -4.000000e-02 8.000000e-04 -4.000000e-02 1.600000e-03 8.000000e-04 
1.000000e+00 -4.000000e-02 8.000000e-04 -2.000000e-02 8.000000e-04 2.000000e-04 
1.000000e+00 -4.000000e-02 8.000000e-04 0.000000e+00 -0.000000e+00 0.000000e+00 
1.000000e+00 -4.000000e-02 8.000000e-04 2.000000e-02 -8.000000e-04 2.000000e-04 
1.000000e+00 -4.000000e-02 8.000000e-04 4.000000e-02 -1.600000e-03 8.000000e-04 
1.000000e+00 -2.000000e-02 2.000000e-04 -6.000000e-02 1.200000e-03 1.800000e-03 
1.000000e+00 -2.000000e-02 2.000000e-04 -4.000000e-02 8.000000e-04 8.000000e-04 
1.000000e+00 -2.000000e-02 2.000000e-04 -2.000000e-02 4.000000e-04 2.000000e-04 
1.000000e+00 -2.000000e-02 2.000000e-04 0.000000e+00 -0.000000e+00 0.000000e+00 
1.000000e+00 -2.000000e-02 2.000000e-04 2.000000e-02 -4.000000e-04 2.000000e-04 
1.000000e+00 -2.000000e-02 2.000000e-04 4.000000e-02 -8.000000e-04 8.000000e-04 
1.000000e+00 -2.000000e-02 2.000000e-04 6.000000e-02 -1.200000e-03 1.800000e-03 
W Matrix
7.461796e-03 0 0 0 0 0 0 0 0 0 0 0 0 0 0 
0 1.217752e-02 0 0 0 0 0 0 0 0 0 0 0 0 0 
0 0 7.461796e-03 0 0 0 0 0 0 0 0 0 0 0 0 
0 0 0 1.987351e-02 0 0 0 0 0 0 0 0 0 0 0 
0 0 0 0 8.638169e-02 0 0 0 0 0 0 0 0 0 0 
0 0 0 0 0 1.409735e-01 0 0 0 0 0 0 0 0 0 
0 0 0 0 0 0 8.638169e-02 0 0 0 0 0 0 0 0 
0 0 0 0 0 0 0 1.987351e-02 0 0 0 0 0 0 0 
0 0 0 0 0 0 0 0 7.461796e-03 0 0 0 0 0 0 
0 0 0 0 0 0 0 0 0 8.638169e-02 0 0 0 0 0 
0 0 0 0 0 0 0 0 0 0 3.754643e-01 0 0 0 0 
0 0 0 0 0 0 0 0 0 0 0 6.127514e-01 0 0 0 
0 0 0 0 0 0 0 0 0 0 0 0 3.754643e-01 0 0 
0 0 0 0 0 0 0 0 0 0 0 0 0 8.638169e-02 0 
0 0 0 0 0 0 0 0 0 0 0 0 0 0 7.461796e-03 
Identity Matrix
9.965862e-01 -2.425714e-01 -7.379118e+00 7.141185e-16 2.846063e-15 -3.248320e-02 
-5.413399e-05 9.961534e-01 -1.170153e-01 1.132422e-17 4.513179e-17 -5.151063e-04 
3.436093e-07 2.441589e-05 1.000743e+00 -7.187919e-20 -2.864689e-19 3.269578e-06 
2.472881e-20 1.757158e-18 5.345344e-17 1.000000e+00 -6.960953e-29 2.353044e-19 
-1.611873e-22 -1.145351e-20 -3.484202e-19 6.791601e-32 1.000000e+00 -1.533761e-21 
-5.828612e-10 -4.141644e-08 -1.259904e-06 1.219280e-22 4.859345e-22 1.000000e+00 
MTWMINvMTW Matrix
2.725415e-01 4.474238e-01 2.725415e-01 -1.808861e-01 -7.300417e-01 -1.160847e+00 -7.300417e-01 -1.808861e-01 1.468348e-03 1.106530e-01 7.252077e-01 1.316395e+00 7.252077e-01 1.106530e-01 1.468348e-03 
2.052437e+01 3.343100e+01 2.052437e+01 -1.085497e+01 -4.855289e+01 -7.998330e+01 -4.855289e+01 -1.085497e+01 9.134084e-01 8.289160e+00 3.007045e+01 4.583280e+01 3.007045e+01 8.289160e+00 9.134084e-01 
6.847754e+02 1.114958e+03 6.847754e+02 -2.661884e+02 -1.211996e+03 -2.007871e+03 -1.211996e+03 -2.661884e+02 2.457681e+01 1.928666e+02 5.992974e+02 8.480224e+02 5.992974e+02 1.928666e+02 2.457681e+01 
2.289035e+00 -5.279100e-15 -2.289035e+00 4.893489e+00 1.063495e+01 3.262039e-14 -1.063495e+01 -4.893489e+00 -1.355113e+00 -1.045833e+01 -2.272896e+01 -1.814867e-14 2.272896e+01 1.045833e+01 1.355113e+00 
1.045019e+02 -2.216095e-13 -1.045019e+02 2.494428e+02 5.421107e+02 1.420480e-12 -5.421107e+02 -2.494428e+02 -3.253506e+01 -2.510954e+02 -5.457022e+02 -4.971949e-13 5.457022e+02 2.510954e+02 3.253506e+01 
4.635072e+00 -9.225814e+00 4.635072e+00 8.388273e+01 7.297423e+00 -1.824626e+02 7.297423e+00 8.388273e+01 8.214057e+01 3.553942e+02 -8.305355e+00 -8.584059e+02 -8.305355e+00 3.553942e+02 8.214057e+01 
Number of (Rows, Cols) = (15,6)
Neighbour Type
Right Right Right Right Right Right Right Right Right Right Right Right Right Right Right 
M Matrix
1.000000e+00 2.000000e-02 2.000000e-04 -6.000000e-02 -1.200000e-03 1.800000e-03 
1.000000e+00 2.000000e-02 2.000000e-04 -4.000000e-02 -8.000000e-04 8.000000e-04 
1.000000e+00 2.000000e-02 2.000000e-04 -2.000000e-02 -4.000000e-04 2.000000e-04 
1.000000e+00 2.000000e-02 2.000000e-04 0.000000e+00 0.000000e+00 0.000000e+00 
1.000000e+00 2.000000e-02 2.000000e-04 2.000000e-02 4.000000e-04 2.000000e-04 
1.000000e+00 2.000000e-02 2.000000e-04 4.000000e-02 8.000000e-04 8.000000e-04 
1.000000e+00 2.000000e-02 2.000000e-04 6.000000e-02 1.200000e-03 1.800000e-03 
1.000000e+00 4.000000e-02 8.000000e-04 -4.000000e-02 -1.600000e-03 8.000000e-04 
1.000000e+00 4.000000e-02 8.000000e-04 -2.000000e-02 -8.000000e-04 2.000000e-04 
1.000000e+00 4.000000e-02 8.000000e-04 0.000000e+00 0.000000e+00 0.000000e+00 
1.000000e+00 4.000000e-02 8.000000e-04 2.000000e-02 8.000000e-04 2.000000e-04 
1.000000e+00 4.000000e-02 8.000000e-04 4.000000e-02 1.600000e-03 8.000000e-04 
1.000000e+00 6.000000e-02 1.800000e-03 -2.000000e-02 -1.200000e-03 2.000000e-04 
1.000000e+00 6.000000e-02 1.800000e-03 0.000000e+00 0.000000e+00 0.000000e+00 
1.000000e+00 6.000000e-02 1.800000e-03 2.000000e-02 1.200000e-03 2.000000e-04 
W Matrix
7.461796e-03 0 0 0 0 0 0 0 0 0 0 0 0 0 0 
0 8.638169e-02 0 0 0 0 0 0 0 0 0 0 0 0 0 
0 0 3.754643e-01 0 0 0 0 0 0 0 0 0 0 0 0 
0 0 0 6.127514e-01 0 0 0 0 0 0 0 0 0 0 0 
0 0 0 0 3.754643e-01 0 0 0 0 0 0 0 0 0 0 
0 0 0 0 0 8.638169e-02 0 0 0 0 0 0 0 0 0 
0 0 0 0 0 0 7.461796e-03 0 0 0 0 0 0 0 0 
0 0 0 0 0 0 0 1.987351e-02 0 0 0 0 0 0 0 
0 0 0 0 0 0 0 0 8.638169e-02 0 0 0 0 0 0 
0 0 0 0 0 0 0 0 0 1.409735e-01 0 0 0 0 0 
0 0 0 0 0 0 0 0 0 0 8.638169e-02 0 0 0 0 
0 0 0 0 0 0 0 0 0 0 0 1.987351e-02 0 0 0 
0 0 0 0 0 0 0 0 0 0 0 0 7.461796e-03 0 0 
0 0 0 0 0 0 0 0 0 0 0 0 0 1.217752e-02 0 
0 0 0 0 0 0 0 0 0 0 0 0 0 0 7.461796e-03 
Identity Matrix
9.965862e-01 2.425714e-01 -7.379118e+00 -1.813770e-16 6.852460e-15 -3.248320e-02 
5.413399e-05 9.961534e-01 1.170153e-01 2.876208e-18 -1.086637e-16 5.151063e-04 
3.436093e-07 -2.441589e-05 1.000743e+00 1.825640e-20 -6.897305e-19 3.269578e-06 
-8.207781e-20 5.832212e-18 -1.774182e-16 1.000000e+00 4.646645e-29 -7.810028e-19 
-5.574229e-22 3.960886e-20 -1.204917e-18 5.551115e-17 1.000000e+00 -5.304099e-21 
-5.828612e-10 4.141644e-08 -1.259904e-06 -3.096816e-23 1.169983e-21 1.000000e+00 
MTWMINvMTW Matrix
1.468348e-03 1.106530e-01 7.252077e-01 1.316395e+00 7.252077e-01 1.106530e-01 1.468348e-03 -1.808861e-01 -7.300417e-01 -1.160847e+00 -7.300417e-01 -1.808861e-01 2.725415e-01 4.474238e-01 2.725415e-01 
-9.134084e-01 -8.289160e+00 -3.007045e+01 -4.583280e+01 -3.007045e+01 -8.289160e+00 -9.134084e-01 1.085497e+01 4.855289e+01 7.998330e+01 4.855289e+01 1.085497e+01 -2.052437e+01 -3.343100e+01 -2.052437e+01 
2.457681e+01 1.928666e+02 5.992974e+02 8.480224e+02 5.992974e+02 1.928666e+02 2.457681e+01 -2.661884e+02 -1.211996e+03 -2.007871e+03 -1.211996e+03 -2.661884e+02 6.847754e+02 1.114958e+03 6.847754e+02 
-1.355113e+00 -1.045833e+01 -2.272896e+01 3.529237e-14 2.272896e+01 1.045833e+01 1.355113e+00 4.893489e+00 1.063495e+01 -5.980670e-14 -1.063495e+01 -4.893489e+00 2.289035e+00 3.370379e-14 -2.289035e+00 
3.253506e+01 2.510954e+02 5.457022e+02 -1.679941e-12 -5.457022e+02 -2.510954e+02 -3.253506e+01 -2.494428e+02 -5.421107e+02 2.295730e-12 5.421107e+02 2.494428e+02 -1.045019e+02 -1.349102e-12 1.045019e+02 
8.214057e+01 3.553942e+02 -8.305355e+00 -8.584059e+02 -8.305355e+00 3.553942e+02 8.214057e+01 8.388273e+01 7.297423e+00 -1.824626e+02 7.297423e+00 8.388273e+01 4.635072e+00 -9.225814e+00 4.635072e+00 
Number of (Rows, Cols) = (15,6)
Neighbour Type
Bottom Bottom Bottom Bottom Bottom Bottom Bottom Bottom Bottom Bottom Bottom Bottom Bottom Bottom Bottom 
M Matrix
1.000000e+00 -6.000000e-02 1.800000e-03 -2.000000e-02 1.200000e-03 2.000000e-04 
1.000000e+00 -4.000000e-02 8.000000e-04 -4.000000e-02 1.600000e-03 8.000000e-04 
1.000000e+00 -4.000000e-02 8.000000e-04 -2.000000e-02 8.000000e-04 2.000000e-04 
1.000000e+00 -2.000000e-02 2.000000e-04 -6.000000e-02 1.200000e-03 1.800000e-03 
1.000000e+00 -2.000000e-02 2.000000e-04 -4.000000e-02 8.000000e-04 8.000000e-04 
1.000000e+00 -2.000000e-02 2.000000e-04 -2.000000e-02 4.000000e-04 2.000000e-04 
1.000000e+00 0.000000e+00 0.000000e+00 -6.000000e-02 -0.000000e+00 1.800000e-03 
1.000000e+00 0.000000e+00 0.000000e+00 -4.000000e-02 -0.000000e+00 8.000000e-04 
1.000000e+00 0.000000e+00 0.000000e+00 -2.000000e-02 -0.000000e+00 2.000000e-04 
1.000000e+00 2.000000e-02 2.000000e-04 -6.000000e-02 -1.200000e-03 1.800000e-03 
1.000000e+00 2.000000e-02 2.000000e-04 -4.000000e-02 -8.000000e-04 8.000000e-04 
1.000000e+00 2.000000e-02 2.000000e-04 -2.000000e-02 -4.000000e-04 2.000000e-04 
1.000000e+00 4.000000e-02 8.000000e-04 -4.000000e-02 -1.600000e-03 8.000000e-04 
1.000000e+00 4.000000e-02 8.000000e-04 -2.000000e-02 -8.000000e-04 2.000000e-04 
1.000000e+00 6.000000e-02 1.800000e-03 -2.000000e-02 -1.200000e-03 2.000000e-04 
W Matrix
7.461796e-03 0 0 0 0 0 0 0 0 0 0 0 0 0 0 
0 1.987351e-02 0 0 0 0 0 0 0 0 0 0 0 0 0 
0 0 8.638169e-02 0 0 0 0 0 0 0 0 0 0 0 0 
0 0 0 7.461796e-03 0 0 0 0 0 0 0 0 0 0 0 
0 0 0 0 8.638169e-02 0 0 0 0 0 0 0 0 0 0 
0 0 0 0 0 3.754643e-01 0 0 0 0 0 0 0 0 0 
0 0 0 0 0 0 1.217752e-02 0 0 0 0 0 0 0 0 
0 0 0 0 0 0 0 1.409735e-01 0 0 0 0 0 0 0 
0 0 0 0 0 0 0 0 6.127514e-01 0 0 0 0 0 0 
0 0 0 0 0 0 0 0 0 7.461796e-03 0 0 0 0 0 
0 0 0 0 0 0 0 0 0 0 8.638169e-02 0 0 0 0 
0 0 0 0 0 0 0 0 0 0 0 3.754643e-01 0 0 0 
0 0 0 0 0 0 0 0 0 0 0 0 1.987351e-02 0 0 
0 0 0 0 0 0 0 0 0 0 0 0 0 8.638169e-02 0 
0 0 0 0 0 0 0 0 0 0 0 0 0 0 7.461796e-03 
Identity Matrix
9.965835e-01 -7.142887e-16 1.342466e-02 -2.420731e-01 -1.332136e-14 -7.362075e+00 
-3.909785e-20 1.000000e+00 1.536303e-19 -2.770258e-18 -3.475245e-27 -8.425075e-17 
-8.530699e-07 -1.783525e-19 1.000003e+00 -6.044382e-05 -3.326241e-18 -1.838254e-03 
-5.447696e-05 -1.138957e-17 2.140607e-04 9.961401e-01 -2.124134e-16 -1.173907e-01 
1.451524e-21 2.552953e-30 -5.703591e-21 1.028470e-19 1.000000e+00 3.127845e-18 
3.465576e-07 7.245526e-20 -1.361757e-06 2.455516e-05 1.351278e-18 1.000747e+00 
MTWMINvMTW Matrix
1.538873e-03 -1.808149e-01 1.109584e-01 2.725480e-01 -7.300388e-01 7.252020e-01 4.474198e-01 -1.161009e+00 1.315661e+00 2.725480e-01 -7.300388e-01 7.252020e-01 -1.808149e-01 1.109584e-01 1.538873e-03 
-1.355113e+00 4.893489e+00 -1.045833e+01 2.289035e+00 1.063495e+01 -2.272896e+01 2.698418e-14 -7.134079e-14 8.333640e-14 -2.289035e+00 -1.063495e+01 2.272896e+01 -4.893489e+00 1.045833e+01 1.355113e+00 
8.213985e+01 8.389557e+01 3.553870e+02 4.607524e+00 7.353848e+00 -8.334253e+00 -9.270743e+00 -1.823702e+02 -8.584516e+02 4.607524e+00 7.353848e+00 -8.334253e+00 8.389557e+01 3.553870e+02 8.213985e+01 
9.183006e-01 -1.084983e+01 8.310279e+00 2.052441e+01 -4.855186e+01 3.006962e+01 3.343006e+01 -7.999320e+01 4.578107e+01 2.052441e+01 -4.855186e+01 3.006962e+01 -1.084983e+01 8.310279e+00 9.183006e-01 
-3.253506e+01 2.494428e+02 -2.510954e+02 1.045019e+02 5.421107e+02 -5.457022e+02 1.054306e-12 -3.015117e-12 2.648276e-12 -1.045019e+02 -5.421107e+02 5.457022e+02 -2.494428e+02 2.510954e+02 3.253506e+01 
2.472247e+01 -2.660348e+02 1.934952e+02 6.847754e+02 -1.211963e+03 5.992717e+02 1.114928e+03 -2.008162e+03 8.464799e+02 6.847754e+02 -1.211963e+03 5.992717e+02 -2.660348e+02 1.934952e+02 2.472247e+01 
Number of (Rows, Cols) = (15,6)
Neighbour Type
Top Top Top Top Top Top Top Top Top Top Top Top Top Top Top 
M Matrix
1.000000e+00 -6.000000e-02 1.800000e-03 2.000000e-02 -1.200000e-03 2.000000e-04 
1.000000e+00 -4.000000e-02 8.000000e-04 2.000000e-02 -8.000000e-04 2.000000e-04 
1.000000e+00 -4.000000e-02 8.000000e-04 4.000000e-02 -1.600000e-03 8.000000e-04 
1.000000e+00 -2.000000e-02 2.000000e-04 2.000000e-02 -4.000000e-04 2.000000e-04 
1.000000e+00 -2.000000e-02 2.000000e-04 4.000000e-02 -8.000000e-04 8.000000e-04 
1.000000e+00 -2.000000e-02 2.000000e-04 6.000000e-02 -1.200000e-03 1.800000e-03 
1.000000e+00 0.000000e+00 0.000000e+00 2.000000e-02 0.000000e+00 2.000000e-04 
1.000000e+00 0.000000e+00 0.000000e+00 4.000000e-02 0.000000e+00 8.000000e-04 
1.000000e+00 0.000000e+00 0.000000e+00 6.000000e-02 0.000000e+00 1.800000e-03 
1.000000e+00 2.000000e-02 2.000000e-04 2.000000e-02 4.000000e-04 2.000000e-04 
1.000000e+00 2.000000e-02 2.000000e-04 4.000000e-02 8.000000e-04 8.000000e-04 
1.000000e+00 2.000000e-02 2.000000e-04 6.000000e-02 1.200000e-03 1.800000e-03 
1.000000e+00 4.000000e-02 8.000000e-04 2.000000e-02 8.000000e-04 2.000000e-04 
1.000000e+00 4.000000e-02 8.000000e-04 4.000000e-02 1.600000e-03 8.000000e-04 
1.000000e+00 6.000000e-02 1.800000e-03 2.000000e-02 1.200000e-03 2.000000e-04 
W Matrix
7.461796e-03 0 0 0 0 0 0 0 0 0 0 0 0 0 0 
0 8.638169e-02 0 0 0 0 0 0 0 0 0 0 0 0 0 
0 0 1.987351e-02 0 0 0 0 0 0 0 0 0 0 0 0 
0 0 0 3.754643e-01 0 0 0 0 0 0 0 0 0 0 0 
0 0 0 0 8.638169e-02 0 0 0 0 0 0 0 0 0 0 
0 0 0 0 0 7.461796e-03 0 0 0 0 0 0 0 0 0 
0 0 0 0 0 0 6.127514e-01 0 0 0 0 0 0 0 0 
0 0 0 0 0 0 0 1.409735e-01 0 0 0 0 0 0 0 
0 0 0 0 0 0 0 0 1.217752e-02 0 0 0 0 0 0 
0 0 0 0 0 0 0 0 0 3.754643e-01 0 0 0 0 0 
0 0 0 0 0 0 0 0 0 0 8.638169e-02 0 0 0 0 
0 0 0 0 0 0 0 0 0 0 0 7.461796e-03 0 0 0 
0 0 0 0 0 0 0 0 0 0 0 0 8.638169e-02 0 0 
0 0 0 0 0 0 0 0 0 0 0 0 0 1.987351e-02 0 
0 0 0 0 0 0 0 0 0 0 0 0 0 0 7.461796e-03 
Identity Matrix
9.965835e-01 7.145130e-16 1.342466e-02 2.420731e-01 -9.551293e-15 -7.362075e+00 
1.360174e-19 1.000000e+00 -5.344641e-19 -9.637440e-18 -2.700211e-27 2.930997e-16 
-8.530699e-07 1.784084e-19 1.000003e+00 6.044382e-05 -2.384885e-18 -1.838254e-03 
5.447696e-05 -1.139315e-17 -2.140607e-04 9.961401e-01 1.522985e-16 1.173907e-01 
-4.766490e-22 2.775558e-17 1.872936e-21 3.377272e-20 1.000000e+00 -1.027116e-18 
3.465576e-07 -7.247801e-20 -1.361757e-06 -2.455516e-05 9.688539e-19 1.000747e+00 
MTWMINvMTW Matrix
1.538873e-03 1.109584e-01 -1.808149e-01 7.252020e-01 -7.300388e-01 2.725480e-01 1.315661e+00 -1.161009e+00 4.474198e-01 7.252020e-01 -7.300388e-01 2.725480e-01 1.109584e-01 -1.808149e-01 1.538873e-03 
-1.355113e+00 -1.045833e+01 4.893489e+00 -2.272896e+01 1.063495e+01 2.289035e+00 -1.621182e-14 6.092036e-14 -3.351993e-14 2.272896e+01 -1.063495e+01 -2.289035e+00 1.045833e+01 -4.893489e+00 1.355113e+00 
8.213985e+01 3.553870e+02 8.389557e+01 -8.334253e+00 7.353848e+00 4.607524e+00 -8.584516e+02 -1.823702e+02 -9.270743e+00 -8.334253e+00 7.353848e+00 4.607524e+00 3.553870e+02 8.389557e+01 8.213985e+01 
-9.183006e-01 -8.310279e+00 1.084983e+01 -3.006962e+01 4.855186e+01 -2.052441e+01 -4.578107e+01 7.999320e+01 -3.343006e+01 -3.006962e+01 4.855186e+01 -2.052441e+01 -8.310279e+00 1.084983e+01 -9.183006e-01 
3.253506e+01 2.510954e+02 -2.494428e+02 5.457022e+02 -5.421107e+02 -1.045019e+02 1.404705e-12 -2.429526e-12 1.430225e-12 -5.457022e+02 5.421107e+02 1.045019e+02 -2.510954e+02 2.494428e+02 -3.253506e+01 
2.472247e+01 1.934952e+02 -2.660348e+02 5.992717e+02 -1.211963e+03 6.847754e+02 8.464799e+02 -2.008162e+03 1.114928e+03 5.992717e+02 -1.211963e+03 6.847754e+02 1.934952e+02 -2.660348e+02 2.472247e+01 
Number of (Rows, Cols) = (37,6)
Neighbour Type
Center Center Center Center Center Center Center Center Center Center Center Center Center Center Center Center Center Center Center Center Center Center Center Center Center Center Center Center Center Center Center Center Center Center Center Center Center 
M Matrix
1.000000e+00 -6.000000e-02 1.800000e-03 -2.000000e-02 1.200000e-03 2.000000e-04 
1.000000e+00 -6.000000e-02 1.800000e-03 0.000000e+00 -0.000000e+00 0.000000e+00 
1.000000e+00 -6.000000e-02 1.800000e-03 2.000000e-02 -1.200000e-03 2.000000e-04 
1.000000e+00 -4.000000e-02 8.000000e-04 -4.000000e-02 1.600000e-03 8.000000e-04 
1.000000e+00 -4.000000e-02 8.000000e-04 -2.000000e-02 8.000000e-04 2.000000e-04 
1.000000e+00 -4.000000e-02 8.000000e-04 0.000000e+00 -0.000000e+00 0.000000e+00 
1.000000e+00 -4.000000e-02 8.000000e-04 2.000000e-02 -8.000000e-04 2.000000e-04 
1.000000e+00 -4.000000e-02 8.000000e-04 4.000000e-02 -1.600000e-03 8.000000e-04 
1.000000e+00 -2.000000e-02 2.000000e-04 -6.000000e-02 1.200000e-03 1.800000e-03 
1.000000e+00 -2.000000e-02 2.000000e-04 -4.000000e-02 8.000000e-04 8.000000e-04 
1.000000e+00 -2.000000e-02 2.000000e-04 -2.000000e-02 4.000000e-04 2.000000e-04 
1.000000e+00 -2.000000e-02 2.000000e-04 0.000000e+00 -0.000000e+00 0.000000e+00 
1.000000e+00 -2.000000e-02 2.000000e-04 2.000000e-02 -4.000000e-04 2.000000e-04 
1.000000e+00 -2.000000e-02 2.000000e-04 4.000000e-02 -8.000000e-04 8.000000e-04 
1.000000e+00 -2.000000e-02 2.000000e-04 6.000000e-02 -1.200000e-03 1.800000e-03 
1.000000e+00 0.000000e+00 0.000000e+00 -6.000000e-02 -0.000000e+00 1.800000e-03 
1.000000e+00 0.000000e+00 0.000000e+00 -4.000000e-02 -0.000000e+00 8.000000e-04 
1.000000e+00 0.000000e+00 0.000000e+00 -2.000000e-02 -0.000000e+00 2.000000e-04 
1.000000e+00 0.000000e+00 0.000000e+00 0.000000e+00 0.000000e+00 0.000000e+00 
1.000000e+00 0.000000e+00 0.000000e+00 2.000000e-02 0.000000e+00 2.000000e-04 
1.000000e+00 0.000000e+00 0.000000e+00 4.000000e-02 0.000000e+00 8.000000e-04 
1.000000e+00 0.000000e+00 0.000000e+00 6.000000e-02 0.000000e+00 1.800000e-03 
1.000000e+00 2.000000e-02 2.000000e-04 -6.000000e-02 -1.200000e-03 1.800000e-03 
1.000000e+00 2.000000e-02 2.000000e-04 -4.000000e-02 -8.000000e-04 8.000000e-04 
1.000000e+00 2.000000e-02 2.000000e-04 -2.000000e-02 -4.000000e-04 2.000000e-04 
1.000000e+00 2.000000e-02 2.000000e-04 0.000000e+00 0.000000e+00 0.000000e+00 
1.000000e+00 2.000000e-02 2.000000e-04 2.000000e-02 4.000000e-04 2.000000e-04 
1.000000e+00 2.000000e-02 2.000000e-04 4.000000e-02 8.000000e-04 8.000000e-04 
1.000000e+00 2.000000e-02 2.000000e-04 6.000000e-02 1.200000e-03 1.800000e-03 
1.000000e+00 4.000000e-02 8.000000e-04 -4.000000e-02 -1.600000e-03 8.000000e-04 
1.000000e+00 4.000000e-02 8.000000e-04 -2.000000e-02 -8.000000e-04 2.000000e-04 
1.000000e+00 4.000000e-02 8.000000e-04 0.000000e+00 0.000000e+00 0.000000e+00 
1.000000e+00 4.000000e-02 8.000000e-04 2.000000e-02 8.000000e-04 2.000000e-04 
1.000000e+00 4.000000e-02 8.000000e-04 4.000000e-02 1.600000e-03 8.000000e-04 
1.000000e+00 6.000000e-02 1.800000e-03 -2.000000e-02 -1.200000e-03 2.000000e-04 
1.000000e+00 6.000000e-02 1.800000e-03 0.000000e+00 0.000000e+00 0.000000e+00 
1.000000e+00 6.000000e-02 1.800000e-03 2.000000e-02 1.200000e-03 2.000000e-04 
W Matrix
7.461796e-03 0 0 0 0 0 0 0 0 0 0 0 0 0 0 0 0 0 0 0 0 0 0 0 0 0 0 0 0 0 0 0 0 0 0 0 0 
0 1.217752e-02 0 0 0 0 0 0 0 0 0 0 0 0 0 0 0 0 0 0 0 0 0 0 0 0 0 0 0 0 0 0 0 0 0 0 0 
0 0 7.461796e-03 0 0 0 0 0 0 0 0 0 0 0 0 0 0 0 0 0 0 0 0 0 0 0 0 0 0 0 0 0 0 0 0 0 0 
0 0 0 1.987351e-02 0 0 0 0 0 0 0 0 0 0 0 0 0 0 0 0 0 0 0 0 0 0 0 0 0 0 0 0 0 0 0 0 0 
0 0 0 0 8.638169e-02 0 0 0 0 0 0 0 0 0 0 0 0 0 0 0 0 0 0 0 0 0 0 0 0 0 0 0 0 0 0 0 0 
0 0 0 0 0 1.409735e-01 0 0 0 0 0 0 0 0 0 0 0 0 0 0 0 0 0 0 0 0 0 0 0 0 0 0 0 0 0 0 0 
0 0 0 0 0 0 8.638169e-02 0 0 0 0 0 0 0 0 0 0 0 0 0 0 0 0 0 0 0 0 0 0 0 0 0 0 0 0 0 0 
0 0 0 0 0 0 0 1.987351e-02 0 0 0 0 0 0 0 0 0 0 0 0 0 0 0 0 0 0 0 0 0 0 0 0 0 0 0 0 0 
0 0 0 0 0 0 0 0 7.461796e-03 0 0 0 0 0 0 0 0 0 0 0 0 0 0 0 0 0 0 0 0 0 0 0 0 0 0 0 0 
0 0 0 0 0 0 0 0 0 8.638169e-02 0 0 0 0 0 0 0 0 0 0 0 0 0 0 0 0 0 0 0 0 0 0 0 0 0 0 0 
0 0 0 0 0 0 0 0 0 0 3.754643e-01 0 0 0 0 0 0 0 0 0 0 0 0 0 0 0 0 0 0 0 0 0 0 0 0 0 0 
0 0 0 0 0 0 0 0 0 0 0 6.127514e-01 0 0 0 0 0 0 0 0 0 0 0 0 0 0 0 0 0 0 0 0 0 0 0 0 0 
0 0 0 0 0 0 0 0 0 0 0 0 3.754643e-01 0 0 0 0 0 0 0 0 0 0 0 0 0 0 0 0 0 0 0 0 0 0 0 0 
0 0 0 0 0 0 0 0 0 0 0 0 0 8.638169e-02 0 0 0 0 0 0 0 0 0 0 0 0 0 0 0 0 0 0 0 0 0 0 0 
0 0 0 0 0 0 0 0 0 0 0 0 0 0 7.461796e-03 0 0 0 0 0 0 0 0 0 0 0 0 0 0 0 0 0 0 0 0 0 0 
0 0 0 0 0 0 0 0 0 0 0 0 0 0 0 1.217752e-02 0 0 0 0 0 0 0 0 0 0 0 0 0 0 0 0 0 0 0 0 0 
0 0 0 0 0 0 0 0 0 0 0 0 0 0 0 0 1.409735e-01 0 0 0 0 0 0 0 0 0 0 0 0 0 0 0 0 0 0 0 0 
0 0 0 0 0 0 0 0 0 0 0 0 0 0 0 0 0 6.127514e-01 0 0 0 0 0 0 0 0 0 0 0 0 0 0 0 0 0 0 0 
0 0 0 0 0 0 0 0 0 0 0 0 0 0 0 0 0 0 1.000000e+00 0 0 0 0 0 0 0 0 0 0 0 0 0 0 0 0 0 0 
0 0 0 0 0 0 0 0 0 0 0 0 0 0 0 0 0 0 0 6.127514e-01 0 0 0 0 0 0 0 0 0 0 0 0 0 0 0 0 0 
0 0 0 0 0 0 0 0 0 0 0 0 0 0 0 0 0 0 0 0 1.409735e-01 0 0 0 0 0 0 0 0 0 0 0 0 0 0 0 0 
0 0 0 0 0 0 0 0 0 0 0 0 0 0 0 0 0 0 0 0 0 1.217752e-02 0 0 0 0 0 0 0 0 0 0 0 0 0 0 0 
0 0 0 0 0 0 0 0 0 0 0 0 0 0 0 0 0 0 0 0 0 0 7.461796e-03 0 0 0 0 0 0 0 0 0 0 0 0 0 0 
0 0 0 0 0 0 0 0 0 0 0 0 0 0 0 0 0 0 0 0 0 0 0 8.638169e-02 0 0 0 0 0 0 0 0 0 0 0 0 0 
0 0 0 0 0 0 0 0 0 0 0 0 0 0 0 0 0 0 0 0 0 0 0 0 3.754643e-01 0 0 0 0 0 0 0 0 0 0 0 0 
0 0 0 0 0 0 0 0 0 0 0 0 0 0 0 0 0 0 0 0 0 0 0 0 0 6.127514e-01 0 0 0 0 0 0 0 0 0 0 0 
0 0 0 0 0 0 0 0 0 0 0 0 0 0 0 0 0 0 0 0 0 0 0 0 0 0 3.754643e-01 0 0 0 0 0 0 0 0 0 0 
0 0 0 0 0 0 0 0 0 0 0 0 0 0 0 0 0 0 0 0 0 0 0 0 0 0 0 8.638169e-02 0 0 0 0 0 0 0 0 0 
0 0 0 0 0 0 0 0 0 0 0 0 0 0 0 0 0 0 0 0 0 0 0 0 0 0 0 0 7.461796e-03 0 0 0 0 0 0 0 0 
0 0 0 0 0 0 0 0 0 0 0 0 0 0 0 0 0 0 0 0 0 0 0 0 0 0 0 0 0 1.987351e-02 0 0 0 0 0 0 0 
0 0 0 0 0 0 0 0 0 0 0 0 0 0 0 0 0 0 0 0 0 0 0 0 0 0 0 0 0 0 8.638169e-02 0 0 0 0 0 0 
0 0 0 0 0 0 0 0 0 0 0 0 0 0 0 0 0 0 0 0 0 0 0 0 0 0 0 0 0 0 0 1.409735e-01 0 0 0 0 0 
0 0 0 0 0 0 0 0 0 0 0 0 0 0 0 0 0 0 0 0 0 0 0 0 0 0 0 0 0 0 0 0 8.638169e-02 0 0 0 0 
0 0 0 0 0 0 0 0 0 0 0 0 0 0 0 0 0 0 0 0 0 0 0 0 0 0 0 0 0 0 0 0 0 1.987351e-02 0 0 0 
0 0 0 0 0 0 0 0 0 0 0 0 0 0 0 0 0 0 0 0 0 0 0 0 0 0 0 0 0 0 0 0 0 0 7.461796e-03 0 0 
0 0 0 0 0 0 0 0 0 0 0 0 0 0 0 0 0 0 0 0 0 0 0 0 0 0 0 0 0 0 0 0 0 0 0 1.217752e-02 0 
0 0 0 0 0 0 0 0 0 0 0 0 0 0 0 0 0 0 0 0 0 0 0 0 0 0 0 0 0 0 0 0 0 0 0 0 7.461796e-03 
Identity Matrix
1.000000e+00 -6.694093e-25 5.826450e-13 5.450587e-25 -6.565847e-26 0.000000e+00 
7.703720e-34 1.000000e+00 -4.437343e-30 -7.456222e-42 -9.537719e-29 0.000000e+00 
6.776264e-20 -1.220251e-28 1.000000e+00 1.200070e-28 -1.514551e-29 0.000000e+00 
3.081488e-33 -1.898785e-32 7.888609e-31 1.000000e+00 5.993643e-29 0.000000e+00 
-1.504633e-36 1.386772e-31 -7.703720e-34 -7.951125e-32 1.000000e+00 0.000000e+00 
5.421011e-20 -3.976756e-29 0.000000e+00 4.652430e-29 -6.076694e-30 1.000000e+00 
MTWMINvMTW Matrix
-3.822168e-03 -5.219092e-03 -3.822168e-03 -6.855099e-03 -8.119335e-03 -1.458529e-03 -8.119335e-03 -6.855099e-03 -3.822168e-03 -8.119335e-03 5.892876e-02 1.474259e-01 5.892876e-02 -8.119335e-03 -3.822168e-03 -5.219092e-03 -1.458529e-03 1.474259e-01 3.242442e-01 1.474259e-01 -1.458529e-03 -5.219092e-03 -3.822168e-03 -8.119335e-03 5.892876e-02 1.474259e-01 5.892876e-02 -8.119335e-03 -3.822168e-03 -6.855099e-03 -8.119335e-03 -1.458529e-03 -8.119335e-03 -6.855099e-03 -3.822168e-03 -5.219092e-03 -3.822168e-03 
-1.743838e-01 -2.845914e-01 -1.743838e-01 -3.096323e-01 -1.345839e+00 -2.196387e+00 -1.345839e+00 -3.096323e-01 -5.812793e-02 -6.729196e-01 -2.924894e+00 -4.773378e+00 -2.924894e+00 -6.729196e-01 -5.812793e-02 7.115928e-17 8.862568e-16 4.015123e-15 6.641253e-15 4.015123e-15 8.862568e-16 7.115928e-17 5.812793e-02 6.729196e-01 2.924894e+00 4.773378e+00 2.924894e+00 6.729196e-01 5.812793e-02 3.096323e-01 1.345839e+00 2.196387e+00 1.345839e+00 3.096323e-01 1.743838e-01 2.845914e-01 1.743838e-01 
2.415174e+01 3.926932e+01 2.415174e+01 2.481790e+01 1.047676e+02 1.692897e+02 1.047676e+02 2.481790e+01 7.042523e-01 2.977383e+00 -5.557746e-01 -8.249409e+00 -5.557746e-01 2.977383e+00 7.042523e-01 -3.779830e+00 -5.220349e+01 -2.489335e+02 -4.182379e+02 -2.489335e+02 -5.220349e+01 -3.779830e+00 7.042523e-01 2.977383e+00 -5.557746e-01 -8.249409e+00 -5.557746e-01 2.977383e+00 7.042523e-01 2.481790e+01 1.047676e+02 1.692897e+02 1.047676e+02 2.481790e+01 2.415174e+01 3.926932e+01 2.415174e+01 
-5.812793e-02 -2.975059e-18 5.812793e-02 -3.096323e-01 -6.729196e-01 -2.772426e-16 6.729196e-01 3.096323e-01 -1.743838e-01 -1.345839e+00 -2.924894e+00 -1.833229e-15 2.924894e+00 1.345839e+00 1.743838e-01 -2.845914e-01 -2.196387e+00 -4.773378e+00 -3.319815e-15 4.773378e+00 2.196387e+00 2.845914e-01 -1.743838e-01 -1.345839e+00 -2.924894e+00 -1.808032e-15 2.924894e+00 1.345839e+00 1.743838e-01 -3.096323e-01 -6.729196e-01 -2.656484e-16 6.729196e-01 3.096323e-01 -5.812793e-02 -1.472770e-18 5.812793e-02 
9.211752e+00 1.415878e-14 -9.211752e+00 3.271239e+01 7.109340e+01 1.092654e-13 -7.109340e+01 -3.271239e+01 9.211752e+00 7.109340e+01 1.545063e+02 2.363366e-13 -1.545063e+02 -7.109340e+01 -9.211752e+00 -7.599850e-15 -6.129958e-14 -1.400849e-13 -5.444760e-15 1.438027e-13 6.932636e-14 9.325685e-15 -9.211752e+00 -7.109340e+01 -1.545063e+02 -2.440886e-13 1.545063e+02 7.109340e+01 9.211752e+00 -3.271239e+01 -7.109340e+01 -1.117939e-13 7.109340e+01 3.271239e+01 -9.211752e+00 -1.448444e-14 9.211752e+00 
7.042523e-01 -3.779830e+00 7.042523e-01 2.481790e+01 2.977383e+00 -5.220349e+01 2.977383e+00 2.481790e+01 2.415174e+01 1.047676e+02 -5.557746e-01 -2.489335e+02 -5.557746e-01 1.047676e+02 2.415174e+01 3.926932e+01 1.692897e+02 -8.249409e+00 -4.182379e+02 -8.249409e+00 1.692897e+02 3.926932e+01 2.415174e+01 1.047676e+02 -5.557746e-01 -2.489335e+02 -5.557746e-01 1.047676e+02 2.415174e+01 2.481790e+01 2.977383e+00 -5.220349e+01 2.977383e+00 2.481790e+01 7.042523e-01 -3.779830e+00 7.042523e-01 
Number of (Rows, Cols) = (15,6)
Neighbour Type
Left Left Left Left Left Left Left Left Left Left Left Left Left Left Left 
M Matrix
1.000000e+00 -6.000000e-02 1.800000e-03 -2.000000e-02 1.200000e-03 2.000000e-04 
1.000000e+00 -6.000000e-02 1.800000e-03 0.000000e+00 -0.000000e+00 0.000000e+00 
1.000000e+00 -6.000000e-02 1.800000e-03 2.000000e-02 -1.200000e-03 2.000000e-04 
1.000000e+00 -4.000000e-02 8.000000e-04 -4.000000e-02 1.600000e-03 8.000000e-04 
1.000000e+00 -4.000000e-02 8.000000e-04 -2.000000e-02 8.000000e-04 2.000000e-04 
1.000000e+00 -4.000000e-02 8.000000e-04 0.000000e+00 -0.000000e+00 0.000000e+00 
1.000000e+00 -4.000000e-02 8.000000e-04 2.000000e-02 -8.000000e-04 2.000000e-04 
1.000000e+00 -4.000000e-02 8.000000e-04 4.000000e-02 -1.600000e-03 8.000000e-04 
1.000000e+00 -2.000000e-02 2.000000e-04 -6.000000e-02 1.200000e-03 1.800000e-03 
1.000000e+00 -2.000000e-02 2.000000e-04 -4.000000e-02 8.000000e-04 8.000000e-04 
1.000000e+00 -2.000000e-02 2.000000e-04 -2.000000e-02 4.000000e-04 2.000000e-04 
1.000000e+00 -2.000000e-02 2.000000e-04 0.000000e+00 -0.000000e+00 0.000000e+00 
1.000000e+00 -2.000000e-02 2.000000e-04 2.000000e-02 -4.000000e-04 2.000000e-04 
1.000000e+00 -2.000000e-02 2.000000e-04 4.000000e-02 -8.000000e-04 8.000000e-04 
1.000000e+00 -2.000000e-02 2.000000e-04 6.000000e-02 -1.200000e-03 1.800000e-03 
W Matrix
7.461796e-03 0 0 0 0 0 0 0 0 0 0 0 0 0 0 
0 1.217752e-02 0 0 0 0 0 0 0 0 0 0 0 0 0 
0 0 7.461796e-03 0 0 0 0 0 0 0 0 0 0 0 0 
0 0 0 1.987351e-02 0 0 0 0 0 0 0 0 0 0 0 
0 0 0 0 8.638169e-02 0 0 0 0 0 0 0 0 0 0 
0 0 0 0 0 1.409735e-01 0 0 0 0 0 0 0 0 0 
0 0 0 0 0 0 8.638169e-02 0 0 0 0 0 0 0 0 
0 0 0 0 0 0 0 1.987351e-02 0 0 0 0 0 0 0 
0 0 0 0 0 0 0 0 7.461796e-03 0 0 0 0 0 0 
0 0 0 0 0 0 0 0 0 8.638169e-02 0 0 0 0 0 
0 0 0 0 0 0 0 0 0 0 3.754643e-01 0 0 0 0 
0 0 0 0 0 0 0 0 0 0 0 6.127514e-01 0 0 0 
0 0 0 0 0 0 0 0 0 0 0 0 3.754643e-01 0 0 
0 0 0 0 0 0 0 0 0 0 0 0 0 8.638169e-02 0 
0 0 0 0 0 0 0 0 0 0 0 0 0 0 7.461796e-03 
Identity Matrix
9.965862e-01 -2.425714e-01 -7.379118e+00 7.141185e-16 2.846063e-15 -3.248320e-02 
-5.413399e-05 9.961534e-01 -1.170153e-01 1.132422e-17 4.513179e-17 -5.151063e-04 
3.436093e-07 2.441589e-05 1.000743e+00 -7.187919e-20 -2.864689e-19 3.269578e-06 
2.472881e-20 1.757158e-18 5.345344e-17 1.000000e+00 -6.960953e-29 2.353044e-19 
-1.611873e-22 -1.145351e-20 -3.484202e-19 6.791601e-32 1.000000e+00 -1.533761e-21 
-5.828612e-10 -4.141644e-08 -1.259904e-06 1.219280e-22 4.859345e-22 1.000000e+00 
MTWMINvMTW Matrix
2.725415e-01 4.474238e-01 2.725415e-01 -1.808861e-01 -7.300417e-01 -1.160847e+00 -7.300417e-01 -1.808861e-01 1.468348e-03 1.106530e-01 7.252077e-01 1.316395e+00 7.252077e-01 1.106530e-01 1.468348e-03 
2.052437e+01 3.343100e+01 2.052437e+01 -1.085497e+01 -4.855289e+01 -7.998330e+01 -4.855289e+01 -1.085497e+01 9.134084e-01 8.289160e+00 3.007045e+01 4.583280e+01 3.007045e+01 8.289160e+00 9.134084e-01 
6.847754e+02 1.114958e+03 6.847754e+02 -2.661884e+02 -1.211996e+03 -2.007871e+03 -1.211996e+03 -2.661884e+02 2.457681e+01 1.928666e+02 5.992974e+02 8.480224e+02 5.992974e+02 1.928666e+02 2.457681e+01 
2.289035e+00 -5.279100e-15 -2.289035e+00 4.893489e+00 1.063495e+01 3.262039e-14 -1.063495e+01 -4.893489e+00 -1.355113e+00 -1.045833e+01 -2.272896e+01 -1.814867e-14 2.272896e+01 1.045833e+01 1.355113e+00 
1.045019e+02 -2.216095e-13 -1.045019e+02 2.494428e+02 5.421107e+02 1.420480e-12 -5.421107e+02 -2.494428e+02 -3.253506e+01 -2.510954e+02 -5.457022e+02 -4.971949e-13 5.457022e+02 2.510954e+02 3.253506e+01 
4.635072e+00 -9.225814e+00 4.635072e+00 8.388273e+01 7.297423e+00 -1.824626e+02 7.297423e+00 8.388273e+01 8.214057e+01 3.553942e+02 -8.305355e+00 -8.584059e+02 -8.305355e+00 3.553942e+02 8.214057e+01 
Number of (Rows, Cols) = (15,6)
Neighbour Type
Right Right Right Right Right Right Right Right Right Right Right Right Right Right Right 
M Matrix
1.000000e+00 2.000000e-02 2.000000e-04 -6.000000e-02 -1.200000e-03 1.800000e-03 
1.000000e+00 2.000000e-02 2.000000e-04 -4.000000e-02 -8.000000e-04 8.000000e-04 
1.000000e+00 2.000000e-02 2.000000e-04 -2.000000e-02 -4.000000e-04 2.000000e-04 
1.000000e+00 2.000000e-02 2.000000e-04 0.000000e+00 0.000000e+00 0.000000e+00 
1.000000e+00 2.000000e-02 2.000000e-04 2.000000e-02 4.000000e-04 2.000000e-04 
1.000000e+00 2.000000e-02 2.000000e-04 4.000000e-02 8.000000e-04 8.000000e-04 
1.000000e+00 2.000000e-02 2.000000e-04 6.000000e-02 1.200000e-03 1.800000e-03 
1.000000e+00 4.000000e-02 8.000000e-04 -4.000000e-02 -1.600000e-03 8.000000e-04 
1.000000e+00 4.000000e-02 8.000000e-04 -2.000000e-02 -8.000000e-04 2.000000e-04 
1.000000e+00 4.000000e-02 8.000000e-04 0.000000e+00 0.000000e+00 0.000000e+00 
1.000000e+00 4.000000e-02 8.000000e-04 2.000000e-02 8.000000e-04 2.000000e-04 
1.000000e+00 4.000000e-02 8.000000e-04 4.000000e-02 1.600000e-03 8.000000e-04 
1.000000e+00 6.000000e-02 1.800000e-03 -2.000000e-02 -1.200000e-03 2.000000e-04 
1.000000e+00 6.000000e-02 1.800000e-03 0.000000e+00 0.000000e+00 0.000000e+00 
1.000000e+00 6.000000e-02 1.800000e-03 2.000000e-02 1.200000e-03 2.000000e-04 
W Matrix
7.461796e-03 0 0 0 0 0 0 0 0 0 0 0 0 0 0 
0 8.638169e-02 0 0 0 0 0 0 0 0 0 0 0 0 0 
0 0 3.754643e-01 0 0 0 0 0 0 0 0 0 0 0 0 
0 0 0 6.127514e-01 0 0 0 0 0 0 0 0 0 0 0 
0 0 0 0 3.754643e-01 0 0 0 0 0 0 0 0 0 0 
0 0 0 0 0 8.638169e-02 0 0 0 0 0 0 0 0 0 
0 0 0 0 0 0 7.461796e-03 0 0 0 0 0 0 0 0 
0 0 0 0 0 0 0 1.987351e-02 0 0 0 0 0 0 0 
0 0 0 0 0 0 0 0 8.638169e-02 0 0 0 0 0 0 
0 0 0 0 0 0 0 0 0 1.409735e-01 0 0 0 0 0 
0 0 0 0 0 0 0 0 0 0 8.638169e-02 0 0 0 0 
0 0 0 0 0 0 0 0 0 0 0 1.987351e-02 0 0 0 
0 0 0 0 0 0 0 0 0 0 0 0 7.461796e-03 0 0 
0 0 0 0 0 0 0 0 0 0 0 0 0 1.217752e-02 0 
0 0 0 0 0 0 0 0 0 0 0 0 0 0 7.461796e-03 
Identity Matrix
9.965862e-01 2.425714e-01 -7.379118e+00 -1.813770e-16 6.852460e-15 -3.248320e-02 
5.413399e-05 9.961534e-01 1.170153e-01 2.876208e-18 -1.086637e-16 5.151063e-04 
3.436093e-07 -2.441589e-05 1.000743e+00 1.825640e-20 -6.897305e-19 3.269578e-06 
-8.207781e-20 5.832212e-18 -1.774182e-16 1.000000e+00 4.646645e-29 -7.810028e-19 
-5.574229e-22 3.960886e-20 -1.204917e-18 5.551115e-17 1.000000e+00 -5.304099e-21 
-5.828612e-10 4.141644e-08 -1.259904e-06 -3.096816e-23 1.169983e-21 1.000000e+00 
MTWMINvMTW Matrix
1.468348e-03 1.106530e-01 7.252077e-01 1.316395e+00 7.252077e-01 1.106530e-01 1.468348e-03 -1.808861e-01 -7.300417e-01 -1.160847e+00 -7.300417e-01 -1.808861e-01 2.725415e-01 4.474238e-01 2.725415e-01 
-9.134084e-01 -8.289160e+00 -3.007045e+01 -4.583280e+01 -3.007045e+01 -8.289160e+00 -9.134084e-01 1.085497e+01 4.855289e+01 7.998330e+01 4.855289e+01 1.085497e+01 -2.052437e+01 -3.343100e+01 -2.052437e+01 
2.457681e+01 1.928666e+02 5.992974e+02 8.480224e+02 5.992974e+02 1.928666e+02 2.457681e+01 -2.661884e+02 -1.211996e+03 -2.007871e+03 -1.211996e+03 -2.661884e+02 6.847754e+02 1.114958e+03 6.847754e+02 
-1.355113e+00 -1.045833e+01 -2.272896e+01 3.529237e-14 2.272896e+01 1.045833e+01 1.355113e+00 4.893489e+00 1.063495e+01 -5.980670e-14 -1.063495e+01 -4.893489e+00 2.289035e+00 3.370379e-14 -2.289035e+00 
3.253506e+01 2.510954e+02 5.457022e+02 -1.679941e-12 -5.457022e+02 -2.510954e+02 -3.253506e+01 -2.494428e+02 -5.421107e+02 2.295730e-12 5.421107e+02 2.494428e+02 -1.045019e+02 -1.349102e-12 1.045019e+02 
8.214057e+01 3.553942e+02 -8.305355e+00 -8.584059e+02 -8.305355e+00 3.553942e+02 8.214057e+01 8.388273e+01 7.297423e+00 -1.824626e+02 7.297423e+00 8.388273e+01 4.635072e+00 -9.225814e+00 4.635072e+00 
Number of (Rows, Cols) = (15,6)
Neighbour Type
Bottom Bottom Bottom Bottom Bottom Bottom Bottom Bottom Bottom Bottom Bottom Bottom Bottom Bottom Bottom 
M Matrix
1.000000e+00 -6.000000e-02 1.800000e-03 -2.000000e-02 1.200000e-03 2.000000e-04 
1.000000e+00 -4.000000e-02 8.000000e-04 -4.000000e-02 1.600000e-03 8.000000e-04 
1.000000e+00 -4.000000e-02 8.000000e-04 -2.000000e-02 8.000000e-04 2.000000e-04 
1.000000e+00 -2.000000e-02 2.000000e-04 -6.000000e-02 1.200000e-03 1.800000e-03 
1.000000e+00 -2.000000e-02 2.000000e-04 -4.000000e-02 8.000000e-04 8.000000e-04 
1.000000e+00 -2.000000e-02 2.000000e-04 -2.000000e-02 4.000000e-04 2.000000e-04 
1.000000e+00 0.000000e+00 0.000000e+00 -6.000000e-02 -0.000000e+00 1.800000e-03 
1.000000e+00 0.000000e+00 0.000000e+00 -4.000000e-02 -0.000000e+00 8.000000e-04 
1.000000e+00 0.000000e+00 0.000000e+00 -2.000000e-02 -0.000000e+00 2.000000e-04 
1.000000e+00 2.000000e-02 2.000000e-04 -6.000000e-02 -1.200000e-03 1.800000e-03 
1.000000e+00 2.000000e-02 2.000000e-04 -4.000000e-02 -8.000000e-04 8.000000e-04 
1.000000e+00 2.000000e-02 2.000000e-04 -2.000000e-02 -4.000000e-04 2.000000e-04 
1.000000e+00 4.000000e-02 8.000000e-04 -4.000000e-02 -1.600000e-03 8.000000e-04 
1.000000e+00 4.000000e-02 8.000000e-04 -2.000000e-02 -8.000000e-04 2.000000e-04 
1.000000e+00 6.000000e-02 1.800000e-03 -2.000000e-02 -1.200000e-03 2.000000e-04 
W Matrix
7.461796e-03 0 0 0 0 0 0 0 0 0 0 0 0 0 0 
0 1.987351e-02 0 0 0 0 0 0 0 0 0 0 0 0 0 
0 0 8.638169e-02 0 0 0 0 0 0 0 0 0 0 0 0 
0 0 0 7.461796e-03 0 0 0 0 0 0 0 0 0 0 0 
0 0 0 0 8.638169e-02 0 0 0 0 0 0 0 0 0 0 
0 0 0 0 0 3.754643e-01 0 0 0 0 0 0 0 0 0 
0 0 0 0 0 0 1.217752e-02 0 0 0 0 0 0 0 0 
0 0 0 0 0 0 0 1.409735e-01 0 0 0 0 0 0 0 
0 0 0 0 0 0 0 0 6.127514e-01 0 0 0 0 0 0 
0 0 0 0 0 0 0 0 0 7.461796e-03 0 0 0 0 0 
0 0 0 0 0 0 0 0 0 0 8.638169e-02 0 0 0 0 
0 0 0 0 0 0 0 0 0 0 0 3.754643e-01 0 0 0 
0 0 0 0 0 0 0 0 0 0 0 0 1.987351e-02 0 0 
0 0 0 0 0 0 0 0 0 0 0 0 0 8.638169e-02 0 
0 0 0 0 0 0 0 0 0 0 0 0 0 0 7.461796e-03 
Identity Matrix
9.965835e-01 -7.142887e-16 1.342466e-02 -2.420731e-01 -1.332136e-14 -7.362075e+00 
-3.909785e-20 1.000000e+00 1.536303e-19 -2.770258e-18 -3.475245e-27 -8.425075e-17 
-8.530699e-07 -1.783525e-19 1.000003e+00 -6.044382e-05 -3.326241e-18 -1.838254e-03 
-5.447696e-05 -1.138957e-17 2.140607e-04 9.961401e-01 -2.124134e-16 -1.173907e-01 
1.451524e-21 2.552953e-30 -5.703591e-21 1.028470e-19 1.000000e+00 3.127845e-18 
3.465576e-07 7.245526e-20 -1.361757e-06 2.455516e-05 1.351278e-18 1.000747e+00 
MTWMINvMTW Matrix
1.538873e-03 -1.808149e-01 1.109584e-01 2.725480e-01 -7.300388e-01 7.252020e-01 4.474198e-01 -1.161009e+00 1.315661e+00 2.725480e-01 -7.300388e-01 7.252020e-01 -1.808149e-01 1.109584e-01 1.538873e-03 
-1.355113e+00 4.893489e+00 -1.045833e+01 2.289035e+00 1.063495e+01 -2.272896e+01 2.698418e-14 -7.134079e-14 8.333640e-14 -2.289035e+00 -1.063495e+01 2.272896e+01 -4.893489e+00 1.045833e+01 1.355113e+00 
8.213985e+01 8.389557e+01 3.553870e+02 4.607524e+00 7.353848e+00 -8.334253e+00 -9.270743e+00 -1.823702e+02 -8.584516e+02 4.607524e+00 7.353848e+00 -8.334253e+00 8.389557e+01 3.553870e+02 8.213985e+01 
9.183006e-01 -1.084983e+01 8.310279e+00 2.052441e+01 -4.855186e+01 3.006962e+01 3.343006e+01 -7.999320e+01 4.578107e+01 2.052441e+01 -4.855186e+01 3.006962e+01 -1.084983e+01 8.310279e+00 9.183006e-01 
-3.253506e+01 2.494428e+02 -2.510954e+02 1.045019e+02 5.421107e+02 -5.457022e+02 1.054306e-12 -3.015117e-12 2.648276e-12 -1.045019e+02 -5.421107e+02 5.457022e+02 -2.494428e+02 2.510954e+02 3.253506e+01 
2.472247e+01 -2.660348e+02 1.934952e+02 6.847754e+02 -1.211963e+03 5.992717e+02 1.114928e+03 -2.008162e+03 8.464799e+02 6.847754e+02 -1.211963e+03 5.992717e+02 -2.660348e+02 1.934952e+02 2.472247e+01 
Number of (Rows, Cols) = (15,6)
Neighbour Type
Top Top Top Top Top Top Top Top Top Top Top Top Top Top Top 
M Matrix
1.000000e+00 -6.000000e-02 1.800000e-03 2.000000e-02 -1.200000e-03 2.000000e-04 
1.000000e+00 -4.000000e-02 8.000000e-04 2.000000e-02 -8.000000e-04 2.000000e-04 
1.000000e+00 -4.000000e-02 8.000000e-04 4.000000e-02 -1.600000e-03 8.000000e-04 
1.000000e+00 -2.000000e-02 2.000000e-04 2.000000e-02 -4.000000e-04 2.000000e-04 
1.000000e+00 -2.000000e-02 2.000000e-04 4.000000e-02 -8.000000e-04 8.000000e-04 
1.000000e+00 -2.000000e-02 2.000000e-04 6.000000e-02 -1.200000e-03 1.800000e-03 
1.000000e+00 0.000000e+00 0.000000e+00 2.000000e-02 0.000000e+00 2.000000e-04 
1.000000e+00 0.000000e+00 0.000000e+00 4.000000e-02 0.000000e+00 8.000000e-04 
1.000000e+00 0.000000e+00 0.000000e+00 6.000000e-02 0.000000e+00 1.800000e-03 
1.000000e+00 2.000000e-02 2.000000e-04 2.000000e-02 4.000000e-04 2.000000e-04 
1.000000e+00 2.000000e-02 2.000000e-04 4.000000e-02 8.000000e-04 8.000000e-04 
1.000000e+00 2.000000e-02 2.000000e-04 6.000000e-02 1.200000e-03 1.800000e-03 
1.000000e+00 4.000000e-02 8.000000e-04 2.000000e-02 8.000000e-04 2.000000e-04 
1.000000e+00 4.000000e-02 8.000000e-04 4.000000e-02 1.600000e-03 8.000000e-04 
1.000000e+00 6.000000e-02 1.800000e-03 2.000000e-02 1.200000e-03 2.000000e-04 
W Matrix
7.461796e-03 0 0 0 0 0 0 0 0 0 0 0 0 0 0 
0 8.638169e-02 0 0 0 0 0 0 0 0 0 0 0 0 0 
0 0 1.987351e-02 0 0 0 0 0 0 0 0 0 0 0 0 
0 0 0 3.754643e-01 0 0 0 0 0 0 0 0 0 0 0 
0 0 0 0 8.638169e-02 0 0 0 0 0 0 0 0 0 0 
0 0 0 0 0 7.461796e-03 0 0 0 0 0 0 0 0 0 
0 0 0 0 0 0 6.127514e-01 0 0 0 0 0 0 0 0 
0 0 0 0 0 0 0 1.409735e-01 0 0 0 0 0 0 0 
0 0 0 0 0 0 0 0 1.217752e-02 0 0 0 0 0 0 
0 0 0 0 0 0 0 0 0 3.754643e-01 0 0 0 0 0 
0 0 0 0 0 0 0 0 0 0 8.638169e-02 0 0 0 0 
0 0 0 0 0 0 0 0 0 0 0 7.461796e-03 0 0 0 
0 0 0 0 0 0 0 0 0 0 0 0 8.638169e-02 0 0 
0 0 0 0 0 0 0 0 0 0 0 0 0 1.987351e-02 0 
0 0 0 0 0 0 0 0 0 0 0 0 0 0 7.461796e-03 
Identity Matrix
9.965835e-01 7.145130e-16 1.342466e-02 2.420731e-01 -9.551293e-15 -7.362075e+00 
1.360174e-19 1.000000e+00 -5.344641e-19 -9.637440e-18 -2.700211e-27 2.930997e-16 
-8.530699e-07 1.784084e-19 1.000003e+00 6.044382e-05 -2.384885e-18 -1.838254e-03 
5.447696e-05 -1.139315e-17 -2.140607e-04 9.961401e-01 1.522985e-16 1.173907e-01 
-4.766490e-22 2.775558e-17 1.872936e-21 3.377272e-20 1.000000e+00 -1.027116e-18 
3.465576e-07 -7.247801e-20 -1.361757e-06 -2.455516e-05 9.688539e-19 1.000747e+00 
MTWMINvMTW Matrix
1.538873e-03 1.109584e-01 -1.808149e-01 7.252020e-01 -7.300388e-01 2.725480e-01 1.315661e+00 -1.161009e+00 4.474198e-01 7.252020e-01 -7.300388e-01 2.725480e-01 1.109584e-01 -1.808149e-01 1.538873e-03 
-1.355113e+00 -1.045833e+01 4.893489e+00 -2.272896e+01 1.063495e+01 2.289035e+00 -1.621182e-14 6.092036e-14 -3.351993e-14 2.272896e+01 -1.063495e+01 -2.289035e+00 1.045833e+01 -4.893489e+00 1.355113e+00 
8.213985e+01 3.553870e+02 8.389557e+01 -8.334253e+00 7.353848e+00 4.607524e+00 -8.584516e+02 -1.823702e+02 -9.270743e+00 -8.334253e+00 7.353848e+00 4.607524e+00 3.553870e+02 8.389557e+01 8.213985e+01 
-9.183006e-01 -8.310279e+00 1.084983e+01 -3.006962e+01 4.855186e+01 -2.052441e+01 -4.578107e+01 7.999320e+01 -3.343006e+01 -3.006962e+01 4.855186e+01 -2.052441e+01 -8.310279e+00 1.084983e+01 -9.183006e-01 
3.253506e+01 2.510954e+02 -2.494428e+02 5.457022e+02 -5.421107e+02 -1.045019e+02 1.404705e-12 -2.429526e-12 1.430225e-12 -5.457022e+02 5.421107e+02 1.045019e+02 -2.510954e+02 2.494428e+02 -3.253506e+01 
2.472247e+01 1.934952e+02 -2.660348e+02 5.992717e+02 -1.211963e+03 6.847754e+02 8.464799e+02 -2.008162e+03 1.114928e+03 5.992717e+02 -1.211963e+03 6.847754e+02 1.934952e+02 -2.660348e+02 2.472247e+01 
Number of (Rows, Cols) = (37,6)
Neighbour Type
Center Center Center Center Center Center Center Center Center Center Center Center Center Center Center Center Center Center Center Center Center Center Center Center Center Center Center Center Center Center Center Center Center Center Center Center Center 
M Matrix
1.000000e+00 -6.000000e-02 1.800000e-03 -2.000000e-02 1.200000e-03 2.000000e-04 
1.000000e+00 -6.000000e-02 1.800000e-03 0.000000e+00 -0.000000e+00 0.000000e+00 
1.000000e+00 -6.000000e-02 1.800000e-03 2.000000e-02 -1.200000e-03 2.000000e-04 
1.000000e+00 -4.000000e-02 8.000000e-04 -4.000000e-02 1.600000e-03 8.000000e-04 
1.000000e+00 -4.000000e-02 8.000000e-04 -2.000000e-02 8.000000e-04 2.000000e-04 
1.000000e+00 -4.000000e-02 8.000000e-04 0.000000e+00 -0.000000e+00 0.000000e+00 
1.000000e+00 -4.000000e-02 8.000000e-04 2.000000e-02 -8.000000e-04 2.000000e-04 
1.000000e+00 -4.000000e-02 8.000000e-04 4.000000e-02 -1.600000e-03 8.000000e-04 
1.000000e+00 -2.000000e-02 2.000000e-04 -6.000000e-02 1.200000e-03 1.800000e-03 
1.000000e+00 -2.000000e-02 2.000000e-04 -4.000000e-02 8.000000e-04 8.000000e-04 
1.000000e+00 -2.000000e-02 2.000000e-04 -2.000000e-02 4.000000e-04 2.000000e-04 
1.000000e+00 -2.000000e-02 2.000000e-04 0.000000e+00 -0.000000e+00 0.000000e+00 
1.000000e+00 -2.000000e-02 2.000000e-04 2.000000e-02 -4.000000e-04 2.000000e-04 
1.000000e+00 -2.000000e-02 2.000000e-04 4.000000e-02 -8.000000e-04 8.000000e-04 
1.000000e+00 -2.000000e-02 2.000000e-04 6.000000e-02 -1.200000e-03 1.800000e-03 
1.000000e+00 0.000000e+00 0.000000e+00 -6.000000e-02 -0.000000e+00 1.800000e-03 
1.000000e+00 0.000000e+00 0.000000e+00 -4.000000e-02 -0.000000e+00 8.000000e-04 
1.000000e+00 0.000000e+00 0.000000e+00 -2.000000e-02 -0.000000e+00 2.000000e-04 
1.000000e+00 0.000000e+00 0.000000e+00 0.000000e+00 0.000000e+00 0.000000e+00 
1.000000e+00 0.000000e+00 0.000000e+00 2.000000e-02 0.000000e+00 2.000000e-04 
1.000000e+00 0.000000e+00 0.000000e+00 4.000000e-02 0.000000e+00 8.000000e-04 
1.000000e+00 0.000000e+00 0.000000e+00 6.000000e-02 0.000000e+00 1.800000e-03 
1.000000e+00 2.000000e-02 2.000000e-04 -6.000000e-02 -1.200000e-03 1.800000e-03 
1.000000e+00 2.000000e-02 2.000000e-04 -4.000000e-02 -8.000000e-04 8.000000e-04 
1.000000e+00 2.000000e-02 2.000000e-04 -2.000000e-02 -4.000000e-04 2.000000e-04 
1.000000e+00 2.000000e-02 2.000000e-04 0.000000e+00 0.000000e+00 0.000000e+00 
1.000000e+00 2.000000e-02 2.000000e-04 2.000000e-02 4.000000e-04 2.000000e-04 
1.000000e+00 2.000000e-02 2.000000e-04 4.000000e-02 8.000000e-04 8.000000e-04 
1.000000e+00 2.000000e-02 2.000000e-04 6.000000e-02 1.200000e-03 1.800000e-03 
1.000000e+00 4.000000e-02 8.000000e-04 -4.000000e-02 -1.600000e-03 8.000000e-04 
1.000000e+00 4.000000e-02 8.000000e-04 -2.000000e-02 -8.000000e-04 2.000000e-04 
1.000000e+00 4.000000e-02 8.000000e-04 0.000000e+00 0.000000e+00 0.000000e+00 
1.000000e+00 4.000000e-02 8.000000e-04 2.000000e-02 8.000000e-04 2.000000e-04 
1.000000e+00 4.000000e-02 8.000000e-04 4.000000e-02 1.600000e-03 8.000000e-04 
1.000000e+00 6.000000e-02 1.800000e-03 -2.000000e-02 -1.200000e-03 2.000000e-04 
1.000000e+00 6.000000e-02 1.800000e-03 0.000000e+00 0.000000e+00 0.000000e+00 
1.000000e+00 6.000000e-02 1.800000e-03 2.000000e-02 1.200000e-03 2.000000e-04 
W Matrix
7.461796e-03 0 0 0 0 0 0 0 0 0 0 0 0 0 0 0 0 0 0 0 0 0 0 0 0 0 0 0 0 0 0 0 0 0 0 0 0 
0 1.217752e-02 0 0 0 0 0 0 0 0 0 0 0 0 0 0 0 0 0 0 0 0 0 0 0 0 0 0 0 0 0 0 0 0 0 0 0 
0 0 7.461796e-03 0 0 0 0 0 0 0 0 0 0 0 0 0 0 0 0 0 0 0 0 0 0 0 0 0 0 0 0 0 0 0 0 0 0 
0 0 0 1.987351e-02 0 0 0 0 0 0 0 0 0 0 0 0 0 0 0 0 0 0 0 0 0 0 0 0 0 0 0 0 0 0 0 0 0 
0 0 0 0 8.638169e-02 0 0 0 0 0 0 0 0 0 0 0 0 0 0 0 0 0 0 0 0 0 0 0 0 0 0 0 0 0 0 0 0 
0 0 0 0 0 1.409735e-01 0 0 0 0 0 0 0 0 0 0 0 0 0 0 0 0 0 0 0 0 0 0 0 0 0 0 0 0 0 0 0 
0 0 0 0 0 0 8.638169e-02 0 0 0 0 0 0 0 0 0 0 0 0 0 0 0 0 0 0 0 0 0 0 0 0 0 0 0 0 0 0 
0 0 0 0 0 0 0 1.987351e-02 0 0 0 0 0 0 0 0 0 0 0 0 0 0 0 0 0 0 0 0 0 0 0 0 0 0 0 0 0 
0 0 0 0 0 0 0 0 7.461796e-03 0 0 0 0 0 0 0 0 0 0 0 0 0 0 0 0 0 0 0 0 0 0 0 0 0 0 0 0 
0 0 0 0 0 0 0 0 0 8.638169e-02 0 0 0 0 0 0 0 0 0 0 0 0 0 0 0 0 0 0 0 0 0 0 0 0 0 0 0 
0 0 0 0 0 0 0 0 0 0 3.754643e-01 0 0 0 0 0 0 0 0 0 0 0 0 0 0 0 0 0 0 0 0 0 0 0 0 0 0 
0 0 0 0 0 0 0 0 0 0 0 6.127514e-01 0 0 0 0 0 0 0 0 0 0 0 0 0 0 0 0 0 0 0 0 0 0 0 0 0 
0 0 0 0 0 0 0 0 0 0 0 0 3.754643e-01 0 0 0 0 0 0 0 0 0 0 0 0 0 0 0 0 0 0 0 0 0 0 0 0 
0 0 0 0 0 0 0 0 0 0 0 0 0 8.638169e-02 0 0 0 0 0 0 0 0 0 0 0 0 0 0 0 0 0 0 0 0 0 0 0 
0 0 0 0 0 0 0 0 0 0 0 0 0 0 7.461796e-03 0 0 0 0 0 0 0 0 0 0 0 0 0 0 0 0 0 0 0 0 0 0 
0 0 0 0 0 0 0 0 0 0 0 0 0 0 0 1.217752e-02 0 0 0 0 0 0 0 0 0 0 0 0 0 0 0 0 0 0 0 0 0 
0 0 0 0 0 0 0 0 0 0 0 0 0 0 0 0 1.409735e-01 0 0 0 0 0 0 0 0 0 0 0 0 0 0 0 0 0 0 0 0 
0 0 0 0 0 0 0 0 0 0 0 0 0 0 0 0 0 6.127514e-01 0 0 0 0 0 0 0 0 0 0 0 0 0 0 0 0 0 0 0 
0 0 0 0 0 0 0 0 0 0 0 0 0 0 0 0 0 0 1.000000e+00 0 0 0 0 0 0 0 0 0 0 0 0 0 0 0 0 0 0 
0 0 0 0 0 0 0 0 0 0 0 0 0 0 0 0 0 0 0 6.127514e-01 0 0 0 0 0 0 0 0 0 0 0 0 0 0 0 0 0 
0 0 0 0 0 0 0 0 0 0 0 0 0 0 0 0 0 0 0 0 1.409735e-01 0 0 0 0 0 0 0 0 0 0 0 0 0 0 0 0 
0 0 0 0 0 0 0 0 0 0 0 0 0 0 0 0 0 0 0 0 0 1.217752e-02 0 0 0 0 0 0 0 0 0 0 0 0 0 0 0 
0 0 0 0 0 0 0 0 0 0 0 0 0 0 0 0 0 0 0 0 0 0 7.461796e-03 0 0 0 0 0 0 0 0 0 0 0 0 0 0 
0 0 0 0 0 0 0 0 0 0 0 0 0 0 0 0 0 0 0 0 0 0 0 8.638169e-02 0 0 0 0 0 0 0 0 0 0 0 0 0 
0 0 0 0 0 0 0 0 0 0 0 0 0 0 0 0 0 0 0 0 0 0 0 0 3.754643e-01 0 0 0 0 0 0 0 0 0 0 0 0 
0 0 0 0 0 0 0 0 0 0 0 0 0 0 0 0 0 0 0 0 0 0 0 0 0 6.127514e-01 0 0 0 0 0 0 0 0 0 0 0 
0 0 0 0 0 0 0 0 0 0 0 0 0 0 0 0 0 0 0 0 0 0 0 0 0 0 3.754643e-01 0 0 0 0 0 0 0 0 0 0 
0 0 0 0 0 0 0 0 0 0 0 0 0 0 0 0 0 0 0 0 0 0 0 0 0 0 0 8.638169e-02 0 0 0 0 0 0 0 0 0 
0 0 0 0 0 0 0 0 0 0 0 0 0 0 0 0 0 0 0 0 0 0 0 0 0 0 0 0 7.461796e-03 0 0 0 0 0 0 0 0 
0 0 0 0 0 0 0 0 0 0 0 0 0 0 0 0 0 0 0 0 0 0 0 0 0 0 0 0 0 1.987351e-02 0 0 0 0 0 0 0 
0 0 0 0 0 0 0 0 0 0 0 0 0 0 0 0 0 0 0 0 0 0 0 0 0 0 0 0 0 0 8.638169e-02 0 0 0 0 0 0 
0 0 0 0 0 0 0 0 0 0 0 0 0 0 0 0 0 0 0 0 0 0 0 0 0 0 0 0 0 0 0 1.409735e-01 0 0 0 0 0 
0 0 0 0 0 0 0 0 0 0 0 0 0 0 0 0 0 0 0 0 0 0 0 0 0 0 0 0 0 0 0 0 8.638169e-02 0 0 0 0 
0 0 0 0 0 0 0 0 0 0 0 0 0 0 0 0 0 0 0 0 0 0 0 0 0 0 0 0 0 0 0 0 0 1.987351e-02 0 0 0 
0 0 0 0 0 0 0 0 0 0 0 0 0 0 0 0 0 0 0 0 0 0 0 0 0 0 0 0 0 0 0 0 0 0 7.461796e-03 0 0 
0 0 0 0 0 0 0 0 0 0 0 0 0 0 0 0 0 0 0 0 0 0 0 0 0 0 0 0 0 0 0 0 0 0 0 1.217752e-02 0 
0 0 0 0 0 0 0 0 0 0 0 0 0 0 0 0 0 0 0 0 0 0 0 0 0 0 0 0 0 0 0 0 0 0 0 0 7.461796e-03 
Identity Matrix
1.000000e+00 -6.694093e-25 5.826450e-13 5.450587e-25 -6.565847e-26 0.000000e+00 
7.703720e-34 1.000000e+00 -4.437343e-30 -7.456222e-42 -9.537719e-29 0.000000e+00 
6.776264e-20 -1.220251e-28 1.000000e+00 1.200070e-28 -1.514551e-29 0.000000e+00 
3.081488e-33 -1.898785e-32 7.888609e-31 1.000000e+00 5.993643e-29 0.000000e+00 
-1.504633e-36 1.386772e-31 -7.703720e-34 -7.951125e-32 1.000000e+00 0.000000e+00 
5.421011e-20 -3.976756e-29 0.000000e+00 4.652430e-29 -6.076694e-30 1.000000e+00 
MTWMINvMTW Matrix
-3.822168e-03 -5.219092e-03 -3.822168e-03 -6.855099e-03 -8.119335e-03 -1.458529e-03 -8.119335e-03 -6.855099e-03 -3.822168e-03 -8.119335e-03 5.892876e-02 1.474259e-01 5.892876e-02 -8.119335e-03 -3.822168e-03 -5.219092e-03 -1.458529e-03 1.474259e-01 3.242442e-01 1.474259e-01 -1.458529e-03 -5.219092e-03 -3.822168e-03 -8.119335e-03 5.892876e-02 1.474259e-01 5.892876e-02 -8.119335e-03 -3.822168e-03 -6.855099e-03 -8.119335e-03 -1.458529e-03 -8.119335e-03 -6.855099e-03 -3.822168e-03 -5.219092e-03 -3.822168e-03 
-1.743838e-01 -2.845914e-01 -1.743838e-01 -3.096323e-01 -1.345839e+00 -2.196387e+00 -1.345839e+00 -3.096323e-01 -5.812793e-02 -6.729196e-01 -2.924894e+00 -4.773378e+00 -2.924894e+00 -6.729196e-01 -5.812793e-02 7.115928e-17 8.862568e-16 4.015123e-15 6.641253e-15 4.015123e-15 8.862568e-16 7.115928e-17 5.812793e-02 6.729196e-01 2.924894e+00 4.773378e+00 2.924894e+00 6.729196e-01 5.812793e-02 3.096323e-01 1.345839e+00 2.196387e+00 1.345839e+00 3.096323e-01 1.743838e-01 2.845914e-01 1.743838e-01 
2.415174e+01 3.926932e+01 2.415174e+01 2.481790e+01 1.047676e+02 1.692897e+02 1.047676e+02 2.481790e+01 7.042523e-01 2.977383e+00 -5.557746e-01 -8.249409e+00 -5.557746e-01 2.977383e+00 7.042523e-01 -3.779830e+00 -5.220349e+01 -2.489335e+02 -4.182379e+02 -2.489335e+02 -5.220349e+01 -3.779830e+00 7.042523e-01 2.977383e+00 -5.557746e-01 -8.249409e+00 -5.557746e-01 2.977383e+00 7.042523e-01 2.481790e+01 1.047676e+02 1.692897e+02 1.047676e+02 2.481790e+01 2.415174e+01 3.926932e+01 2.415174e+01 
-5.812793e-02 -2.975059e-18 5.812793e-02 -3.096323e-01 -6.729196e-01 -2.772426e-16 6.729196e-01 3.096323e-01 -1.743838e-01 -1.345839e+00 -2.924894e+00 -1.833229e-15 2.924894e+00 1.345839e+00 1.743838e-01 -2.845914e-01 -2.196387e+00 -4.773378e+00 -3.319815e-15 4.773378e+00 2.196387e+00 2.845914e-01 -1.743838e-01 -1.345839e+00 -2.924894e+00 -1.808032e-15 2.924894e+00 1.345839e+00 1.743838e-01 -3.096323e-01 -6.729196e-01 -2.656484e-16 6.729196e-01 3.096323e-01 -5.812793e-02 -1.472770e-18 5.812793e-02 
9.211752e+00 1.415878e-14 -9.211752e+00 3.271239e+01 7.109340e+01 1.092654e-13 -7.109340e+01 -3.271239e+01 9.211752e+00 7.109340e+01 1.545063e+02 2.363366e-13 -1.545063e+02 -7.109340e+01 -9.211752e+00 -7.599850e-15 -6.129958e-14 -1.400849e-13 -5.444760e-15 1.438027e-13 6.932636e-14 9.325685e-15 -9.211752e+00 -7.109340e+01 -1.545063e+02 -2.440886e-13 1.545063e+02 7.109340e+01 9.211752e+00 -3.271239e+01 -7.109340e+01 -1.117939e-13 7.109340e+01 3.271239e+01 -9.211752e+00 -1.448444e-14 9.211752e+00 
7.042523e-01 -3.779830e+00 7.042523e-01 2.481790e+01 2.977383e+00 -5.220349e+01 2.977383e+00 2.481790e+01 2.415174e+01 1.047676e+02 -5.557746e-01 -2.489335e+02 -5.557746e-01 1.047676e+02 2.415174e+01 3.926932e+01 1.692897e+02 -8.249409e+00 -4.182379e+02 -8.249409e+00 1.692897e+02 3.926932e+01 2.415174e+01 1.047676e+02 -5.557746e-01 -2.489335e+02 -5.557746e-01 1.047676e+02 2.415174e+01 2.481790e+01 2.977383e+00 -5.220349e+01 2.977383e+00 2.481790e+01 7.042523e-01 -3.779830e+00 7.042523e-01 
Number of (Rows, Cols) = (15,6)
Neighbour Type
Left Left Left Left Left Left Left Left Left Left Left Left Left Left Left 
M Matrix
1.000000e+00 -6.000000e-02 1.800000e-03 -2.000000e-02 1.200000e-03 2.000000e-04 
1.000000e+00 -6.000000e-02 1.800000e-03 0.000000e+00 -0.000000e+00 0.000000e+00 
1.000000e+00 -6.000000e-02 1.800000e-03 2.000000e-02 -1.200000e-03 2.000000e-04 
1.000000e+00 -4.000000e-02 8.000000e-04 -4.000000e-02 1.600000e-03 8.000000e-04 
1.000000e+00 -4.000000e-02 8.000000e-04 -2.000000e-02 8.000000e-04 2.000000e-04 
1.000000e+00 -4.000000e-02 8.000000e-04 0.000000e+00 -0.000000e+00 0.000000e+00 
1.000000e+00 -4.000000e-02 8.000000e-04 2.000000e-02 -8.000000e-04 2.000000e-04 
1.000000e+00 -4.000000e-02 8.000000e-04 4.000000e-02 -1.600000e-03 8.000000e-04 
1.000000e+00 -2.000000e-02 2.000000e-04 -6.000000e-02 1.200000e-03 1.800000e-03 
1.000000e+00 -2.000000e-02 2.000000e-04 -4.000000e-02 8.000000e-04 8.000000e-04 
1.000000e+00 -2.000000e-02 2.000000e-04 -2.000000e-02 4.000000e-04 2.000000e-04 
1.000000e+00 -2.000000e-02 2.000000e-04 0.000000e+00 -0.000000e+00 0.000000e+00 
1.000000e+00 -2.000000e-02 2.000000e-04 2.000000e-02 -4.000000e-04 2.000000e-04 
1.000000e+00 -2.000000e-02 2.000000e-04 4.000000e-02 -8.000000e-04 8.000000e-04 
1.000000e+00 -2.000000e-02 2.000000e-04 6.000000e-02 -1.200000e-03 1.800000e-03 
W Matrix
7.461796e-03 0 0 0 0 0 0 0 0 0 0 0 0 0 0 
0 1.217752e-02 0 0 0 0 0 0 0 0 0 0 0 0 0 
0 0 7.461796e-03 0 0 0 0 0 0 0 0 0 0 0 0 
0 0 0 1.987351e-02 0 0 0 0 0 0 0 0 0 0 0 
0 0 0 0 8.638169e-02 0 0 0 0 0 0 0 0 0 0 
0 0 0 0 0 1.409735e-01 0 0 0 0 0 0 0 0 0 
0 0 0 0 0 0 8.638169e-02 0 0 0 0 0 0 0 0 
0 0 0 0 0 0 0 1.987351e-02 0 0 0 0 0 0 0 
0 0 0 0 0 0 0 0 7.461796e-03 0 0 0 0 0 0 
0 0 0 0 0 0 0 0 0 8.638169e-02 0 0 0 0 0 
0 0 0 0 0 0 0 0 0 0 3.754643e-01 0 0 0 0 
0 0 0 0 0 0 0 0 0 0 0 6.127514e-01 0 0 0 
0 0 0 0 0 0 0 0 0 0 0 0 3.754643e-01 0 0 
0 0 0 0 0 0 0 0 0 0 0 0 0 8.638169e-02 0 
0 0 0 0 0 0 0 0 0 0 0 0 0 0 7.461796e-03 
Identity Matrix
9.965862e-01 -2.425714e-01 -7.379118e+00 7.141185e-16 2.846063e-15 -3.248320e-02 
-5.413399e-05 9.961534e-01 -1.170153e-01 1.132422e-17 4.513179e-17 -5.151063e-04 
3.436093e-07 2.441589e-05 1.000743e+00 -7.187919e-20 -2.864689e-19 3.269578e-06 
2.472881e-20 1.757158e-18 5.345344e-17 1.000000e+00 -6.960953e-29 2.353044e-19 
-1.611873e-22 -1.145351e-20 -3.484202e-19 6.791601e-32 1.000000e+00 -1.533761e-21 
-5.828612e-10 -4.141644e-08 -1.259904e-06 1.219280e-22 4.859345e-22 1.000000e+00 
MTWMINvMTW Matrix
2.725415e-01 4.474238e-01 2.725415e-01 -1.808861e-01 -7.300417e-01 -1.160847e+00 -7.300417e-01 -1.808861e-01 1.468348e-03 1.106530e-01 7.252077e-01 1.316395e+00 7.252077e-01 1.106530e-01 1.468348e-03 
2.052437e+01 3.343100e+01 2.052437e+01 -1.085497e+01 -4.855289e+01 -7.998330e+01 -4.855289e+01 -1.085497e+01 9.134084e-01 8.289160e+00 3.007045e+01 4.583280e+01 3.007045e+01 8.289160e+00 9.134084e-01 
6.847754e+02 1.114958e+03 6.847754e+02 -2.661884e+02 -1.211996e+03 -2.007871e+03 -1.211996e+03 -2.661884e+02 2.457681e+01 1.928666e+02 5.992974e+02 8.480224e+02 5.992974e+02 1.928666e+02 2.457681e+01 
2.289035e+00 -5.279100e-15 -2.289035e+00 4.893489e+00 1.063495e+01 3.262039e-14 -1.063495e+01 -4.893489e+00 -1.355113e+00 -1.045833e+01 -2.272896e+01 -1.814867e-14 2.272896e+01 1.045833e+01 1.355113e+00 
1.045019e+02 -2.216095e-13 -1.045019e+02 2.494428e+02 5.421107e+02 1.420480e-12 -5.421107e+02 -2.494428e+02 -3.253506e+01 -2.510954e+02 -5.457022e+02 -4.971949e-13 5.457022e+02 2.510954e+02 3.253506e+01 
4.635072e+00 -9.225814e+00 4.635072e+00 8.388273e+01 7.297423e+00 -1.824626e+02 7.297423e+00 8.388273e+01 8.214057e+01 3.553942e+02 -8.305355e+00 -8.584059e+02 -8.305355e+00 3.553942e+02 8.214057e+01 
Number of (Rows, Cols) = (15,6)
Neighbour Type
Right Right Right Right Right Right Right Right Right Right Right Right Right Right Right 
M Matrix
1.000000e+00 2.000000e-02 2.000000e-04 -6.000000e-02 -1.200000e-03 1.800000e-03 
1.000000e+00 2.000000e-02 2.000000e-04 -4.000000e-02 -8.000000e-04 8.000000e-04 
1.000000e+00 2.000000e-02 2.000000e-04 -2.000000e-02 -4.000000e-04 2.000000e-04 
1.000000e+00 2.000000e-02 2.000000e-04 0.000000e+00 0.000000e+00 0.000000e+00 
1.000000e+00 2.000000e-02 2.000000e-04 2.000000e-02 4.000000e-04 2.000000e-04 
1.000000e+00 2.000000e-02 2.000000e-04 4.000000e-02 8.000000e-04 8.000000e-04 
1.000000e+00 2.000000e-02 2.000000e-04 6.000000e-02 1.200000e-03 1.800000e-03 
1.000000e+00 4.000000e-02 8.000000e-04 -4.000000e-02 -1.600000e-03 8.000000e-04 
1.000000e+00 4.000000e-02 8.000000e-04 -2.000000e-02 -8.000000e-04 2.000000e-04 
1.000000e+00 4.000000e-02 8.000000e-04 0.000000e+00 0.000000e+00 0.000000e+00 
1.000000e+00 4.000000e-02 8.000000e-04 2.000000e-02 8.000000e-04 2.000000e-04 
1.000000e+00 4.000000e-02 8.000000e-04 4.000000e-02 1.600000e-03 8.000000e-04 
1.000000e+00 6.000000e-02 1.800000e-03 -2.000000e-02 -1.200000e-03 2.000000e-04 
1.000000e+00 6.000000e-02 1.800000e-03 0.000000e+00 0.000000e+00 0.000000e+00 
1.000000e+00 6.000000e-02 1.800000e-03 2.000000e-02 1.200000e-03 2.000000e-04 
W Matrix
7.461796e-03 0 0 0 0 0 0 0 0 0 0 0 0 0 0 
0 8.638169e-02 0 0 0 0 0 0 0 0 0 0 0 0 0 
0 0 3.754643e-01 0 0 0 0 0 0 0 0 0 0 0 0 
0 0 0 6.127514e-01 0 0 0 0 0 0 0 0 0 0 0 
0 0 0 0 3.754643e-01 0 0 0 0 0 0 0 0 0 0 
0 0 0 0 0 8.638169e-02 0 0 0 0 0 0 0 0 0 
0 0 0 0 0 0 7.461796e-03 0 0 0 0 0 0 0 0 
0 0 0 0 0 0 0 1.987351e-02 0 0 0 0 0 0 0 
0 0 0 0 0 0 0 0 8.638169e-02 0 0 0 0 0 0 
0 0 0 0 0 0 0 0 0 1.409735e-01 0 0 0 0 0 
0 0 0 0 0 0 0 0 0 0 8.638169e-02 0 0 0 0 
0 0 0 0 0 0 0 0 0 0 0 1.987351e-02 0 0 0 
0 0 0 0 0 0 0 0 0 0 0 0 7.461796e-03 0 0 
0 0 0 0 0 0 0 0 0 0 0 0 0 1.217752e-02 0 
0 0 0 0 0 0 0 0 0 0 0 0 0 0 7.461796e-03 
Identity Matrix
9.965862e-01 2.425714e-01 -7.379118e+00 -1.813770e-16 6.852460e-15 -3.248320e-02 
5.413399e-05 9.961534e-01 1.170153e-01 2.876208e-18 -1.086637e-16 5.151063e-04 
3.436093e-07 -2.441589e-05 1.000743e+00 1.825640e-20 -6.897305e-19 3.269578e-06 
-8.207781e-20 5.832212e-18 -1.774182e-16 1.000000e+00 4.646645e-29 -7.810028e-19 
-5.574229e-22 3.960886e-20 -1.204917e-18 5.551115e-17 1.000000e+00 -5.304099e-21 
-5.828612e-10 4.141644e-08 -1.259904e-06 -3.096816e-23 1.169983e-21 1.000000e+00 
MTWMINvMTW Matrix
1.468348e-03 1.106530e-01 7.252077e-01 1.316395e+00 7.252077e-01 1.106530e-01 1.468348e-03 -1.808861e-01 -7.300417e-01 -1.160847e+00 -7.300417e-01 -1.808861e-01 2.725415e-01 4.474238e-01 2.725415e-01 
-9.134084e-01 -8.289160e+00 -3.007045e+01 -4.583280e+01 -3.007045e+01 -8.289160e+00 -9.134084e-01 1.085497e+01 4.855289e+01 7.998330e+01 4.855289e+01 1.085497e+01 -2.052437e+01 -3.343100e+01 -2.052437e+01 
2.457681e+01 1.928666e+02 5.992974e+02 8.480224e+02 5.992974e+02 1.928666e+02 2.457681e+01 -2.661884e+02 -1.211996e+03 -2.007871e+03 -1.211996e+03 -2.661884e+02 6.847754e+02 1.114958e+03 6.847754e+02 
-1.355113e+00 -1.045833e+01 -2.272896e+01 3.529237e-14 2.272896e+01 1.045833e+01 1.355113e+00 4.893489e+00 1.063495e+01 -5.980670e-14 -1.063495e+01 -4.893489e+00 2.289035e+00 3.370379e-14 -2.289035e+00 
3.253506e+01 2.510954e+02 5.457022e+02 -1.679941e-12 -5.457022e+02 -2.510954e+02 -3.253506e+01 -2.494428e+02 -5.421107e+02 2.295730e-12 5.421107e+02 2.494428e+02 -1.045019e+02 -1.349102e-12 1.045019e+02 
8.214057e+01 3.553942e+02 -8.305355e+00 -8.584059e+02 -8.305355e+00 3.553942e+02 8.214057e+01 8.388273e+01 7.297423e+00 -1.824626e+02 7.297423e+00 8.388273e+01 4.635072e+00 -9.225814e+00 4.635072e+00 
Number of (Rows, Cols) = (15,6)
Neighbour Type
Bottom Bottom Bottom Bottom Bottom Bottom Bottom Bottom Bottom Bottom Bottom Bottom Bottom Bottom Bottom 
M Matrix
1.000000e+00 -6.000000e-02 1.800000e-03 -2.000000e-02 1.200000e-03 2.000000e-04 
1.000000e+00 -4.000000e-02 8.000000e-04 -4.000000e-02 1.600000e-03 8.000000e-04 
1.000000e+00 -4.000000e-02 8.000000e-04 -2.000000e-02 8.000000e-04 2.000000e-04 
1.000000e+00 -2.000000e-02 2.000000e-04 -6.000000e-02 1.200000e-03 1.800000e-03 
1.000000e+00 -2.000000e-02 2.000000e-04 -4.000000e-02 8.000000e-04 8.000000e-04 
1.000000e+00 -2.000000e-02 2.000000e-04 -2.000000e-02 4.000000e-04 2.000000e-04 
1.000000e+00 0.000000e+00 0.000000e+00 -6.000000e-02 -0.000000e+00 1.800000e-03 
1.000000e+00 0.000000e+00 0.000000e+00 -4.000000e-02 -0.000000e+00 8.000000e-04 
1.000000e+00 0.000000e+00 0.000000e+00 -2.000000e-02 -0.000000e+00 2.000000e-04 
1.000000e+00 2.000000e-02 2.000000e-04 -6.000000e-02 -1.200000e-03 1.800000e-03 
1.000000e+00 2.000000e-02 2.000000e-04 -4.000000e-02 -8.000000e-04 8.000000e-04 
1.000000e+00 2.000000e-02 2.000000e-04 -2.000000e-02 -4.000000e-04 2.000000e-04 
1.000000e+00 4.000000e-02 8.000000e-04 -4.000000e-02 -1.600000e-03 8.000000e-04 
1.000000e+00 4.000000e-02 8.000000e-04 -2.000000e-02 -8.000000e-04 2.000000e-04 
1.000000e+00 6.000000e-02 1.800000e-03 -2.000000e-02 -1.200000e-03 2.000000e-04 
W Matrix
7.461796e-03 0 0 0 0 0 0 0 0 0 0 0 0 0 0 
0 1.987351e-02 0 0 0 0 0 0 0 0 0 0 0 0 0 
0 0 8.638169e-02 0 0 0 0 0 0 0 0 0 0 0 0 
0 0 0 7.461796e-03 0 0 0 0 0 0 0 0 0 0 0 
0 0 0 0 8.638169e-02 0 0 0 0 0 0 0 0 0 0 
0 0 0 0 0 3.754643e-01 0 0 0 0 0 0 0 0 0 
0 0 0 0 0 0 1.217752e-02 0 0 0 0 0 0 0 0 
0 0 0 0 0 0 0 1.409735e-01 0 0 0 0 0 0 0 
0 0 0 0 0 0 0 0 6.127514e-01 0 0 0 0 0 0 
0 0 0 0 0 0 0 0 0 7.461796e-03 0 0 0 0 0 
0 0 0 0 0 0 0 0 0 0 8.638169e-02 0 0 0 0 
0 0 0 0 0 0 0 0 0 0 0 3.754643e-01 0 0 0 
0 0 0 0 0 0 0 0 0 0 0 0 1.987351e-02 0 0 
0 0 0 0 0 0 0 0 0 0 0 0 0 8.638169e-02 0 
0 0 0 0 0 0 0 0 0 0 0 0 0 0 7.461796e-03 
Identity Matrix
9.965835e-01 -7.142887e-16 1.342466e-02 -2.420731e-01 -1.332136e-14 -7.362075e+00 
-3.909785e-20 1.000000e+00 1.536303e-19 -2.770258e-18 -3.475245e-27 -8.425075e-17 
-8.530699e-07 -1.783525e-19 1.000003e+00 -6.044382e-05 -3.326241e-18 -1.838254e-03 
-5.447696e-05 -1.138957e-17 2.140607e-04 9.961401e-01 -2.124134e-16 -1.173907e-01 
1.451524e-21 2.552953e-30 -5.703591e-21 1.028470e-19 1.000000e+00 3.127845e-18 
3.465576e-07 7.245526e-20 -1.361757e-06 2.455516e-05 1.351278e-18 1.000747e+00 
MTWMINvMTW Matrix
1.538873e-03 -1.808149e-01 1.109584e-01 2.725480e-01 -7.300388e-01 7.252020e-01 4.474198e-01 -1.161009e+00 1.315661e+00 2.725480e-01 -7.300388e-01 7.252020e-01 -1.808149e-01 1.109584e-01 1.538873e-03 
-1.355113e+00 4.893489e+00 -1.045833e+01 2.289035e+00 1.063495e+01 -2.272896e+01 2.698418e-14 -7.134079e-14 8.333640e-14 -2.289035e+00 -1.063495e+01 2.272896e+01 -4.893489e+00 1.045833e+01 1.355113e+00 
8.213985e+01 8.389557e+01 3.553870e+02 4.607524e+00 7.353848e+00 -8.334253e+00 -9.270743e+00 -1.823702e+02 -8.584516e+02 4.607524e+00 7.353848e+00 -8.334253e+00 8.389557e+01 3.553870e+02 8.213985e+01 
9.183006e-01 -1.084983e+01 8.310279e+00 2.052441e+01 -4.855186e+01 3.006962e+01 3.343006e+01 -7.999320e+01 4.578107e+01 2.052441e+01 -4.855186e+01 3.006962e+01 -1.084983e+01 8.310279e+00 9.183006e-01 
-3.253506e+01 2.494428e+02 -2.510954e+02 1.045019e+02 5.421107e+02 -5.457022e+02 1.054306e-12 -3.015117e-12 2.648276e-12 -1.045019e+02 -5.421107e+02 5.457022e+02 -2.494428e+02 2.510954e+02 3.253506e+01 
2.472247e+01 -2.660348e+02 1.934952e+02 6.847754e+02 -1.211963e+03 5.992717e+02 1.114928e+03 -2.008162e+03 8.464799e+02 6.847754e+02 -1.211963e+03 5.992717e+02 -2.660348e+02 1.934952e+02 2.472247e+01 
Number of (Rows, Cols) = (15,6)
Neighbour Type
Top Top Top Top Top Top Top Top Top Top Top Top Top Top Top 
M Matrix
1.000000e+00 -6.000000e-02 1.800000e-03 2.000000e-02 -1.200000e-03 2.000000e-04 
1.000000e+00 -4.000000e-02 8.000000e-04 2.000000e-02 -8.000000e-04 2.000000e-04 
1.000000e+00 -4.000000e-02 8.000000e-04 4.000000e-02 -1.600000e-03 8.000000e-04 
1.000000e+00 -2.000000e-02 2.000000e-04 2.000000e-02 -4.000000e-04 2.000000e-04 
1.000000e+00 -2.000000e-02 2.000000e-04 4.000000e-02 -8.000000e-04 8.000000e-04 
1.000000e+00 -2.000000e-02 2.000000e-04 6.000000e-02 -1.200000e-03 1.800000e-03 
1.000000e+00 0.000000e+00 0.000000e+00 2.000000e-02 0.000000e+00 2.000000e-04 
1.000000e+00 0.000000e+00 0.000000e+00 4.000000e-02 0.000000e+00 8.000000e-04 
1.000000e+00 0.000000e+00 0.000000e+00 6.000000e-02 0.000000e+00 1.800000e-03 
1.000000e+00 2.000000e-02 2.000000e-04 2.000000e-02 4.000000e-04 2.000000e-04 
1.000000e+00 2.000000e-02 2.000000e-04 4.000000e-02 8.000000e-04 8.000000e-04 
1.000000e+00 2.000000e-02 2.000000e-04 6.000000e-02 1.200000e-03 1.800000e-03 
1.000000e+00 4.000000e-02 8.000000e-04 2.000000e-02 8.000000e-04 2.000000e-04 
1.000000e+00 4.000000e-02 8.000000e-04 4.000000e-02 1.600000e-03 8.000000e-04 
1.000000e+00 6.000000e-02 1.800000e-03 2.000000e-02 1.200000e-03 2.000000e-04 
W Matrix
7.461796e-03 0 0 0 0 0 0 0 0 0 0 0 0 0 0 
0 8.638169e-02 0 0 0 0 0 0 0 0 0 0 0 0 0 
0 0 1.987351e-02 0 0 0 0 0 0 0 0 0 0 0 0 
0 0 0 3.754643e-01 0 0 0 0 0 0 0 0 0 0 0 
0 0 0 0 8.638169e-02 0 0 0 0 0 0 0 0 0 0 
0 0 0 0 0 7.461796e-03 0 0 0 0 0 0 0 0 0 
0 0 0 0 0 0 6.127514e-01 0 0 0 0 0 0 0 0 
0 0 0 0 0 0 0 1.409735e-01 0 0 0 0 0 0 0 
0 0 0 0 0 0 0 0 1.217752e-02 0 0 0 0 0 0 
0 0 0 0 0 0 0 0 0 3.754643e-01 0 0 0 0 0 
0 0 0 0 0 0 0 0 0 0 8.638169e-02 0 0 0 0 
0 0 0 0 0 0 0 0 0 0 0 7.461796e-03 0 0 0 
0 0 0 0 0 0 0 0 0 0 0 0 8.638169e-02 0 0 
0 0 0 0 0 0 0 0 0 0 0 0 0 1.987351e-02 0 
0 0 0 0 0 0 0 0 0 0 0 0 0 0 7.461796e-03 
Identity Matrix
9.965835e-01 7.145130e-16 1.342466e-02 2.420731e-01 -9.551293e-15 -7.362075e+00 
1.360174e-19 1.000000e+00 -5.344641e-19 -9.637440e-18 -2.700211e-27 2.930997e-16 
-8.530699e-07 1.784084e-19 1.000003e+00 6.044382e-05 -2.384885e-18 -1.838254e-03 
5.447696e-05 -1.139315e-17 -2.140607e-04 9.961401e-01 1.522985e-16 1.173907e-01 
-4.766490e-22 2.775558e-17 1.872936e-21 3.377272e-20 1.000000e+00 -1.027116e-18 
3.465576e-07 -7.247801e-20 -1.361757e-06 -2.455516e-05 9.688539e-19 1.000747e+00 
MTWMINvMTW Matrix
1.538873e-03 1.109584e-01 -1.808149e-01 7.252020e-01 -7.300388e-01 2.725480e-01 1.315661e+00 -1.161009e+00 4.474198e-01 7.252020e-01 -7.300388e-01 2.725480e-01 1.109584e-01 -1.808149e-01 1.538873e-03 
-1.355113e+00 -1.045833e+01 4.893489e+00 -2.272896e+01 1.063495e+01 2.289035e+00 -1.621182e-14 6.092036e-14 -3.351993e-14 2.272896e+01 -1.063495e+01 -2.289035e+00 1.045833e+01 -4.893489e+00 1.355113e+00 
8.213985e+01 3.553870e+02 8.389557e+01 -8.334253e+00 7.353848e+00 4.607524e+00 -8.584516e+02 -1.823702e+02 -9.270743e+00 -8.334253e+00 7.353848e+00 4.607524e+00 3.553870e+02 8.389557e+01 8.213985e+01 
-9.183006e-01 -8.310279e+00 1.084983e+01 -3.006962e+01 4.855186e+01 -2.052441e+01 -4.578107e+01 7.999320e+01 -3.343006e+01 -3.006962e+01 4.855186e+01 -2.052441e+01 -8.310279e+00 1.084983e+01 -9.183006e-01 
3.253506e+01 2.510954e+02 -2.494428e+02 5.457022e+02 -5.421107e+02 -1.045019e+02 1.404705e-12 -2.429526e-12 1.430225e-12 -5.457022e+02 5.421107e+02 1.045019e+02 -2.510954e+02 2.494428e+02 -3.253506e+01 
2.472247e+01 1.934952e+02 -2.660348e+02 5.992717e+02 -1.211963e+03 6.847754e+02 8.464799e+02 -2.008162e+03 1.114928e+03 5.992717e+02 -1.211963e+03 6.847754e+02 1.934952e+02 -2.660348e+02 2.472247e+01 
Number of (Rows, Cols) = (37,6)
Neighbour Type
Center Center Center Center Center Center Center Center Center Center Center Center Center Center Center Center Center Center Center Center Center Center Center Center Center Center Center Center Center Center Center Center Center Center Center Center Center 
M Matrix
1.000000e+00 -6.000000e-02 1.800000e-03 -2.000000e-02 1.200000e-03 2.000000e-04 
1.000000e+00 -6.000000e-02 1.800000e-03 0.000000e+00 -0.000000e+00 0.000000e+00 
1.000000e+00 -6.000000e-02 1.800000e-03 2.000000e-02 -1.200000e-03 2.000000e-04 
1.000000e+00 -4.000000e-02 8.000000e-04 -4.000000e-02 1.600000e-03 8.000000e-04 
1.000000e+00 -4.000000e-02 8.000000e-04 -2.000000e-02 8.000000e-04 2.000000e-04 
1.000000e+00 -4.000000e-02 8.000000e-04 0.000000e+00 -0.000000e+00 0.000000e+00 
1.000000e+00 -4.000000e-02 8.000000e-04 2.000000e-02 -8.000000e-04 2.000000e-04 
1.000000e+00 -4.000000e-02 8.000000e-04 4.000000e-02 -1.600000e-03 8.000000e-04 
1.000000e+00 -2.000000e-02 2.000000e-04 -6.000000e-02 1.200000e-03 1.800000e-03 
1.000000e+00 -2.000000e-02 2.000000e-04 -4.000000e-02 8.000000e-04 8.000000e-04 
1.000000e+00 -2.000000e-02 2.000000e-04 -2.000000e-02 4.000000e-04 2.000000e-04 
1.000000e+00 -2.000000e-02 2.000000e-04 0.000000e+00 -0.000000e+00 0.000000e+00 
1.000000e+00 -2.000000e-02 2.000000e-04 2.000000e-02 -4.000000e-04 2.000000e-04 
1.000000e+00 -2.000000e-02 2.000000e-04 4.000000e-02 -8.000000e-04 8.000000e-04 
1.000000e+00 -2.000000e-02 2.000000e-04 6.000000e-02 -1.200000e-03 1.800000e-03 
1.000000e+00 0.000000e+00 0.000000e+00 -6.000000e-02 -0.000000e+00 1.800000e-03 
1.000000e+00 0.000000e+00 0.000000e+00 -4.000000e-02 -0.000000e+00 8.000000e-04 
1.000000e+00 0.000000e+00 0.000000e+00 -2.000000e-02 -0.000000e+00 2.000000e-04 
1.000000e+00 0.000000e+00 0.000000e+00 0.000000e+00 0.000000e+00 0.000000e+00 
1.000000e+00 0.000000e+00 0.000000e+00 2.000000e-02 0.000000e+00 2.000000e-04 
1.000000e+00 0.000000e+00 0.000000e+00 4.000000e-02 0.000000e+00 8.000000e-04 
1.000000e+00 0.000000e+00 0.000000e+00 6.000000e-02 0.000000e+00 1.800000e-03 
1.000000e+00 2.000000e-02 2.000000e-04 -6.000000e-02 -1.200000e-03 1.800000e-03 
1.000000e+00 2.000000e-02 2.000000e-04 -4.000000e-02 -8.000000e-04 8.000000e-04 
1.000000e+00 2.000000e-02 2.000000e-04 -2.000000e-02 -4.000000e-04 2.000000e-04 
1.000000e+00 2.000000e-02 2.000000e-04 0.000000e+00 0.000000e+00 0.000000e+00 
1.000000e+00 2.000000e-02 2.000000e-04 2.000000e-02 4.000000e-04 2.000000e-04 
1.000000e+00 2.000000e-02 2.000000e-04 4.000000e-02 8.000000e-04 8.000000e-04 
1.000000e+00 2.000000e-02 2.000000e-04 6.000000e-02 1.200000e-03 1.800000e-03 
1.000000e+00 4.000000e-02 8.000000e-04 -4.000000e-02 -1.600000e-03 8.000000e-04 
1.000000e+00 4.000000e-02 8.000000e-04 -2.000000e-02 -8.000000e-04 2.000000e-04 
1.000000e+00 4.000000e-02 8.000000e-04 0.000000e+00 0.000000e+00 0.000000e+00 
1.000000e+00 4.000000e-02 8.000000e-04 2.000000e-02 8.000000e-04 2.000000e-04 
1.000000e+00 4.000000e-02 8.000000e-04 4.000000e-02 1.600000e-03 8.000000e-04 
1.000000e+00 6.000000e-02 1.800000e-03 -2.000000e-02 -1.200000e-03 2.000000e-04 
1.000000e+00 6.000000e-02 1.800000e-03 0.000000e+00 0.000000e+00 0.000000e+00 
1.000000e+00 6.000000e-02 1.800000e-03 2.000000e-02 1.200000e-03 2.000000e-04 
W Matrix
7.461796e-03 0 0 0 0 0 0 0 0 0 0 0 0 0 0 0 0 0 0 0 0 0 0 0 0 0 0 0 0 0 0 0 0 0 0 0 0 
0 1.217752e-02 0 0 0 0 0 0 0 0 0 0 0 0 0 0 0 0 0 0 0 0 0 0 0 0 0 0 0 0 0 0 0 0 0 0 0 
0 0 7.461796e-03 0 0 0 0 0 0 0 0 0 0 0 0 0 0 0 0 0 0 0 0 0 0 0 0 0 0 0 0 0 0 0 0 0 0 
0 0 0 1.987351e-02 0 0 0 0 0 0 0 0 0 0 0 0 0 0 0 0 0 0 0 0 0 0 0 0 0 0 0 0 0 0 0 0 0 
0 0 0 0 8.638169e-02 0 0 0 0 0 0 0 0 0 0 0 0 0 0 0 0 0 0 0 0 0 0 0 0 0 0 0 0 0 0 0 0 
0 0 0 0 0 1.409735e-01 0 0 0 0 0 0 0 0 0 0 0 0 0 0 0 0 0 0 0 0 0 0 0 0 0 0 0 0 0 0 0 
0 0 0 0 0 0 8.638169e-02 0 0 0 0 0 0 0 0 0 0 0 0 0 0 0 0 0 0 0 0 0 0 0 0 0 0 0 0 0 0 
0 0 0 0 0 0 0 1.987351e-02 0 0 0 0 0 0 0 0 0 0 0 0 0 0 0 0 0 0 0 0 0 0 0 0 0 0 0 0 0 
0 0 0 0 0 0 0 0 7.461796e-03 0 0 0 0 0 0 0 0 0 0 0 0 0 0 0 0 0 0 0 0 0 0 0 0 0 0 0 0 
0 0 0 0 0 0 0 0 0 8.638169e-02 0 0 0 0 0 0 0 0 0 0 0 0 0 0 0 0 0 0 0 0 0 0 0 0 0 0 0 
0 0 0 0 0 0 0 0 0 0 3.754643e-01 0 0 0 0 0 0 0 0 0 0 0 0 0 0 0 0 0 0 0 0 0 0 0 0 0 0 
0 0 0 0 0 0 0 0 0 0 0 6.127514e-01 0 0 0 0 0 0 0 0 0 0 0 0 0 0 0 0 0 0 0 0 0 0 0 0 0 
0 0 0 0 0 0 0 0 0 0 0 0 3.754643e-01 0 0 0 0 0 0 0 0 0 0 0 0 0 0 0 0 0 0 0 0 0 0 0 0 
0 0 0 0 0 0 0 0 0 0 0 0 0 8.638169e-02 0 0 0 0 0 0 0 0 0 0 0 0 0 0 0 0 0 0 0 0 0 0 0 
0 0 0 0 0 0 0 0 0 0 0 0 0 0 7.461796e-03 0 0 0 0 0 0 0 0 0 0 0 0 0 0 0 0 0 0 0 0 0 0 
0 0 0 0 0 0 0 0 0 0 0 0 0 0 0 1.217752e-02 0 0 0 0 0 0 0 0 0 0 0 0 0 0 0 0 0 0 0 0 0 
0 0 0 0 0 0 0 0 0 0 0 0 0 0 0 0 1.409735e-01 0 0 0 0 0 0 0 0 0 0 0 0 0 0 0 0 0 0 0 0 
0 0 0 0 0 0 0 0 0 0 0 0 0 0 0 0 0 6.127514e-01 0 0 0 0 0 0 0 0 0 0 0 0 0 0 0 0 0 0 0 
0 0 0 0 0 0 0 0 0 0 0 0 0 0 0 0 0 0 1.000000e+00 0 0 0 0 0 0 0 0 0 0 0 0 0 0 0 0 0 0 
0 0 0 0 0 0 0 0 0 0 0 0 0 0 0 0 0 0 0 6.127514e-01 0 0 0 0 0 0 0 0 0 0 0 0 0 0 0 0 0 
0 0 0 0 0 0 0 0 0 0 0 0 0 0 0 0 0 0 0 0 1.409735e-01 0 0 0 0 0 0 0 0 0 0 0 0 0 0 0 0 
0 0 0 0 0 0 0 0 0 0 0 0 0 0 0 0 0 0 0 0 0 1.217752e-02 0 0 0 0 0 0 0 0 0 0 0 0 0 0 0 
0 0 0 0 0 0 0 0 0 0 0 0 0 0 0 0 0 0 0 0 0 0 7.461796e-03 0 0 0 0 0 0 0 0 0 0 0 0 0 0 
0 0 0 0 0 0 0 0 0 0 0 0 0 0 0 0 0 0 0 0 0 0 0 8.638169e-02 0 0 0 0 0 0 0 0 0 0 0 0 0 
0 0 0 0 0 0 0 0 0 0 0 0 0 0 0 0 0 0 0 0 0 0 0 0 3.754643e-01 0 0 0 0 0 0 0 0 0 0 0 0 
0 0 0 0 0 0 0 0 0 0 0 0 0 0 0 0 0 0 0 0 0 0 0 0 0 6.127514e-01 0 0 0 0 0 0 0 0 0 0 0 
0 0 0 0 0 0 0 0 0 0 0 0 0 0 0 0 0 0 0 0 0 0 0 0 0 0 3.754643e-01 0 0 0 0 0 0 0 0 0 0 
0 0 0 0 0 0 0 0 0 0 0 0 0 0 0 0 0 0 0 0 0 0 0 0 0 0 0 8.638169e-02 0 0 0 0 0 0 0 0 0 
0 0 0 0 0 0 0 0 0 0 0 0 0 0 0 0 0 0 0 0 0 0 0 0 0 0 0 0 7.461796e-03 0 0 0 0 0 0 0 0 
0 0 0 0 0 0 0 0 0 0 0 0 0 0 0 0 0 0 0 0 0 0 0 0 0 0 0 0 0 1.987351e-02 0 0 0 0 0 0 0 
0 0 0 0 0 0 0 0 0 0 0 0 0 0 0 0 0 0 0 0 0 0 0 0 0 0 0 0 0 0 8.638169e-02 0 0 0 0 0 0 
0 0 0 0 0 0 0 0 0 0 0 0 0 0 0 0 0 0 0 0 0 0 0 0 0 0 0 0 0 0 0 1.409735e-01 0 0 0 0 0 
0 0 0 0 0 0 0 0 0 0 0 0 0 0 0 0 0 0 0 0 0 0 0 0 0 0 0 0 0 0 0 0 8.638169e-02 0 0 0 0 
0 0 0 0 0 0 0 0 0 0 0 0 0 0 0 0 0 0 0 0 0 0 0 0 0 0 0 0 0 0 0 0 0 1.987351e-02 0 0 0 
0 0 0 0 0 0 0 0 0 0 0 0 0 0 0 0 0 0 0 0 0 0 0 0 0 0 0 0 0 0 0 0 0 0 7.461796e-03 0 0 
0 0 0 0 0 0 0 0 0 0 0 0 0 0 0 0 0 0 0 0 0 0 0 0 0 0 0 0 0 0 0 0 0 0 0 1.217752e-02 0 
0 0 0 0 0 0 0 0 0 0 0 0 0 0 0 0 0 0 0 0 0 0 0 0 0 0 0 0 0 0 0 0 0 0 0 0 7.461796e-03 
Identity Matrix
1.000000e+00 -6.694093e-25 5.826450e-13 5.450587e-25 -6.565847e-26 0.000000e+00 
7.703720e-34 1.000000e+00 -4.437343e-30 -7.456222e-42 -9.537719e-29 0.000000e+00 
6.776264e-20 -1.220251e-28 1.000000e+00 1.200070e-28 -1.514551e-29 0.000000e+00 
3.081488e-33 -1.898785e-32 7.888609e-31 1.000000e+00 5.993643e-29 0.000000e+00 
-1.504633e-36 1.386772e-31 -7.703720e-34 -7.951125e-32 1.000000e+00 0.000000e+00 
5.421011e-20 -3.976756e-29 0.000000e+00 4.652430e-29 -6.076694e-30 1.000000e+00 
MTWMINvMTW Matrix
-3.822168e-03 -5.219092e-03 -3.822168e-03 -6.855099e-03 -8.119335e-03 -1.458529e-03 -8.119335e-03 -6.855099e-03 -3.822168e-03 -8.119335e-03 5.892876e-02 1.474259e-01 5.892876e-02 -8.119335e-03 -3.822168e-03 -5.219092e-03 -1.458529e-03 1.474259e-01 3.242442e-01 1.474259e-01 -1.458529e-03 -5.219092e-03 -3.822168e-03 -8.119335e-03 5.892876e-02 1.474259e-01 5.892876e-02 -8.119335e-03 -3.822168e-03 -6.855099e-03 -8.119335e-03 -1.458529e-03 -8.119335e-03 -6.855099e-03 -3.822168e-03 -5.219092e-03 -3.822168e-03 
-1.743838e-01 -2.845914e-01 -1.743838e-01 -3.096323e-01 -1.345839e+00 -2.196387e+00 -1.345839e+00 -3.096323e-01 -5.812793e-02 -6.729196e-01 -2.924894e+00 -4.773378e+00 -2.924894e+00 -6.729196e-01 -5.812793e-02 7.115928e-17 8.862568e-16 4.015123e-15 6.641253e-15 4.015123e-15 8.862568e-16 7.115928e-17 5.812793e-02 6.729196e-01 2.924894e+00 4.773378e+00 2.924894e+00 6.729196e-01 5.812793e-02 3.096323e-01 1.345839e+00 2.196387e+00 1.345839e+00 3.096323e-01 1.743838e-01 2.845914e-01 1.743838e-01 
2.415174e+01 3.926932e+01 2.415174e+01 2.481790e+01 1.047676e+02 1.692897e+02 1.047676e+02 2.481790e+01 7.042523e-01 2.977383e+00 -5.557746e-01 -8.249409e+00 -5.557746e-01 2.977383e+00 7.042523e-01 -3.779830e+00 -5.220349e+01 -2.489335e+02 -4.182379e+02 -2.489335e+02 -5.220349e+01 -3.779830e+00 7.042523e-01 2.977383e+00 -5.557746e-01 -8.249409e+00 -5.557746e-01 2.977383e+00 7.042523e-01 2.481790e+01 1.047676e+02 1.692897e+02 1.047676e+02 2.481790e+01 2.415174e+01 3.926932e+01 2.415174e+01 
-5.812793e-02 -2.975059e-18 5.812793e-02 -3.096323e-01 -6.729196e-01 -2.772426e-16 6.729196e-01 3.096323e-01 -1.743838e-01 -1.345839e+00 -2.924894e+00 -1.833229e-15 2.924894e+00 1.345839e+00 1.743838e-01 -2.845914e-01 -2.196387e+00 -4.773378e+00 -3.319815e-15 4.773378e+00 2.196387e+00 2.845914e-01 -1.743838e-01 -1.345839e+00 -2.924894e+00 -1.808032e-15 2.924894e+00 1.345839e+00 1.743838e-01 -3.096323e-01 -6.729196e-01 -2.656484e-16 6.729196e-01 3.096323e-01 -5.812793e-02 -1.472770e-18 5.812793e-02 
9.211752e+00 1.415878e-14 -9.211752e+00 3.271239e+01 7.109340e+01 1.092654e-13 -7.109340e+01 -3.271239e+01 9.211752e+00 7.109340e+01 1.545063e+02 2.363366e-13 -1.545063e+02 -7.109340e+01 -9.211752e+00 -7.599850e-15 -6.129958e-14 -1.400849e-13 -5.444760e-15 1.438027e-13 6.932636e-14 9.325685e-15 -9.211752e+00 -7.109340e+01 -1.545063e+02 -2.440886e-13 1.545063e+02 7.109340e+01 9.211752e+00 -3.271239e+01 -7.109340e+01 -1.117939e-13 7.109340e+01 3.271239e+01 -9.211752e+00 -1.448444e-14 9.211752e+00 
7.042523e-01 -3.779830e+00 7.042523e-01 2.481790e+01 2.977383e+00 -5.220349e+01 2.977383e+00 2.481790e+01 2.415174e+01 1.047676e+02 -5.557746e-01 -2.489335e+02 -5.557746e-01 1.047676e+02 2.415174e+01 3.926932e+01 1.692897e+02 -8.249409e+00 -4.182379e+02 -8.249409e+00 1.692897e+02 3.926932e+01 2.415174e+01 1.047676e+02 -5.557746e-01 -2.489335e+02 -5.557746e-01 1.047676e+02 2.415174e+01 2.481790e+01 2.977383e+00 -5.220349e+01 2.977383e+00 2.481790e+01 7.042523e-01 -3.779830e+00 7.042523e-01 
Number of (Rows, Cols) = (15,6)
Neighbour Type
Left Left Left Left Left Left Left Left Left Left Left Left Left Left Left 
M Matrix
1.000000e+00 -6.000000e-02 1.800000e-03 -2.000000e-02 1.200000e-03 2.000000e-04 
1.000000e+00 -6.000000e-02 1.800000e-03 0.000000e+00 -0.000000e+00 0.000000e+00 
1.000000e+00 -6.000000e-02 1.800000e-03 2.000000e-02 -1.200000e-03 2.000000e-04 
1.000000e+00 -4.000000e-02 8.000000e-04 -4.000000e-02 1.600000e-03 8.000000e-04 
1.000000e+00 -4.000000e-02 8.000000e-04 -2.000000e-02 8.000000e-04 2.000000e-04 
1.000000e+00 -4.000000e-02 8.000000e-04 0.000000e+00 -0.000000e+00 0.000000e+00 
1.000000e+00 -4.000000e-02 8.000000e-04 2.000000e-02 -8.000000e-04 2.000000e-04 
1.000000e+00 -4.000000e-02 8.000000e-04 4.000000e-02 -1.600000e-03 8.000000e-04 
1.000000e+00 -2.000000e-02 2.000000e-04 -6.000000e-02 1.200000e-03 1.800000e-03 
1.000000e+00 -2.000000e-02 2.000000e-04 -4.000000e-02 8.000000e-04 8.000000e-04 
1.000000e+00 -2.000000e-02 2.000000e-04 -2.000000e-02 4.000000e-04 2.000000e-04 
1.000000e+00 -2.000000e-02 2.000000e-04 0.000000e+00 -0.000000e+00 0.000000e+00 
1.000000e+00 -2.000000e-02 2.000000e-04 2.000000e-02 -4.000000e-04 2.000000e-04 
1.000000e+00 -2.000000e-02 2.000000e-04 4.000000e-02 -8.000000e-04 8.000000e-04 
1.000000e+00 -2.000000e-02 2.000000e-04 6.000000e-02 -1.200000e-03 1.800000e-03 
W Matrix
7.461796e-03 0 0 0 0 0 0 0 0 0 0 0 0 0 0 
0 1.217752e-02 0 0 0 0 0 0 0 0 0 0 0 0 0 
0 0 7.461796e-03 0 0 0 0 0 0 0 0 0 0 0 0 
0 0 0 1.987351e-02 0 0 0 0 0 0 0 0 0 0 0 
0 0 0 0 8.638169e-02 0 0 0 0 0 0 0 0 0 0 
0 0 0 0 0 1.409735e-01 0 0 0 0 0 0 0 0 0 
0 0 0 0 0 0 8.638169e-02 0 0 0 0 0 0 0 0 
0 0 0 0 0 0 0 1.987351e-02 0 0 0 0 0 0 0 
0 0 0 0 0 0 0 0 7.461796e-03 0 0 0 0 0 0 
0 0 0 0 0 0 0 0 0 8.638169e-02 0 0 0 0 0 
0 0 0 0 0 0 0 0 0 0 3.754643e-01 0 0 0 0 
0 0 0 0 0 0 0 0 0 0 0 6.127514e-01 0 0 0 
0 0 0 0 0 0 0 0 0 0 0 0 3.754643e-01 0 0 
0 0 0 0 0 0 0 0 0 0 0 0 0 8.638169e-02 0 
0 0 0 0 0 0 0 0 0 0 0 0 0 0 7.461796e-03 
Identity Matrix
9.965862e-01 -2.425714e-01 -7.379118e+00 7.141185e-16 2.846063e-15 -3.248320e-02 
-5.413399e-05 9.961534e-01 -1.170153e-01 1.132422e-17 4.513179e-17 -5.151063e-04 
3.436093e-07 2.441589e-05 1.000743e+00 -7.187919e-20 -2.864689e-19 3.269578e-06 
2.472881e-20 1.757158e-18 5.345344e-17 1.000000e+00 -6.960953e-29 2.353044e-19 
-1.611873e-22 -1.145351e-20 -3.484202e-19 6.791601e-32 1.000000e+00 -1.533761e-21 
-5.828612e-10 -4.141644e-08 -1.259904e-06 1.219280e-22 4.859345e-22 1.000000e+00 
MTWMINvMTW Matrix
2.725415e-01 4.474238e-01 2.725415e-01 -1.808861e-01 -7.300417e-01 -1.160847e+00 -7.300417e-01 -1.808861e-01 1.468348e-03 1.106530e-01 7.252077e-01 1.316395e+00 7.252077e-01 1.106530e-01 1.468348e-03 
2.052437e+01 3.343100e+01 2.052437e+01 -1.085497e+01 -4.855289e+01 -7.998330e+01 -4.855289e+01 -1.085497e+01 9.134084e-01 8.289160e+00 3.007045e+01 4.583280e+01 3.007045e+01 8.289160e+00 9.134084e-01 
6.847754e+02 1.114958e+03 6.847754e+02 -2.661884e+02 -1.211996e+03 -2.007871e+03 -1.211996e+03 -2.661884e+02 2.457681e+01 1.928666e+02 5.992974e+02 8.480224e+02 5.992974e+02 1.928666e+02 2.457681e+01 
2.289035e+00 -5.279100e-15 -2.289035e+00 4.893489e+00 1.063495e+01 3.262039e-14 -1.063495e+01 -4.893489e+00 -1.355113e+00 -1.045833e+01 -2.272896e+01 -1.814867e-14 2.272896e+01 1.045833e+01 1.355113e+00 
1.045019e+02 -2.216095e-13 -1.045019e+02 2.494428e+02 5.421107e+02 1.420480e-12 -5.421107e+02 -2.494428e+02 -3.253506e+01 -2.510954e+02 -5.457022e+02 -4.971949e-13 5.457022e+02 2.510954e+02 3.253506e+01 
4.635072e+00 -9.225814e+00 4.635072e+00 8.388273e+01 7.297423e+00 -1.824626e+02 7.297423e+00 8.388273e+01 8.214057e+01 3.553942e+02 -8.305355e+00 -8.584059e+02 -8.305355e+00 3.553942e+02 8.214057e+01 
Number of (Rows, Cols) = (15,6)
Neighbour Type
Right Right Right Right Right Right Right Right Right Right Right Right Right Right Right 
M Matrix
1.000000e+00 2.000000e-02 2.000000e-04 -6.000000e-02 -1.200000e-03 1.800000e-03 
1.000000e+00 2.000000e-02 2.000000e-04 -4.000000e-02 -8.000000e-04 8.000000e-04 
1.000000e+00 2.000000e-02 2.000000e-04 -2.000000e-02 -4.000000e-04 2.000000e-04 
1.000000e+00 2.000000e-02 2.000000e-04 0.000000e+00 0.000000e+00 0.000000e+00 
1.000000e+00 2.000000e-02 2.000000e-04 2.000000e-02 4.000000e-04 2.000000e-04 
1.000000e+00 2.000000e-02 2.000000e-04 4.000000e-02 8.000000e-04 8.000000e-04 
1.000000e+00 2.000000e-02 2.000000e-04 6.000000e-02 1.200000e-03 1.800000e-03 
1.000000e+00 4.000000e-02 8.000000e-04 -4.000000e-02 -1.600000e-03 8.000000e-04 
1.000000e+00 4.000000e-02 8.000000e-04 -2.000000e-02 -8.000000e-04 2.000000e-04 
1.000000e+00 4.000000e-02 8.000000e-04 0.000000e+00 0.000000e+00 0.000000e+00 
1.000000e+00 4.000000e-02 8.000000e-04 2.000000e-02 8.000000e-04 2.000000e-04 
1.000000e+00 4.000000e-02 8.000000e-04 4.000000e-02 1.600000e-03 8.000000e-04 
1.000000e+00 6.000000e-02 1.800000e-03 -2.000000e-02 -1.200000e-03 2.000000e-04 
1.000000e+00 6.000000e-02 1.800000e-03 0.000000e+00 0.000000e+00 0.000000e+00 
1.000000e+00 6.000000e-02 1.800000e-03 2.000000e-02 1.200000e-03 2.000000e-04 
W Matrix
7.461796e-03 0 0 0 0 0 0 0 0 0 0 0 0 0 0 
0 8.638169e-02 0 0 0 0 0 0 0 0 0 0 0 0 0 
0 0 3.754643e-01 0 0 0 0 0 0 0 0 0 0 0 0 
0 0 0 6.127514e-01 0 0 0 0 0 0 0 0 0 0 0 
0 0 0 0 3.754643e-01 0 0 0 0 0 0 0 0 0 0 
0 0 0 0 0 8.638169e-02 0 0 0 0 0 0 0 0 0 
0 0 0 0 0 0 7.461796e-03 0 0 0 0 0 0 0 0 
0 0 0 0 0 0 0 1.987351e-02 0 0 0 0 0 0 0 
0 0 0 0 0 0 0 0 8.638169e-02 0 0 0 0 0 0 
0 0 0 0 0 0 0 0 0 1.409735e-01 0 0 0 0 0 
0 0 0 0 0 0 0 0 0 0 8.638169e-02 0 0 0 0 
0 0 0 0 0 0 0 0 0 0 0 1.987351e-02 0 0 0 
0 0 0 0 0 0 0 0 0 0 0 0 7.461796e-03 0 0 
0 0 0 0 0 0 0 0 0 0 0 0 0 1.217752e-02 0 
0 0 0 0 0 0 0 0 0 0 0 0 0 0 7.461796e-03 
Identity Matrix
9.965862e-01 2.425714e-01 -7.379118e+00 -1.813770e-16 6.852460e-15 -3.248320e-02 
5.413399e-05 9.961534e-01 1.170153e-01 2.876208e-18 -1.086637e-16 5.151063e-04 
3.436093e-07 -2.441589e-05 1.000743e+00 1.825640e-20 -6.897305e-19 3.269578e-06 
-8.207781e-20 5.832212e-18 -1.774182e-16 1.000000e+00 4.646645e-29 -7.810028e-19 
-5.574229e-22 3.960886e-20 -1.204917e-18 5.551115e-17 1.000000e+00 -5.304099e-21 
-5.828612e-10 4.141644e-08 -1.259904e-06 -3.096816e-23 1.169983e-21 1.000000e+00 
MTWMINvMTW Matrix
1.468348e-03 1.106530e-01 7.252077e-01 1.316395e+00 7.252077e-01 1.106530e-01 1.468348e-03 -1.808861e-01 -7.300417e-01 -1.160847e+00 -7.300417e-01 -1.808861e-01 2.725415e-01 4.474238e-01 2.725415e-01 
-9.134084e-01 -8.289160e+00 -3.007045e+01 -4.583280e+01 -3.007045e+01 -8.289160e+00 -9.134084e-01 1.085497e+01 4.855289e+01 7.998330e+01 4.855289e+01 1.085497e+01 -2.052437e+01 -3.343100e+01 -2.052437e+01 
2.457681e+01 1.928666e+02 5.992974e+02 8.480224e+02 5.992974e+02 1.928666e+02 2.457681e+01 -2.661884e+02 -1.211996e+03 -2.007871e+03 -1.211996e+03 -2.661884e+02 6.847754e+02 1.114958e+03 6.847754e+02 
-1.355113e+00 -1.045833e+01 -2.272896e+01 3.529237e-14 2.272896e+01 1.045833e+01 1.355113e+00 4.893489e+00 1.063495e+01 -5.980670e-14 -1.063495e+01 -4.893489e+00 2.289035e+00 3.370379e-14 -2.289035e+00 
3.253506e+01 2.510954e+02 5.457022e+02 -1.679941e-12 -5.457022e+02 -2.510954e+02 -3.253506e+01 -2.494428e+02 -5.421107e+02 2.295730e-12 5.421107e+02 2.494428e+02 -1.045019e+02 -1.349102e-12 1.045019e+02 
8.214057e+01 3.553942e+02 -8.305355e+00 -8.584059e+02 -8.305355e+00 3.553942e+02 8.214057e+01 8.388273e+01 7.297423e+00 -1.824626e+02 7.297423e+00 8.388273e+01 4.635072e+00 -9.225814e+00 4.635072e+00 
Number of (Rows, Cols) = (15,6)
Neighbour Type
Bottom Bottom Bottom Bottom Bottom Bottom Bottom Bottom Bottom Bottom Bottom Bottom Bottom Bottom Bottom 
M Matrix
1.000000e+00 -6.000000e-02 1.800000e-03 -2.000000e-02 1.200000e-03 2.000000e-04 
1.000000e+00 -4.000000e-02 8.000000e-04 -4.000000e-02 1.600000e-03 8.000000e-04 
1.000000e+00 -4.000000e-02 8.000000e-04 -2.000000e-02 8.000000e-04 2.000000e-04 
1.000000e+00 -2.000000e-02 2.000000e-04 -6.000000e-02 1.200000e-03 1.800000e-03 
1.000000e+00 -2.000000e-02 2.000000e-04 -4.000000e-02 8.000000e-04 8.000000e-04 
1.000000e+00 -2.000000e-02 2.000000e-04 -2.000000e-02 4.000000e-04 2.000000e-04 
1.000000e+00 0.000000e+00 0.000000e+00 -6.000000e-02 -0.000000e+00 1.800000e-03 
1.000000e+00 0.000000e+00 0.000000e+00 -4.000000e-02 -0.000000e+00 8.000000e-04 
1.000000e+00 0.000000e+00 0.000000e+00 -2.000000e-02 -0.000000e+00 2.000000e-04 
1.000000e+00 2.000000e-02 2.000000e-04 -6.000000e-02 -1.200000e-03 1.800000e-03 
1.000000e+00 2.000000e-02 2.000000e-04 -4.000000e-02 -8.000000e-04 8.000000e-04 
1.000000e+00 2.000000e-02 2.000000e-04 -2.000000e-02 -4.000000e-04 2.000000e-04 
1.000000e+00 4.000000e-02 8.000000e-04 -4.000000e-02 -1.600000e-03 8.000000e-04 
1.000000e+00 4.000000e-02 8.000000e-04 -2.000000e-02 -8.000000e-04 2.000000e-04 
1.000000e+00 6.000000e-02 1.800000e-03 -2.000000e-02 -1.200000e-03 2.000000e-04 
W Matrix
7.461796e-03 0 0 0 0 0 0 0 0 0 0 0 0 0 0 
0 1.987351e-02 0 0 0 0 0 0 0 0 0 0 0 0 0 
0 0 8.638169e-02 0 0 0 0 0 0 0 0 0 0 0 0 
0 0 0 7.461796e-03 0 0 0 0 0 0 0 0 0 0 0 
0 0 0 0 8.638169e-02 0 0 0 0 0 0 0 0 0 0 
0 0 0 0 0 3.754643e-01 0 0 0 0 0 0 0 0 0 
0 0 0 0 0 0 1.217752e-02 0 0 0 0 0 0 0 0 
0 0 0 0 0 0 0 1.409735e-01 0 0 0 0 0 0 0 
0 0 0 0 0 0 0 0 6.127514e-01 0 0 0 0 0 0 
0 0 0 0 0 0 0 0 0 7.461796e-03 0 0 0 0 0 
0 0 0 0 0 0 0 0 0 0 8.638169e-02 0 0 0 0 
0 0 0 0 0 0 0 0 0 0 0 3.754643e-01 0 0 0 
0 0 0 0 0 0 0 0 0 0 0 0 1.987351e-02 0 0 
0 0 0 0 0 0 0 0 0 0 0 0 0 8.638169e-02 0 
0 0 0 0 0 0 0 0 0 0 0 0 0 0 7.461796e-03 
Identity Matrix
9.965835e-01 -7.142887e-16 1.342466e-02 -2.420731e-01 -1.332136e-14 -7.362075e+00 
-3.909785e-20 1.000000e+00 1.536303e-19 -2.770258e-18 -3.475245e-27 -8.425075e-17 
-8.530699e-07 -1.783525e-19 1.000003e+00 -6.044382e-05 -3.326241e-18 -1.838254e-03 
-5.447696e-05 -1.138957e-17 2.140607e-04 9.961401e-01 -2.124134e-16 -1.173907e-01 
1.451524e-21 2.552953e-30 -5.703591e-21 1.028470e-19 1.000000e+00 3.127845e-18 
3.465576e-07 7.245526e-20 -1.361757e-06 2.455516e-05 1.351278e-18 1.000747e+00 
MTWMINvMTW Matrix
1.538873e-03 -1.808149e-01 1.109584e-01 2.725480e-01 -7.300388e-01 7.252020e-01 4.474198e-01 -1.161009e+00 1.315661e+00 2.725480e-01 -7.300388e-01 7.252020e-01 -1.808149e-01 1.109584e-01 1.538873e-03 
-1.355113e+00 4.893489e+00 -1.045833e+01 2.289035e+00 1.063495e+01 -2.272896e+01 2.698418e-14 -7.134079e-14 8.333640e-14 -2.289035e+00 -1.063495e+01 2.272896e+01 -4.893489e+00 1.045833e+01 1.355113e+00 
8.213985e+01 8.389557e+01 3.553870e+02 4.607524e+00 7.353848e+00 -8.334253e+00 -9.270743e+00 -1.823702e+02 -8.584516e+02 4.607524e+00 7.353848e+00 -8.334253e+00 8.389557e+01 3.553870e+02 8.213985e+01 
9.183006e-01 -1.084983e+01 8.310279e+00 2.052441e+01 -4.855186e+01 3.006962e+01 3.343006e+01 -7.999320e+01 4.578107e+01 2.052441e+01 -4.855186e+01 3.006962e+01 -1.084983e+01 8.310279e+00 9.183006e-01 
-3.253506e+01 2.494428e+02 -2.510954e+02 1.045019e+02 5.421107e+02 -5.457022e+02 1.054306e-12 -3.015117e-12 2.648276e-12 -1.045019e+02 -5.421107e+02 5.457022e+02 -2.494428e+02 2.510954e+02 3.253506e+01 
2.472247e+01 -2.660348e+02 1.934952e+02 6.847754e+02 -1.211963e+03 5.992717e+02 1.114928e+03 -2.008162e+03 8.464799e+02 6.847754e+02 -1.211963e+03 5.992717e+02 -2.660348e+02 1.934952e+02 2.472247e+01 
Number of (Rows, Cols) = (15,6)
Neighbour Type
Top Top Top Top Top Top Top Top Top Top Top Top Top Top Top 
M Matrix
1.000000e+00 -6.000000e-02 1.800000e-03 2.000000e-02 -1.200000e-03 2.000000e-04 
1.000000e+00 -4.000000e-02 8.000000e-04 2.000000e-02 -8.000000e-04 2.000000e-04 
1.000000e+00 -4.000000e-02 8.000000e-04 4.000000e-02 -1.600000e-03 8.000000e-04 
1.000000e+00 -2.000000e-02 2.000000e-04 2.000000e-02 -4.000000e-04 2.000000e-04 
1.000000e+00 -2.000000e-02 2.000000e-04 4.000000e-02 -8.000000e-04 8.000000e-04 
1.000000e+00 -2.000000e-02 2.000000e-04 6.000000e-02 -1.200000e-03 1.800000e-03 
1.000000e+00 0.000000e+00 0.000000e+00 2.000000e-02 0.000000e+00 2.000000e-04 
1.000000e+00 0.000000e+00 0.000000e+00 4.000000e-02 0.000000e+00 8.000000e-04 
1.000000e+00 0.000000e+00 0.000000e+00 6.000000e-02 0.000000e+00 1.800000e-03 
1.000000e+00 2.000000e-02 2.000000e-04 2.000000e-02 4.000000e-04 2.000000e-04 
1.000000e+00 2.000000e-02 2.000000e-04 4.000000e-02 8.000000e-04 8.000000e-04 
1.000000e+00 2.000000e-02 2.000000e-04 6.000000e-02 1.200000e-03 1.800000e-03 
1.000000e+00 4.000000e-02 8.000000e-04 2.000000e-02 8.000000e-04 2.000000e-04 
1.000000e+00 4.000000e-02 8.000000e-04 4.000000e-02 1.600000e-03 8.000000e-04 
1.000000e+00 6.000000e-02 1.800000e-03 2.000000e-02 1.200000e-03 2.000000e-04 
W Matrix
7.461796e-03 0 0 0 0 0 0 0 0 0 0 0 0 0 0 
0 8.638169e-02 0 0 0 0 0 0 0 0 0 0 0 0 0 
0 0 1.987351e-02 0 0 0 0 0 0 0 0 0 0 0 0 
0 0 0 3.754643e-01 0 0 0 0 0 0 0 0 0 0 0 
0 0 0 0 8.638169e-02 0 0 0 0 0 0 0 0 0 0 
0 0 0 0 0 7.461796e-03 0 0 0 0 0 0 0 0 0 
0 0 0 0 0 0 6.127514e-01 0 0 0 0 0 0 0 0 
0 0 0 0 0 0 0 1.409735e-01 0 0 0 0 0 0 0 
0 0 0 0 0 0 0 0 1.217752e-02 0 0 0 0 0 0 
0 0 0 0 0 0 0 0 0 3.754643e-01 0 0 0 0 0 
0 0 0 0 0 0 0 0 0 0 8.638169e-02 0 0 0 0 
0 0 0 0 0 0 0 0 0 0 0 7.461796e-03 0 0 0 
0 0 0 0 0 0 0 0 0 0 0 0 8.638169e-02 0 0 
0 0 0 0 0 0 0 0 0 0 0 0 0 1.987351e-02 0 
0 0 0 0 0 0 0 0 0 0 0 0 0 0 7.461796e-03 
Identity Matrix
9.965835e-01 7.145130e-16 1.342466e-02 2.420731e-01 -9.551293e-15 -7.362075e+00 
1.360174e-19 1.000000e+00 -5.344641e-19 -9.637440e-18 -2.700211e-27 2.930997e-16 
-8.530699e-07 1.784084e-19 1.000003e+00 6.044382e-05 -2.384885e-18 -1.838254e-03 
5.447696e-05 -1.139315e-17 -2.140607e-04 9.961401e-01 1.522985e-16 1.173907e-01 
-4.766490e-22 2.775558e-17 1.872936e-21 3.377272e-20 1.000000e+00 -1.027116e-18 
3.465576e-07 -7.247801e-20 -1.361757e-06 -2.455516e-05 9.688539e-19 1.000747e+00 
MTWMINvMTW Matrix
1.538873e-03 1.109584e-01 -1.808149e-01 7.252020e-01 -7.300388e-01 2.725480e-01 1.315661e+00 -1.161009e+00 4.474198e-01 7.252020e-01 -7.300388e-01 2.725480e-01 1.109584e-01 -1.808149e-01 1.538873e-03 
-1.355113e+00 -1.045833e+01 4.893489e+00 -2.272896e+01 1.063495e+01 2.289035e+00 -1.621182e-14 6.092036e-14 -3.351993e-14 2.272896e+01 -1.063495e+01 -2.289035e+00 1.045833e+01 -4.893489e+00 1.355113e+00 
8.213985e+01 3.553870e+02 8.389557e+01 -8.334253e+00 7.353848e+00 4.607524e+00 -8.584516e+02 -1.823702e+02 -9.270743e+00 -8.334253e+00 7.353848e+00 4.607524e+00 3.553870e+02 8.389557e+01 8.213985e+01 
-9.183006e-01 -8.310279e+00 1.084983e+01 -3.006962e+01 4.855186e+01 -2.052441e+01 -4.578107e+01 7.999320e+01 -3.343006e+01 -3.006962e+01 4.855186e+01 -2.052441e+01 -8.310279e+00 1.084983e+01 -9.183006e-01 
3.253506e+01 2.510954e+02 -2.494428e+02 5.457022e+02 -5.421107e+02 -1.045019e+02 1.404705e-12 -2.429526e-12 1.430225e-12 -5.457022e+02 5.421107e+02 1.045019e+02 -2.510954e+02 2.494428e+02 -3.253506e+01 
2.472247e+01 1.934952e+02 -2.660348e+02 5.992717e+02 -1.211963e+03 6.847754e+02 8.464799e+02 -2.008162e+03 1.114928e+03 5.992717e+02 -1.211963e+03 6.847754e+02 1.934952e+02 -2.660348e+02 2.472247e+01 
Number of (Rows, Cols) = (37,6)
Neighbour Type
Center Center Center Center Center Center Center Center Center Center Center Center Center Center Center Center Center Center Center Center Center Center Center Center Center Center Center Center Center Center Center Center Center Center Center Center Center 
M Matrix
1.000000e+00 -6.000000e-02 1.800000e-03 -2.000000e-02 1.200000e-03 2.000000e-04 
1.000000e+00 -6.000000e-02 1.800000e-03 0.000000e+00 -0.000000e+00 0.000000e+00 
1.000000e+00 -6.000000e-02 1.800000e-03 2.000000e-02 -1.200000e-03 2.000000e-04 
1.000000e+00 -4.000000e-02 8.000000e-04 -4.000000e-02 1.600000e-03 8.000000e-04 
1.000000e+00 -4.000000e-02 8.000000e-04 -2.000000e-02 8.000000e-04 2.000000e-04 
1.000000e+00 -4.000000e-02 8.000000e-04 0.000000e+00 -0.000000e+00 0.000000e+00 
1.000000e+00 -4.000000e-02 8.000000e-04 2.000000e-02 -8.000000e-04 2.000000e-04 
1.000000e+00 -4.000000e-02 8.000000e-04 4.000000e-02 -1.600000e-03 8.000000e-04 
1.000000e+00 -2.000000e-02 2.000000e-04 -6.000000e-02 1.200000e-03 1.800000e-03 
1.000000e+00 -2.000000e-02 2.000000e-04 -4.000000e-02 8.000000e-04 8.000000e-04 
1.000000e+00 -2.000000e-02 2.000000e-04 -2.000000e-02 4.000000e-04 2.000000e-04 
1.000000e+00 -2.000000e-02 2.000000e-04 0.000000e+00 -0.000000e+00 0.000000e+00 
1.000000e+00 -2.000000e-02 2.000000e-04 2.000000e-02 -4.000000e-04 2.000000e-04 
1.000000e+00 -2.000000e-02 2.000000e-04 4.000000e-02 -8.000000e-04 8.000000e-04 
1.000000e+00 -2.000000e-02 2.000000e-04 6.000000e-02 -1.200000e-03 1.800000e-03 
1.000000e+00 0.000000e+00 0.000000e+00 -6.000000e-02 -0.000000e+00 1.800000e-03 
1.000000e+00 0.000000e+00 0.000000e+00 -4.000000e-02 -0.000000e+00 8.000000e-04 
1.000000e+00 0.000000e+00 0.000000e+00 -2.000000e-02 -0.000000e+00 2.000000e-04 
1.000000e+00 0.000000e+00 0.000000e+00 0.000000e+00 0.000000e+00 0.000000e+00 
1.000000e+00 0.000000e+00 0.000000e+00 2.000000e-02 0.000000e+00 2.000000e-04 
1.000000e+00 0.000000e+00 0.000000e+00 4.000000e-02 0.000000e+00 8.000000e-04 
1.000000e+00 0.000000e+00 0.000000e+00 6.000000e-02 0.000000e+00 1.800000e-03 
1.000000e+00 2.000000e-02 2.000000e-04 -6.000000e-02 -1.200000e-03 1.800000e-03 
1.000000e+00 2.000000e-02 2.000000e-04 -4.000000e-02 -8.000000e-04 8.000000e-04 
1.000000e+00 2.000000e-02 2.000000e-04 -2.000000e-02 -4.000000e-04 2.000000e-04 
1.000000e+00 2.000000e-02 2.000000e-04 0.000000e+00 0.000000e+00 0.000000e+00 
1.000000e+00 2.000000e-02 2.000000e-04 2.000000e-02 4.000000e-04 2.000000e-04 
1.000000e+00 2.000000e-02 2.000000e-04 4.000000e-02 8.000000e-04 8.000000e-04 
1.000000e+00 2.000000e-02 2.000000e-04 6.000000e-02 1.200000e-03 1.800000e-03 
1.000000e+00 4.000000e-02 8.000000e-04 -4.000000e-02 -1.600000e-03 8.000000e-04 
1.000000e+00 4.000000e-02 8.000000e-04 -2.000000e-02 -8.000000e-04 2.000000e-04 
1.000000e+00 4.000000e-02 8.000000e-04 0.000000e+00 0.000000e+00 0.000000e+00 
1.000000e+00 4.000000e-02 8.000000e-04 2.000000e-02 8.000000e-04 2.000000e-04 
1.000000e+00 4.000000e-02 8.000000e-04 4.000000e-02 1.600000e-03 8.000000e-04 
1.000000e+00 6.000000e-02 1.800000e-03 -2.000000e-02 -1.200000e-03 2.000000e-04 
1.000000e+00 6.000000e-02 1.800000e-03 0.000000e+00 0.000000e+00 0.000000e+00 
1.000000e+00 6.000000e-02 1.800000e-03 2.000000e-02 1.200000e-03 2.000000e-04 
W Matrix
7.461796e-03 0 0 0 0 0 0 0 0 0 0 0 0 0 0 0 0 0 0 0 0 0 0 0 0 0 0 0 0 0 0 0 0 0 0 0 0 
0 1.217752e-02 0 0 0 0 0 0 0 0 0 0 0 0 0 0 0 0 0 0 0 0 0 0 0 0 0 0 0 0 0 0 0 0 0 0 0 
0 0 7.461796e-03 0 0 0 0 0 0 0 0 0 0 0 0 0 0 0 0 0 0 0 0 0 0 0 0 0 0 0 0 0 0 0 0 0 0 
0 0 0 1.987351e-02 0 0 0 0 0 0 0 0 0 0 0 0 0 0 0 0 0 0 0 0 0 0 0 0 0 0 0 0 0 0 0 0 0 
0 0 0 0 8.638169e-02 0 0 0 0 0 0 0 0 0 0 0 0 0 0 0 0 0 0 0 0 0 0 0 0 0 0 0 0 0 0 0 0 
0 0 0 0 0 1.409735e-01 0 0 0 0 0 0 0 0 0 0 0 0 0 0 0 0 0 0 0 0 0 0 0 0 0 0 0 0 0 0 0 
0 0 0 0 0 0 8.638169e-02 0 0 0 0 0 0 0 0 0 0 0 0 0 0 0 0 0 0 0 0 0 0 0 0 0 0 0 0 0 0 
0 0 0 0 0 0 0 1.987351e-02 0 0 0 0 0 0 0 0 0 0 0 0 0 0 0 0 0 0 0 0 0 0 0 0 0 0 0 0 0 
0 0 0 0 0 0 0 0 7.461796e-03 0 0 0 0 0 0 0 0 0 0 0 0 0 0 0 0 0 0 0 0 0 0 0 0 0 0 0 0 
0 0 0 0 0 0 0 0 0 8.638169e-02 0 0 0 0 0 0 0 0 0 0 0 0 0 0 0 0 0 0 0 0 0 0 0 0 0 0 0 
0 0 0 0 0 0 0 0 0 0 3.754643e-01 0 0 0 0 0 0 0 0 0 0 0 0 0 0 0 0 0 0 0 0 0 0 0 0 0 0 
0 0 0 0 0 0 0 0 0 0 0 6.127514e-01 0 0 0 0 0 0 0 0 0 0 0 0 0 0 0 0 0 0 0 0 0 0 0 0 0 
0 0 0 0 0 0 0 0 0 0 0 0 3.754643e-01 0 0 0 0 0 0 0 0 0 0 0 0 0 0 0 0 0 0 0 0 0 0 0 0 
0 0 0 0 0 0 0 0 0 0 0 0 0 8.638169e-02 0 0 0 0 0 0 0 0 0 0 0 0 0 0 0 0 0 0 0 0 0 0 0 
0 0 0 0 0 0 0 0 0 0 0 0 0 0 7.461796e-03 0 0 0 0 0 0 0 0 0 0 0 0 0 0 0 0 0 0 0 0 0 0 
0 0 0 0 0 0 0 0 0 0 0 0 0 0 0 1.217752e-02 0 0 0 0 0 0 0 0 0 0 0 0 0 0 0 0 0 0 0 0 0 
0 0 0 0 0 0 0 0 0 0 0 0 0 0 0 0 1.409735e-01 0 0 0 0 0 0 0 0 0 0 0 0 0 0 0 0 0 0 0 0 
0 0 0 0 0 0 0 0 0 0 0 0 0 0 0 0 0 6.127514e-01 0 0 0 0 0 0 0 0 0 0 0 0 0 0 0 0 0 0 0 
0 0 0 0 0 0 0 0 0 0 0 0 0 0 0 0 0 0 1.000000e+00 0 0 0 0 0 0 0 0 0 0 0 0 0 0 0 0 0 0 
0 0 0 0 0 0 0 0 0 0 0 0 0 0 0 0 0 0 0 6.127514e-01 0 0 0 0 0 0 0 0 0 0 0 0 0 0 0 0 0 
0 0 0 0 0 0 0 0 0 0 0 0 0 0 0 0 0 0 0 0 1.409735e-01 0 0 0 0 0 0 0 0 0 0 0 0 0 0 0 0 
0 0 0 0 0 0 0 0 0 0 0 0 0 0 0 0 0 0 0 0 0 1.217752e-02 0 0 0 0 0 0 0 0 0 0 0 0 0 0 0 
0 0 0 0 0 0 0 0 0 0 0 0 0 0 0 0 0 0 0 0 0 0 7.461796e-03 0 0 0 0 0 0 0 0 0 0 0 0 0 0 
0 0 0 0 0 0 0 0 0 0 0 0 0 0 0 0 0 0 0 0 0 0 0 8.638169e-02 0 0 0 0 0 0 0 0 0 0 0 0 0 
0 0 0 0 0 0 0 0 0 0 0 0 0 0 0 0 0 0 0 0 0 0 0 0 3.754643e-01 0 0 0 0 0 0 0 0 0 0 0 0 
0 0 0 0 0 0 0 0 0 0 0 0 0 0 0 0 0 0 0 0 0 0 0 0 0 6.127514e-01 0 0 0 0 0 0 0 0 0 0 0 
0 0 0 0 0 0 0 0 0 0 0 0 0 0 0 0 0 0 0 0 0 0 0 0 0 0 3.754643e-01 0 0 0 0 0 0 0 0 0 0 
0 0 0 0 0 0 0 0 0 0 0 0 0 0 0 0 0 0 0 0 0 0 0 0 0 0 0 8.638169e-02 0 0 0 0 0 0 0 0 0 
0 0 0 0 0 0 0 0 0 0 0 0 0 0 0 0 0 0 0 0 0 0 0 0 0 0 0 0 7.461796e-03 0 0 0 0 0 0 0 0 
0 0 0 0 0 0 0 0 0 0 0 0 0 0 0 0 0 0 0 0 0 0 0 0 0 0 0 0 0 1.987351e-02 0 0 0 0 0 0 0 
0 0 0 0 0 0 0 0 0 0 0 0 0 0 0 0 0 0 0 0 0 0 0 0 0 0 0 0 0 0 8.638169e-02 0 0 0 0 0 0 
0 0 0 0 0 0 0 0 0 0 0 0 0 0 0 0 0 0 0 0 0 0 0 0 0 0 0 0 0 0 0 1.409735e-01 0 0 0 0 0 
0 0 0 0 0 0 0 0 0 0 0 0 0 0 0 0 0 0 0 0 0 0 0 0 0 0 0 0 0 0 0 0 8.638169e-02 0 0 0 0 
0 0 0 0 0 0 0 0 0 0 0 0 0 0 0 0 0 0 0 0 0 0 0 0 0 0 0 0 0 0 0 0 0 1.987351e-02 0 0 0 
0 0 0 0 0 0 0 0 0 0 0 0 0 0 0 0 0 0 0 0 0 0 0 0 0 0 0 0 0 0 0 0 0 0 7.461796e-03 0 0 
0 0 0 0 0 0 0 0 0 0 0 0 0 0 0 0 0 0 0 0 0 0 0 0 0 0 0 0 0 0 0 0 0 0 0 1.217752e-02 0 
0 0 0 0 0 0 0 0 0 0 0 0 0 0 0 0 0 0 0 0 0 0 0 0 0 0 0 0 0 0 0 0 0 0 0 0 7.461796e-03 
Identity Matrix
1.000000e+00 -6.694093e-25 5.826450e-13 5.450587e-25 -6.565847e-26 0.000000e+00 
7.703720e-34 1.000000e+00 -4.437343e-30 -7.456222e-42 -9.537719e-29 0.000000e+00 
6.776264e-20 -1.220251e-28 1.000000e+00 1.200070e-28 -1.514551e-29 0.000000e+00 
3.081488e-33 -1.898785e-32 7.888609e-31 1.000000e+00 5.993643e-29 0.000000e+00 
-1.504633e-36 1.386772e-31 -7.703720e-34 -7.951125e-32 1.000000e+00 0.000000e+00 
5.421011e-20 -3.976756e-29 0.000000e+00 4.652430e-29 -6.076694e-30 1.000000e+00 
MTWMINvMTW Matrix
-3.822168e-03 -5.219092e-03 -3.822168e-03 -6.855099e-03 -8.119335e-03 -1.458529e-03 -8.119335e-03 -6.855099e-03 -3.822168e-03 -8.119335e-03 5.892876e-02 1.474259e-01 5.892876e-02 -8.119335e-03 -3.822168e-03 -5.219092e-03 -1.458529e-03 1.474259e-01 3.242442e-01 1.474259e-01 -1.458529e-03 -5.219092e-03 -3.822168e-03 -8.119335e-03 5.892876e-02 1.474259e-01 5.892876e-02 -8.119335e-03 -3.822168e-03 -6.855099e-03 -8.119335e-03 -1.458529e-03 -8.119335e-03 -6.855099e-03 -3.822168e-03 -5.219092e-03 -3.822168e-03 
-1.743838e-01 -2.845914e-01 -1.743838e-01 -3.096323e-01 -1.345839e+00 -2.196387e+00 -1.345839e+00 -3.096323e-01 -5.812793e-02 -6.729196e-01 -2.924894e+00 -4.773378e+00 -2.924894e+00 -6.729196e-01 -5.812793e-02 7.115928e-17 8.862568e-16 4.015123e-15 6.641253e-15 4.015123e-15 8.862568e-16 7.115928e-17 5.812793e-02 6.729196e-01 2.924894e+00 4.773378e+00 2.924894e+00 6.729196e-01 5.812793e-02 3.096323e-01 1.345839e+00 2.196387e+00 1.345839e+00 3.096323e-01 1.743838e-01 2.845914e-01 1.743838e-01 
2.415174e+01 3.926932e+01 2.415174e+01 2.481790e+01 1.047676e+02 1.692897e+02 1.047676e+02 2.481790e+01 7.042523e-01 2.977383e+00 -5.557746e-01 -8.249409e+00 -5.557746e-01 2.977383e+00 7.042523e-01 -3.779830e+00 -5.220349e+01 -2.489335e+02 -4.182379e+02 -2.489335e+02 -5.220349e+01 -3.779830e+00 7.042523e-01 2.977383e+00 -5.557746e-01 -8.249409e+00 -5.557746e-01 2.977383e+00 7.042523e-01 2.481790e+01 1.047676e+02 1.692897e+02 1.047676e+02 2.481790e+01 2.415174e+01 3.926932e+01 2.415174e+01 
-5.812793e-02 -2.975059e-18 5.812793e-02 -3.096323e-01 -6.729196e-01 -2.772426e-16 6.729196e-01 3.096323e-01 -1.743838e-01 -1.345839e+00 -2.924894e+00 -1.833229e-15 2.924894e+00 1.345839e+00 1.743838e-01 -2.845914e-01 -2.196387e+00 -4.773378e+00 -3.319815e-15 4.773378e+00 2.196387e+00 2.845914e-01 -1.743838e-01 -1.345839e+00 -2.924894e+00 -1.808032e-15 2.924894e+00 1.345839e+00 1.743838e-01 -3.096323e-01 -6.729196e-01 -2.656484e-16 6.729196e-01 3.096323e-01 -5.812793e-02 -1.472770e-18 5.812793e-02 
9.211752e+00 1.415878e-14 -9.211752e+00 3.271239e+01 7.109340e+01 1.092654e-13 -7.109340e+01 -3.271239e+01 9.211752e+00 7.109340e+01 1.545063e+02 2.363366e-13 -1.545063e+02 -7.109340e+01 -9.211752e+00 -7.599850e-15 -6.129958e-14 -1.400849e-13 -5.444760e-15 1.438027e-13 6.932636e-14 9.325685e-15 -9.211752e+00 -7.109340e+01 -1.545063e+02 -2.440886e-13 1.545063e+02 7.109340e+01 9.211752e+00 -3.271239e+01 -7.109340e+01 -1.117939e-13 7.109340e+01 3.271239e+01 -9.211752e+00 -1.448444e-14 9.211752e+00 
7.042523e-01 -3.779830e+00 7.042523e-01 2.481790e+01 2.977383e+00 -5.220349e+01 2.977383e+00 2.481790e+01 2.415174e+01 1.047676e+02 -5.557746e-01 -2.489335e+02 -5.557746e-01 1.047676e+02 2.415174e+01 3.926932e+01 1.692897e+02 -8.249409e+00 -4.182379e+02 -8.249409e+00 1.692897e+02 3.926932e+01 2.415174e+01 1.047676e+02 -5.557746e-01 -2.489335e+02 -5.557746e-01 1.047676e+02 2.415174e+01 2.481790e+01 2.977383e+00 -5.220349e+01 2.977383e+00 2.481790e+01 7.042523e-01 -3.779830e+00 7.042523e-01 
Number of (Rows, Cols) = (15,6)
Neighbour Type
Left Left Left Left Left Left Left Left Left Left Left Left Left Left Left 
M Matrix
1.000000e+00 -6.000000e-02 1.800000e-03 -2.000000e-02 1.200000e-03 2.000000e-04 
1.000000e+00 -6.000000e-02 1.800000e-03 0.000000e+00 -0.000000e+00 0.000000e+00 
1.000000e+00 -6.000000e-02 1.800000e-03 2.000000e-02 -1.200000e-03 2.000000e-04 
1.000000e+00 -4.000000e-02 8.000000e-04 -4.000000e-02 1.600000e-03 8.000000e-04 
1.000000e+00 -4.000000e-02 8.000000e-04 -2.000000e-02 8.000000e-04 2.000000e-04 
1.000000e+00 -4.000000e-02 8.000000e-04 0.000000e+00 -0.000000e+00 0.000000e+00 
1.000000e+00 -4.000000e-02 8.000000e-04 2.000000e-02 -8.000000e-04 2.000000e-04 
1.000000e+00 -4.000000e-02 8.000000e-04 4.000000e-02 -1.600000e-03 8.000000e-04 
1.000000e+00 -2.000000e-02 2.000000e-04 -6.000000e-02 1.200000e-03 1.800000e-03 
1.000000e+00 -2.000000e-02 2.000000e-04 -4.000000e-02 8.000000e-04 8.000000e-04 
1.000000e+00 -2.000000e-02 2.000000e-04 -2.000000e-02 4.000000e-04 2.000000e-04 
1.000000e+00 -2.000000e-02 2.000000e-04 0.000000e+00 -0.000000e+00 0.000000e+00 
1.000000e+00 -2.000000e-02 2.000000e-04 2.000000e-02 -4.000000e-04 2.000000e-04 
1.000000e+00 -2.000000e-02 2.000000e-04 4.000000e-02 -8.000000e-04 8.000000e-04 
1.000000e+00 -2.000000e-02 2.000000e-04 6.000000e-02 -1.200000e-03 1.800000e-03 
W Matrix
7.461796e-03 0 0 0 0 0 0 0 0 0 0 0 0 0 0 
0 1.217752e-02 0 0 0 0 0 0 0 0 0 0 0 0 0 
0 0 7.461796e-03 0 0 0 0 0 0 0 0 0 0 0 0 
0 0 0 1.987351e-02 0 0 0 0 0 0 0 0 0 0 0 
0 0 0 0 8.638169e-02 0 0 0 0 0 0 0 0 0 0 
0 0 0 0 0 1.409735e-01 0 0 0 0 0 0 0 0 0 
0 0 0 0 0 0 8.638169e-02 0 0 0 0 0 0 0 0 
0 0 0 0 0 0 0 1.987351e-02 0 0 0 0 0 0 0 
0 0 0 0 0 0 0 0 7.461796e-03 0 0 0 0 0 0 
0 0 0 0 0 0 0 0 0 8.638169e-02 0 0 0 0 0 
0 0 0 0 0 0 0 0 0 0 3.754643e-01 0 0 0 0 
0 0 0 0 0 0 0 0 0 0 0 6.127514e-01 0 0 0 
0 0 0 0 0 0 0 0 0 0 0 0 3.754643e-01 0 0 
0 0 0 0 0 0 0 0 0 0 0 0 0 8.638169e-02 0 
0 0 0 0 0 0 0 0 0 0 0 0 0 0 7.461796e-03 
Identity Matrix
9.965862e-01 -2.425714e-01 -7.379118e+00 7.141185e-16 2.846063e-15 -3.248320e-02 
-5.413399e-05 9.961534e-01 -1.170153e-01 1.132422e-17 4.513179e-17 -5.151063e-04 
3.436093e-07 2.441589e-05 1.000743e+00 -7.187919e-20 -2.864689e-19 3.269578e-06 
2.472881e-20 1.757158e-18 5.345344e-17 1.000000e+00 -6.960953e-29 2.353044e-19 
-1.611873e-22 -1.145351e-20 -3.484202e-19 6.791601e-32 1.000000e+00 -1.533761e-21 
-5.828612e-10 -4.141644e-08 -1.259904e-06 1.219280e-22 4.859345e-22 1.000000e+00 
MTWMINvMTW Matrix
2.725415e-01 4.474238e-01 2.725415e-01 -1.808861e-01 -7.300417e-01 -1.160847e+00 -7.300417e-01 -1.808861e-01 1.468348e-03 1.106530e-01 7.252077e-01 1.316395e+00 7.252077e-01 1.106530e-01 1.468348e-03 
2.052437e+01 3.343100e+01 2.052437e+01 -1.085497e+01 -4.855289e+01 -7.998330e+01 -4.855289e+01 -1.085497e+01 9.134084e-01 8.289160e+00 3.007045e+01 4.583280e+01 3.007045e+01 8.289160e+00 9.134084e-01 
6.847754e+02 1.114958e+03 6.847754e+02 -2.661884e+02 -1.211996e+03 -2.007871e+03 -1.211996e+03 -2.661884e+02 2.457681e+01 1.928666e+02 5.992974e+02 8.480224e+02 5.992974e+02 1.928666e+02 2.457681e+01 
2.289035e+00 -5.279100e-15 -2.289035e+00 4.893489e+00 1.063495e+01 3.262039e-14 -1.063495e+01 -4.893489e+00 -1.355113e+00 -1.045833e+01 -2.272896e+01 -1.814867e-14 2.272896e+01 1.045833e+01 1.355113e+00 
1.045019e+02 -2.216095e-13 -1.045019e+02 2.494428e+02 5.421107e+02 1.420480e-12 -5.421107e+02 -2.494428e+02 -3.253506e+01 -2.510954e+02 -5.457022e+02 -4.971949e-13 5.457022e+02 2.510954e+02 3.253506e+01 
4.635072e+00 -9.225814e+00 4.635072e+00 8.388273e+01 7.297423e+00 -1.824626e+02 7.297423e+00 8.388273e+01 8.214057e+01 3.553942e+02 -8.305355e+00 -8.584059e+02 -8.305355e+00 3.553942e+02 8.214057e+01 
Number of (Rows, Cols) = (15,6)
Neighbour Type
Right Right Right Right Right Right Right Right Right Right Right Right Right Right Right 
M Matrix
1.000000e+00 2.000000e-02 2.000000e-04 -6.000000e-02 -1.200000e-03 1.800000e-03 
1.000000e+00 2.000000e-02 2.000000e-04 -4.000000e-02 -8.000000e-04 8.000000e-04 
1.000000e+00 2.000000e-02 2.000000e-04 -2.000000e-02 -4.000000e-04 2.000000e-04 
1.000000e+00 2.000000e-02 2.000000e-04 0.000000e+00 0.000000e+00 0.000000e+00 
1.000000e+00 2.000000e-02 2.000000e-04 2.000000e-02 4.000000e-04 2.000000e-04 
1.000000e+00 2.000000e-02 2.000000e-04 4.000000e-02 8.000000e-04 8.000000e-04 
1.000000e+00 2.000000e-02 2.000000e-04 6.000000e-02 1.200000e-03 1.800000e-03 
1.000000e+00 4.000000e-02 8.000000e-04 -4.000000e-02 -1.600000e-03 8.000000e-04 
1.000000e+00 4.000000e-02 8.000000e-04 -2.000000e-02 -8.000000e-04 2.000000e-04 
1.000000e+00 4.000000e-02 8.000000e-04 0.000000e+00 0.000000e+00 0.000000e+00 
1.000000e+00 4.000000e-02 8.000000e-04 2.000000e-02 8.000000e-04 2.000000e-04 
1.000000e+00 4.000000e-02 8.000000e-04 4.000000e-02 1.600000e-03 8.000000e-04 
1.000000e+00 6.000000e-02 1.800000e-03 -2.000000e-02 -1.200000e-03 2.000000e-04 
1.000000e+00 6.000000e-02 1.800000e-03 0.000000e+00 0.000000e+00 0.000000e+00 
1.000000e+00 6.000000e-02 1.800000e-03 2.000000e-02 1.200000e-03 2.000000e-04 
W Matrix
7.461796e-03 0 0 0 0 0 0 0 0 0 0 0 0 0 0 
0 8.638169e-02 0 0 0 0 0 0 0 0 0 0 0 0 0 
0 0 3.754643e-01 0 0 0 0 0 0 0 0 0 0 0 0 
0 0 0 6.127514e-01 0 0 0 0 0 0 0 0 0 0 0 
0 0 0 0 3.754643e-01 0 0 0 0 0 0 0 0 0 0 
0 0 0 0 0 8.638169e-02 0 0 0 0 0 0 0 0 0 
0 0 0 0 0 0 7.461796e-03 0 0 0 0 0 0 0 0 
0 0 0 0 0 0 0 1.987351e-02 0 0 0 0 0 0 0 
0 0 0 0 0 0 0 0 8.638169e-02 0 0 0 0 0 0 
0 0 0 0 0 0 0 0 0 1.409735e-01 0 0 0 0 0 
0 0 0 0 0 0 0 0 0 0 8.638169e-02 0 0 0 0 
0 0 0 0 0 0 0 0 0 0 0 1.987351e-02 0 0 0 
0 0 0 0 0 0 0 0 0 0 0 0 7.461796e-03 0 0 
0 0 0 0 0 0 0 0 0 0 0 0 0 1.217752e-02 0 
0 0 0 0 0 0 0 0 0 0 0 0 0 0 7.461796e-03 
Identity Matrix
9.965862e-01 2.425714e-01 -7.379118e+00 -1.813770e-16 6.852460e-15 -3.248320e-02 
5.413399e-05 9.961534e-01 1.170153e-01 2.876208e-18 -1.086637e-16 5.151063e-04 
3.436093e-07 -2.441589e-05 1.000743e+00 1.825640e-20 -6.897305e-19 3.269578e-06 
-8.207781e-20 5.832212e-18 -1.774182e-16 1.000000e+00 4.646645e-29 -7.810028e-19 
-5.574229e-22 3.960886e-20 -1.204917e-18 5.551115e-17 1.000000e+00 -5.304099e-21 
-5.828612e-10 4.141644e-08 -1.259904e-06 -3.096816e-23 1.169983e-21 1.000000e+00 
MTWMINvMTW Matrix
1.468348e-03 1.106530e-01 7.252077e-01 1.316395e+00 7.252077e-01 1.106530e-01 1.468348e-03 -1.808861e-01 -7.300417e-01 -1.160847e+00 -7.300417e-01 -1.808861e-01 2.725415e-01 4.474238e-01 2.725415e-01 
-9.134084e-01 -8.289160e+00 -3.007045e+01 -4.583280e+01 -3.007045e+01 -8.289160e+00 -9.134084e-01 1.085497e+01 4.855289e+01 7.998330e+01 4.855289e+01 1.085497e+01 -2.052437e+01 -3.343100e+01 -2.052437e+01 
2.457681e+01 1.928666e+02 5.992974e+02 8.480224e+02 5.992974e+02 1.928666e+02 2.457681e+01 -2.661884e+02 -1.211996e+03 -2.007871e+03 -1.211996e+03 -2.661884e+02 6.847754e+02 1.114958e+03 6.847754e+02 
-1.355113e+00 -1.045833e+01 -2.272896e+01 3.529237e-14 2.272896e+01 1.045833e+01 1.355113e+00 4.893489e+00 1.063495e+01 -5.980670e-14 -1.063495e+01 -4.893489e+00 2.289035e+00 3.370379e-14 -2.289035e+00 
3.253506e+01 2.510954e+02 5.457022e+02 -1.679941e-12 -5.457022e+02 -2.510954e+02 -3.253506e+01 -2.494428e+02 -5.421107e+02 2.295730e-12 5.421107e+02 2.494428e+02 -1.045019e+02 -1.349102e-12 1.045019e+02 
8.214057e+01 3.553942e+02 -8.305355e+00 -8.584059e+02 -8.305355e+00 3.553942e+02 8.214057e+01 8.388273e+01 7.297423e+00 -1.824626e+02 7.297423e+00 8.388273e+01 4.635072e+00 -9.225814e+00 4.635072e+00 
Number of (Rows, Cols) = (15,6)
Neighbour Type
Bottom Bottom Bottom Bottom Bottom Bottom Bottom Bottom Bottom Bottom Bottom Bottom Bottom Bottom Bottom 
M Matrix
1.000000e+00 -6.000000e-02 1.800000e-03 -2.000000e-02 1.200000e-03 2.000000e-04 
1.000000e+00 -4.000000e-02 8.000000e-04 -4.000000e-02 1.600000e-03 8.000000e-04 
1.000000e+00 -4.000000e-02 8.000000e-04 -2.000000e-02 8.000000e-04 2.000000e-04 
1.000000e+00 -2.000000e-02 2.000000e-04 -6.000000e-02 1.200000e-03 1.800000e-03 
1.000000e+00 -2.000000e-02 2.000000e-04 -4.000000e-02 8.000000e-04 8.000000e-04 
1.000000e+00 -2.000000e-02 2.000000e-04 -2.000000e-02 4.000000e-04 2.000000e-04 
1.000000e+00 0.000000e+00 0.000000e+00 -6.000000e-02 -0.000000e+00 1.800000e-03 
1.000000e+00 0.000000e+00 0.000000e+00 -4.000000e-02 -0.000000e+00 8.000000e-04 
1.000000e+00 0.000000e+00 0.000000e+00 -2.000000e-02 -0.000000e+00 2.000000e-04 
1.000000e+00 2.000000e-02 2.000000e-04 -6.000000e-02 -1.200000e-03 1.800000e-03 
1.000000e+00 2.000000e-02 2.000000e-04 -4.000000e-02 -8.000000e-04 8.000000e-04 
1.000000e+00 2.000000e-02 2.000000e-04 -2.000000e-02 -4.000000e-04 2.000000e-04 
1.000000e+00 4.000000e-02 8.000000e-04 -4.000000e-02 -1.600000e-03 8.000000e-04 
1.000000e+00 4.000000e-02 8.000000e-04 -2.000000e-02 -8.000000e-04 2.000000e-04 
1.000000e+00 6.000000e-02 1.800000e-03 -2.000000e-02 -1.200000e-03 2.000000e-04 
W Matrix
7.461796e-03 0 0 0 0 0 0 0 0 0 0 0 0 0 0 
0 1.987351e-02 0 0 0 0 0 0 0 0 0 0 0 0 0 
0 0 8.638169e-02 0 0 0 0 0 0 0 0 0 0 0 0 
0 0 0 7.461796e-03 0 0 0 0 0 0 0 0 0 0 0 
0 0 0 0 8.638169e-02 0 0 0 0 0 0 0 0 0 0 
0 0 0 0 0 3.754643e-01 0 0 0 0 0 0 0 0 0 
0 0 0 0 0 0 1.217752e-02 0 0 0 0 0 0 0 0 
0 0 0 0 0 0 0 1.409735e-01 0 0 0 0 0 0 0 
0 0 0 0 0 0 0 0 6.127514e-01 0 0 0 0 0 0 
0 0 0 0 0 0 0 0 0 7.461796e-03 0 0 0 0 0 
0 0 0 0 0 0 0 0 0 0 8.638169e-02 0 0 0 0 
0 0 0 0 0 0 0 0 0 0 0 3.754643e-01 0 0 0 
0 0 0 0 0 0 0 0 0 0 0 0 1.987351e-02 0 0 
0 0 0 0 0 0 0 0 0 0 0 0 0 8.638169e-02 0 
0 0 0 0 0 0 0 0 0 0 0 0 0 0 7.461796e-03 
Identity Matrix
9.965835e-01 -7.142887e-16 1.342466e-02 -2.420731e-01 -1.332136e-14 -7.362075e+00 
-3.909785e-20 1.000000e+00 1.536303e-19 -2.770258e-18 -3.475245e-27 -8.425075e-17 
-8.530699e-07 -1.783525e-19 1.000003e+00 -6.044382e-05 -3.326241e-18 -1.838254e-03 
-5.447696e-05 -1.138957e-17 2.140607e-04 9.961401e-01 -2.124134e-16 -1.173907e-01 
1.451524e-21 2.552953e-30 -5.703591e-21 1.028470e-19 1.000000e+00 3.127845e-18 
3.465576e-07 7.245526e-20 -1.361757e-06 2.455516e-05 1.351278e-18 1.000747e+00 
MTWMINvMTW Matrix
1.538873e-03 -1.808149e-01 1.109584e-01 2.725480e-01 -7.300388e-01 7.252020e-01 4.474198e-01 -1.161009e+00 1.315661e+00 2.725480e-01 -7.300388e-01 7.252020e-01 -1.808149e-01 1.109584e-01 1.538873e-03 
-1.355113e+00 4.893489e+00 -1.045833e+01 2.289035e+00 1.063495e+01 -2.272896e+01 2.698418e-14 -7.134079e-14 8.333640e-14 -2.289035e+00 -1.063495e+01 2.272896e+01 -4.893489e+00 1.045833e+01 1.355113e+00 
8.213985e+01 8.389557e+01 3.553870e+02 4.607524e+00 7.353848e+00 -8.334253e+00 -9.270743e+00 -1.823702e+02 -8.584516e+02 4.607524e+00 7.353848e+00 -8.334253e+00 8.389557e+01 3.553870e+02 8.213985e+01 
9.183006e-01 -1.084983e+01 8.310279e+00 2.052441e+01 -4.855186e+01 3.006962e+01 3.343006e+01 -7.999320e+01 4.578107e+01 2.052441e+01 -4.855186e+01 3.006962e+01 -1.084983e+01 8.310279e+00 9.183006e-01 
-3.253506e+01 2.494428e+02 -2.510954e+02 1.045019e+02 5.421107e+02 -5.457022e+02 1.054306e-12 -3.015117e-12 2.648276e-12 -1.045019e+02 -5.421107e+02 5.457022e+02 -2.494428e+02 2.510954e+02 3.253506e+01 
2.472247e+01 -2.660348e+02 1.934952e+02 6.847754e+02 -1.211963e+03 5.992717e+02 1.114928e+03 -2.008162e+03 8.464799e+02 6.847754e+02 -1.211963e+03 5.992717e+02 -2.660348e+02 1.934952e+02 2.472247e+01 
Number of (Rows, Cols) = (15,6)
Neighbour Type
Top Top Top Top Top Top Top Top Top Top Top Top Top Top Top 
M Matrix
1.000000e+00 -6.000000e-02 1.800000e-03 2.000000e-02 -1.200000e-03 2.000000e-04 
1.000000e+00 -4.000000e-02 8.000000e-04 2.000000e-02 -8.000000e-04 2.000000e-04 
1.000000e+00 -4.000000e-02 8.000000e-04 4.000000e-02 -1.600000e-03 8.000000e-04 
1.000000e+00 -2.000000e-02 2.000000e-04 2.000000e-02 -4.000000e-04 2.000000e-04 
1.000000e+00 -2.000000e-02 2.000000e-04 4.000000e-02 -8.000000e-04 8.000000e-04 
1.000000e+00 -2.000000e-02 2.000000e-04 6.000000e-02 -1.200000e-03 1.800000e-03 
1.000000e+00 0.000000e+00 0.000000e+00 2.000000e-02 0.000000e+00 2.000000e-04 
1.000000e+00 0.000000e+00 0.000000e+00 4.000000e-02 0.000000e+00 8.000000e-04 
1.000000e+00 0.000000e+00 0.000000e+00 6.000000e-02 0.000000e+00 1.800000e-03 
1.000000e+00 2.000000e-02 2.000000e-04 2.000000e-02 4.000000e-04 2.000000e-04 
1.000000e+00 2.000000e-02 2.000000e-04 4.000000e-02 8.000000e-04 8.000000e-04 
1.000000e+00 2.000000e-02 2.000000e-04 6.000000e-02 1.200000e-03 1.800000e-03 
1.000000e+00 4.000000e-02 8.000000e-04 2.000000e-02 8.000000e-04 2.000000e-04 
1.000000e+00 4.000000e-02 8.000000e-04 4.000000e-02 1.600000e-03 8.000000e-04 
1.000000e+00 6.000000e-02 1.800000e-03 2.000000e-02 1.200000e-03 2.000000e-04 
W Matrix
7.461796e-03 0 0 0 0 0 0 0 0 0 0 0 0 0 0 
0 8.638169e-02 0 0 0 0 0 0 0 0 0 0 0 0 0 
0 0 1.987351e-02 0 0 0 0 0 0 0 0 0 0 0 0 
0 0 0 3.754643e-01 0 0 0 0 0 0 0 0 0 0 0 
0 0 0 0 8.638169e-02 0 0 0 0 0 0 0 0 0 0 
0 0 0 0 0 7.461796e-03 0 0 0 0 0 0 0 0 0 
0 0 0 0 0 0 6.127514e-01 0 0 0 0 0 0 0 0 
0 0 0 0 0 0 0 1.409735e-01 0 0 0 0 0 0 0 
0 0 0 0 0 0 0 0 1.217752e-02 0 0 0 0 0 0 
0 0 0 0 0 0 0 0 0 3.754643e-01 0 0 0 0 0 
0 0 0 0 0 0 0 0 0 0 8.638169e-02 0 0 0 0 
0 0 0 0 0 0 0 0 0 0 0 7.461796e-03 0 0 0 
0 0 0 0 0 0 0 0 0 0 0 0 8.638169e-02 0 0 
0 0 0 0 0 0 0 0 0 0 0 0 0 1.987351e-02 0 
0 0 0 0 0 0 0 0 0 0 0 0 0 0 7.461796e-03 
Identity Matrix
9.965835e-01 7.145130e-16 1.342466e-02 2.420731e-01 -9.551293e-15 -7.362075e+00 
1.360174e-19 1.000000e+00 -5.344641e-19 -9.637440e-18 -2.700211e-27 2.930997e-16 
-8.530699e-07 1.784084e-19 1.000003e+00 6.044382e-05 -2.384885e-18 -1.838254e-03 
5.447696e-05 -1.139315e-17 -2.140607e-04 9.961401e-01 1.522985e-16 1.173907e-01 
-4.766490e-22 2.775558e-17 1.872936e-21 3.377272e-20 1.000000e+00 -1.027116e-18 
3.465576e-07 -7.247801e-20 -1.361757e-06 -2.455516e-05 9.688539e-19 1.000747e+00 
MTWMINvMTW Matrix
1.538873e-03 1.109584e-01 -1.808149e-01 7.252020e-01 -7.300388e-01 2.725480e-01 1.315661e+00 -1.161009e+00 4.474198e-01 7.252020e-01 -7.300388e-01 2.725480e-01 1.109584e-01 -1.808149e-01 1.538873e-03 
-1.355113e+00 -1.045833e+01 4.893489e+00 -2.272896e+01 1.063495e+01 2.289035e+00 -1.621182e-14 6.092036e-14 -3.351993e-14 2.272896e+01 -1.063495e+01 -2.289035e+00 1.045833e+01 -4.893489e+00 1.355113e+00 
8.213985e+01 3.553870e+02 8.389557e+01 -8.334253e+00 7.353848e+00 4.607524e+00 -8.584516e+02 -1.823702e+02 -9.270743e+00 -8.334253e+00 7.353848e+00 4.607524e+00 3.553870e+02 8.389557e+01 8.213985e+01 
-9.183006e-01 -8.310279e+00 1.084983e+01 -3.006962e+01 4.855186e+01 -2.052441e+01 -4.578107e+01 7.999320e+01 -3.343006e+01 -3.006962e+01 4.855186e+01 -2.052441e+01 -8.310279e+00 1.084983e+01 -9.183006e-01 
3.253506e+01 2.510954e+02 -2.494428e+02 5.457022e+02 -5.421107e+02 -1.045019e+02 1.404705e-12 -2.429526e-12 1.430225e-12 -5.457022e+02 5.421107e+02 1.045019e+02 -2.510954e+02 2.494428e+02 -3.253506e+01 
2.472247e+01 1.934952e+02 -2.660348e+02 5.992717e+02 -1.211963e+03 6.847754e+02 8.464799e+02 -2.008162e+03 1.114928e+03 5.992717e+02 -1.211963e+03 6.847754e+02 1.934952e+02 -2.660348e+02 2.472247e+01 
Number of (Rows, Cols) = (37,6)
Neighbour Type
Center Center Center Center Center Center Center Center Center Center Center Center Center Center Center Center Center Center Center Center Center Center Center Center Center Center Center Center Center Center Center Center Center Center Center Center Center 
M Matrix
1.000000e+00 -6.000000e-02 1.800000e-03 -2.000000e-02 1.200000e-03 2.000000e-04 
1.000000e+00 -6.000000e-02 1.800000e-03 0.000000e+00 -0.000000e+00 0.000000e+00 
1.000000e+00 -6.000000e-02 1.800000e-03 2.000000e-02 -1.200000e-03 2.000000e-04 
1.000000e+00 -4.000000e-02 8.000000e-04 -4.000000e-02 1.600000e-03 8.000000e-04 
1.000000e+00 -4.000000e-02 8.000000e-04 -2.000000e-02 8.000000e-04 2.000000e-04 
1.000000e+00 -4.000000e-02 8.000000e-04 0.000000e+00 -0.000000e+00 0.000000e+00 
1.000000e+00 -4.000000e-02 8.000000e-04 2.000000e-02 -8.000000e-04 2.000000e-04 
1.000000e+00 -4.000000e-02 8.000000e-04 4.000000e-02 -1.600000e-03 8.000000e-04 
1.000000e+00 -2.000000e-02 2.000000e-04 -6.000000e-02 1.200000e-03 1.800000e-03 
1.000000e+00 -2.000000e-02 2.000000e-04 -4.000000e-02 8.000000e-04 8.000000e-04 
1.000000e+00 -2.000000e-02 2.000000e-04 -2.000000e-02 4.000000e-04 2.000000e-04 
1.000000e+00 -2.000000e-02 2.000000e-04 0.000000e+00 -0.000000e+00 0.000000e+00 
1.000000e+00 -2.000000e-02 2.000000e-04 2.000000e-02 -4.000000e-04 2.000000e-04 
1.000000e+00 -2.000000e-02 2.000000e-04 4.000000e-02 -8.000000e-04 8.000000e-04 
1.000000e+00 -2.000000e-02 2.000000e-04 6.000000e-02 -1.200000e-03 1.800000e-03 
1.000000e+00 0.000000e+00 0.000000e+00 -6.000000e-02 -0.000000e+00 1.800000e-03 
1.000000e+00 0.000000e+00 0.000000e+00 -4.000000e-02 -0.000000e+00 8.000000e-04 
1.000000e+00 0.000000e+00 0.000000e+00 -2.000000e-02 -0.000000e+00 2.000000e-04 
1.000000e+00 0.000000e+00 0.000000e+00 0.000000e+00 0.000000e+00 0.000000e+00 
1.000000e+00 0.000000e+00 0.000000e+00 2.000000e-02 0.000000e+00 2.000000e-04 
1.000000e+00 0.000000e+00 0.000000e+00 4.000000e-02 0.000000e+00 8.000000e-04 
1.000000e+00 0.000000e+00 0.000000e+00 6.000000e-02 0.000000e+00 1.800000e-03 
1.000000e+00 2.000000e-02 2.000000e-04 -6.000000e-02 -1.200000e-03 1.800000e-03 
1.000000e+00 2.000000e-02 2.000000e-04 -4.000000e-02 -8.000000e-04 8.000000e-04 
1.000000e+00 2.000000e-02 2.000000e-04 -2.000000e-02 -4.000000e-04 2.000000e-04 
1.000000e+00 2.000000e-02 2.000000e-04 0.000000e+00 0.000000e+00 0.000000e+00 
1.000000e+00 2.000000e-02 2.000000e-04 2.000000e-02 4.000000e-04 2.000000e-04 
1.000000e+00 2.000000e-02 2.000000e-04 4.000000e-02 8.000000e-04 8.000000e-04 
1.000000e+00 2.000000e-02 2.000000e-04 6.000000e-02 1.200000e-03 1.800000e-03 
1.000000e+00 4.000000e-02 8.000000e-04 -4.000000e-02 -1.600000e-03 8.000000e-04 
1.000000e+00 4.000000e-02 8.000000e-04 -2.000000e-02 -8.000000e-04 2.000000e-04 
1.000000e+00 4.000000e-02 8.000000e-04 0.000000e+00 0.000000e+00 0.000000e+00 
1.000000e+00 4.000000e-02 8.000000e-04 2.000000e-02 8.000000e-04 2.000000e-04 
1.000000e+00 4.000000e-02 8.000000e-04 4.000000e-02 1.600000e-03 8.000000e-04 
1.000000e+00 6.000000e-02 1.800000e-03 -2.000000e-02 -1.200000e-03 2.000000e-04 
1.000000e+00 6.000000e-02 1.800000e-03 0.000000e+00 0.000000e+00 0.000000e+00 
1.000000e+00 6.000000e-02 1.800000e-03 2.000000e-02 1.200000e-03 2.000000e-04 
W Matrix
7.461796e-03 0 0 0 0 0 0 0 0 0 0 0 0 0 0 0 0 0 0 0 0 0 0 0 0 0 0 0 0 0 0 0 0 0 0 0 0 
0 1.217752e-02 0 0 0 0 0 0 0 0 0 0 0 0 0 0 0 0 0 0 0 0 0 0 0 0 0 0 0 0 0 0 0 0 0 0 0 
0 0 7.461796e-03 0 0 0 0 0 0 0 0 0 0 0 0 0 0 0 0 0 0 0 0 0 0 0 0 0 0 0 0 0 0 0 0 0 0 
0 0 0 1.987351e-02 0 0 0 0 0 0 0 0 0 0 0 0 0 0 0 0 0 0 0 0 0 0 0 0 0 0 0 0 0 0 0 0 0 
0 0 0 0 8.638169e-02 0 0 0 0 0 0 0 0 0 0 0 0 0 0 0 0 0 0 0 0 0 0 0 0 0 0 0 0 0 0 0 0 
0 0 0 0 0 1.409735e-01 0 0 0 0 0 0 0 0 0 0 0 0 0 0 0 0 0 0 0 0 0 0 0 0 0 0 0 0 0 0 0 
0 0 0 0 0 0 8.638169e-02 0 0 0 0 0 0 0 0 0 0 0 0 0 0 0 0 0 0 0 0 0 0 0 0 0 0 0 0 0 0 
0 0 0 0 0 0 0 1.987351e-02 0 0 0 0 0 0 0 0 0 0 0 0 0 0 0 0 0 0 0 0 0 0 0 0 0 0 0 0 0 
0 0 0 0 0 0 0 0 7.461796e-03 0 0 0 0 0 0 0 0 0 0 0 0 0 0 0 0 0 0 0 0 0 0 0 0 0 0 0 0 
0 0 0 0 0 0 0 0 0 8.638169e-02 0 0 0 0 0 0 0 0 0 0 0 0 0 0 0 0 0 0 0 0 0 0 0 0 0 0 0 
0 0 0 0 0 0 0 0 0 0 3.754643e-01 0 0 0 0 0 0 0 0 0 0 0 0 0 0 0 0 0 0 0 0 0 0 0 0 0 0 
0 0 0 0 0 0 0 0 0 0 0 6.127514e-01 0 0 0 0 0 0 0 0 0 0 0 0 0 0 0 0 0 0 0 0 0 0 0 0 0 
0 0 0 0 0 0 0 0 0 0 0 0 3.754643e-01 0 0 0 0 0 0 0 0 0 0 0 0 0 0 0 0 0 0 0 0 0 0 0 0 
0 0 0 0 0 0 0 0 0 0 0 0 0 8.638169e-02 0 0 0 0 0 0 0 0 0 0 0 0 0 0 0 0 0 0 0 0 0 0 0 
0 0 0 0 0 0 0 0 0 0 0 0 0 0 7.461796e-03 0 0 0 0 0 0 0 0 0 0 0 0 0 0 0 0 0 0 0 0 0 0 
0 0 0 0 0 0 0 0 0 0 0 0 0 0 0 1.217752e-02 0 0 0 0 0 0 0 0 0 0 0 0 0 0 0 0 0 0 0 0 0 
0 0 0 0 0 0 0 0 0 0 0 0 0 0 0 0 1.409735e-01 0 0 0 0 0 0 0 0 0 0 0 0 0 0 0 0 0 0 0 0 
0 0 0 0 0 0 0 0 0 0 0 0 0 0 0 0 0 6.127514e-01 0 0 0 0 0 0 0 0 0 0 0 0 0 0 0 0 0 0 0 
0 0 0 0 0 0 0 0 0 0 0 0 0 0 0 0 0 0 1.000000e+00 0 0 0 0 0 0 0 0 0 0 0 0 0 0 0 0 0 0 
0 0 0 0 0 0 0 0 0 0 0 0 0 0 0 0 0 0 0 6.127514e-01 0 0 0 0 0 0 0 0 0 0 0 0 0 0 0 0 0 
0 0 0 0 0 0 0 0 0 0 0 0 0 0 0 0 0 0 0 0 1.409735e-01 0 0 0 0 0 0 0 0 0 0 0 0 0 0 0 0 
0 0 0 0 0 0 0 0 0 0 0 0 0 0 0 0 0 0 0 0 0 1.217752e-02 0 0 0 0 0 0 0 0 0 0 0 0 0 0 0 
0 0 0 0 0 0 0 0 0 0 0 0 0 0 0 0 0 0 0 0 0 0 7.461796e-03 0 0 0 0 0 0 0 0 0 0 0 0 0 0 
0 0 0 0 0 0 0 0 0 0 0 0 0 0 0 0 0 0 0 0 0 0 0 8.638169e-02 0 0 0 0 0 0 0 0 0 0 0 0 0 
0 0 0 0 0 0 0 0 0 0 0 0 0 0 0 0 0 0 0 0 0 0 0 0 3.754643e-01 0 0 0 0 0 0 0 0 0 0 0 0 
0 0 0 0 0 0 0 0 0 0 0 0 0 0 0 0 0 0 0 0 0 0 0 0 0 6.127514e-01 0 0 0 0 0 0 0 0 0 0 0 
0 0 0 0 0 0 0 0 0 0 0 0 0 0 0 0 0 0 0 0 0 0 0 0 0 0 3.754643e-01 0 0 0 0 0 0 0 0 0 0 
0 0 0 0 0 0 0 0 0 0 0 0 0 0 0 0 0 0 0 0 0 0 0 0 0 0 0 8.638169e-02 0 0 0 0 0 0 0 0 0 
0 0 0 0 0 0 0 0 0 0 0 0 0 0 0 0 0 0 0 0 0 0 0 0 0 0 0 0 7.461796e-03 0 0 0 0 0 0 0 0 
0 0 0 0 0 0 0 0 0 0 0 0 0 0 0 0 0 0 0 0 0 0 0 0 0 0 0 0 0 1.987351e-02 0 0 0 0 0 0 0 
0 0 0 0 0 0 0 0 0 0 0 0 0 0 0 0 0 0 0 0 0 0 0 0 0 0 0 0 0 0 8.638169e-02 0 0 0 0 0 0 
0 0 0 0 0 0 0 0 0 0 0 0 0 0 0 0 0 0 0 0 0 0 0 0 0 0 0 0 0 0 0 1.409735e-01 0 0 0 0 0 
0 0 0 0 0 0 0 0 0 0 0 0 0 0 0 0 0 0 0 0 0 0 0 0 0 0 0 0 0 0 0 0 8.638169e-02 0 0 0 0 
0 0 0 0 0 0 0 0 0 0 0 0 0 0 0 0 0 0 0 0 0 0 0 0 0 0 0 0 0 0 0 0 0 1.987351e-02 0 0 0 
0 0 0 0 0 0 0 0 0 0 0 0 0 0 0 0 0 0 0 0 0 0 0 0 0 0 0 0 0 0 0 0 0 0 7.461796e-03 0 0 
0 0 0 0 0 0 0 0 0 0 0 0 0 0 0 0 0 0 0 0 0 0 0 0 0 0 0 0 0 0 0 0 0 0 0 1.217752e-02 0 
0 0 0 0 0 0 0 0 0 0 0 0 0 0 0 0 0 0 0 0 0 0 0 0 0 0 0 0 0 0 0 0 0 0 0 0 7.461796e-03 
Identity Matrix
1.000000e+00 -6.694093e-25 5.826450e-13 5.450587e-25 -6.565847e-26 0.000000e+00 
7.703720e-34 1.000000e+00 -4.437343e-30 -7.456222e-42 -9.537719e-29 0.000000e+00 
6.776264e-20 -1.220251e-28 1.000000e+00 1.200070e-28 -1.514551e-29 0.000000e+00 
3.081488e-33 -1.898785e-32 7.888609e-31 1.000000e+00 5.993643e-29 0.000000e+00 
-1.504633e-36 1.386772e-31 -7.703720e-34 -7.951125e-32 1.000000e+00 0.000000e+00 
5.421011e-20 -3.976756e-29 0.000000e+00 4.652430e-29 -6.076694e-30 1.000000e+00 
MTWMINvMTW Matrix
-3.822168e-03 -5.219092e-03 -3.822168e-03 -6.855099e-03 -8.119335e-03 -1.458529e-03 -8.119335e-03 -6.855099e-03 -3.822168e-03 -8.119335e-03 5.892876e-02 1.474259e-01 5.892876e-02 -8.119335e-03 -3.822168e-03 -5.219092e-03 -1.458529e-03 1.474259e-01 3.242442e-01 1.474259e-01 -1.458529e-03 -5.219092e-03 -3.822168e-03 -8.119335e-03 5.892876e-02 1.474259e-01 5.892876e-02 -8.119335e-03 -3.822168e-03 -6.855099e-03 -8.119335e-03 -1.458529e-03 -8.119335e-03 -6.855099e-03 -3.822168e-03 -5.219092e-03 -3.822168e-03 
-1.743838e-01 -2.845914e-01 -1.743838e-01 -3.096323e-01 -1.345839e+00 -2.196387e+00 -1.345839e+00 -3.096323e-01 -5.812793e-02 -6.729196e-01 -2.924894e+00 -4.773378e+00 -2.924894e+00 -6.729196e-01 -5.812793e-02 7.115928e-17 8.862568e-16 4.015123e-15 6.641253e-15 4.015123e-15 8.862568e-16 7.115928e-17 5.812793e-02 6.729196e-01 2.924894e+00 4.773378e+00 2.924894e+00 6.729196e-01 5.812793e-02 3.096323e-01 1.345839e+00 2.196387e+00 1.345839e+00 3.096323e-01 1.743838e-01 2.845914e-01 1.743838e-01 
2.415174e+01 3.926932e+01 2.415174e+01 2.481790e+01 1.047676e+02 1.692897e+02 1.047676e+02 2.481790e+01 7.042523e-01 2.977383e+00 -5.557746e-01 -8.249409e+00 -5.557746e-01 2.977383e+00 7.042523e-01 -3.779830e+00 -5.220349e+01 -2.489335e+02 -4.182379e+02 -2.489335e+02 -5.220349e+01 -3.779830e+00 7.042523e-01 2.977383e+00 -5.557746e-01 -8.249409e+00 -5.557746e-01 2.977383e+00 7.042523e-01 2.481790e+01 1.047676e+02 1.692897e+02 1.047676e+02 2.481790e+01 2.415174e+01 3.926932e+01 2.415174e+01 
-5.812793e-02 -2.975059e-18 5.812793e-02 -3.096323e-01 -6.729196e-01 -2.772426e-16 6.729196e-01 3.096323e-01 -1.743838e-01 -1.345839e+00 -2.924894e+00 -1.833229e-15 2.924894e+00 1.345839e+00 1.743838e-01 -2.845914e-01 -2.196387e+00 -4.773378e+00 -3.319815e-15 4.773378e+00 2.196387e+00 2.845914e-01 -1.743838e-01 -1.345839e+00 -2.924894e+00 -1.808032e-15 2.924894e+00 1.345839e+00 1.743838e-01 -3.096323e-01 -6.729196e-01 -2.656484e-16 6.729196e-01 3.096323e-01 -5.812793e-02 -1.472770e-18 5.812793e-02 
9.211752e+00 1.415878e-14 -9.211752e+00 3.271239e+01 7.109340e+01 1.092654e-13 -7.109340e+01 -3.271239e+01 9.211752e+00 7.109340e+01 1.545063e+02 2.363366e-13 -1.545063e+02 -7.109340e+01 -9.211752e+00 -7.599850e-15 -6.129958e-14 -1.400849e-13 -5.444760e-15 1.438027e-13 6.932636e-14 9.325685e-15 -9.211752e+00 -7.109340e+01 -1.545063e+02 -2.440886e-13 1.545063e+02 7.109340e+01 9.211752e+00 -3.271239e+01 -7.109340e+01 -1.117939e-13 7.109340e+01 3.271239e+01 -9.211752e+00 -1.448444e-14 9.211752e+00 
7.042523e-01 -3.779830e+00 7.042523e-01 2.481790e+01 2.977383e+00 -5.220349e+01 2.977383e+00 2.481790e+01 2.415174e+01 1.047676e+02 -5.557746e-01 -2.489335e+02 -5.557746e-01 1.047676e+02 2.415174e+01 3.926932e+01 1.692897e+02 -8.249409e+00 -4.182379e+02 -8.249409e+00 1.692897e+02 3.926932e+01 2.415174e+01 1.047676e+02 -5.557746e-01 -2.489335e+02 -5.557746e-01 1.047676e+02 2.415174e+01 2.481790e+01 2.977383e+00 -5.220349e+01 2.977383e+00 2.481790e+01 7.042523e-01 -3.779830e+00 7.042523e-01 
Number of (Rows, Cols) = (15,6)
Neighbour Type
Left Left Left Left Left Left Left Left Left Left Left Left Left Left Left 
M Matrix
1.000000e+00 -6.000000e-02 1.800000e-03 -2.000000e-02 1.200000e-03 2.000000e-04 
1.000000e+00 -6.000000e-02 1.800000e-03 0.000000e+00 -0.000000e+00 0.000000e+00 
1.000000e+00 -6.000000e-02 1.800000e-03 2.000000e-02 -1.200000e-03 2.000000e-04 
1.000000e+00 -4.000000e-02 8.000000e-04 -4.000000e-02 1.600000e-03 8.000000e-04 
1.000000e+00 -4.000000e-02 8.000000e-04 -2.000000e-02 8.000000e-04 2.000000e-04 
1.000000e+00 -4.000000e-02 8.000000e-04 0.000000e+00 -0.000000e+00 0.000000e+00 
1.000000e+00 -4.000000e-02 8.000000e-04 2.000000e-02 -8.000000e-04 2.000000e-04 
1.000000e+00 -4.000000e-02 8.000000e-04 4.000000e-02 -1.600000e-03 8.000000e-04 
1.000000e+00 -2.000000e-02 2.000000e-04 -6.000000e-02 1.200000e-03 1.800000e-03 
1.000000e+00 -2.000000e-02 2.000000e-04 -4.000000e-02 8.000000e-04 8.000000e-04 
1.000000e+00 -2.000000e-02 2.000000e-04 -2.000000e-02 4.000000e-04 2.000000e-04 
1.000000e+00 -2.000000e-02 2.000000e-04 0.000000e+00 -0.000000e+00 0.000000e+00 
1.000000e+00 -2.000000e-02 2.000000e-04 2.000000e-02 -4.000000e-04 2.000000e-04 
1.000000e+00 -2.000000e-02 2.000000e-04 4.000000e-02 -8.000000e-04 8.000000e-04 
1.000000e+00 -2.000000e-02 2.000000e-04 6.000000e-02 -1.200000e-03 1.800000e-03 
W Matrix
7.461796e-03 0 0 0 0 0 0 0 0 0 0 0 0 0 0 
0 1.217752e-02 0 0 0 0 0 0 0 0 0 0 0 0 0 
0 0 7.461796e-03 0 0 0 0 0 0 0 0 0 0 0 0 
0 0 0 1.987351e-02 0 0 0 0 0 0 0 0 0 0 0 
0 0 0 0 8.638169e-02 0 0 0 0 0 0 0 0 0 0 
0 0 0 0 0 1.409735e-01 0 0 0 0 0 0 0 0 0 
0 0 0 0 0 0 8.638169e-02 0 0 0 0 0 0 0 0 
0 0 0 0 0 0 0 1.987351e-02 0 0 0 0 0 0 0 
0 0 0 0 0 0 0 0 7.461796e-03 0 0 0 0 0 0 
0 0 0 0 0 0 0 0 0 8.638169e-02 0 0 0 0 0 
0 0 0 0 0 0 0 0 0 0 3.754643e-01 0 0 0 0 
0 0 0 0 0 0 0 0 0 0 0 6.127514e-01 0 0 0 
0 0 0 0 0 0 0 0 0 0 0 0 3.754643e-01 0 0 
0 0 0 0 0 0 0 0 0 0 0 0 0 8.638169e-02 0 
0 0 0 0 0 0 0 0 0 0 0 0 0 0 7.461796e-03 
Identity Matrix
9.965862e-01 -2.425714e-01 -7.379118e+00 7.141185e-16 2.846063e-15 -3.248320e-02 
-5.413399e-05 9.961534e-01 -1.170153e-01 1.132422e-17 4.513179e-17 -5.151063e-04 
3.436093e-07 2.441589e-05 1.000743e+00 -7.187919e-20 -2.864689e-19 3.269578e-06 
2.472881e-20 1.757158e-18 5.345344e-17 1.000000e+00 -6.960953e-29 2.353044e-19 
-1.611873e-22 -1.145351e-20 -3.484202e-19 6.791601e-32 1.000000e+00 -1.533761e-21 
-5.828612e-10 -4.141644e-08 -1.259904e-06 1.219280e-22 4.859345e-22 1.000000e+00 
MTWMINvMTW Matrix
2.725415e-01 4.474238e-01 2.725415e-01 -1.808861e-01 -7.300417e-01 -1.160847e+00 -7.300417e-01 -1.808861e-01 1.468348e-03 1.106530e-01 7.252077e-01 1.316395e+00 7.252077e-01 1.106530e-01 1.468348e-03 
2.052437e+01 3.343100e+01 2.052437e+01 -1.085497e+01 -4.855289e+01 -7.998330e+01 -4.855289e+01 -1.085497e+01 9.134084e-01 8.289160e+00 3.007045e+01 4.583280e+01 3.007045e+01 8.289160e+00 9.134084e-01 
6.847754e+02 1.114958e+03 6.847754e+02 -2.661884e+02 -1.211996e+03 -2.007871e+03 -1.211996e+03 -2.661884e+02 2.457681e+01 1.928666e+02 5.992974e+02 8.480224e+02 5.992974e+02 1.928666e+02 2.457681e+01 
2.289035e+00 -5.279100e-15 -2.289035e+00 4.893489e+00 1.063495e+01 3.262039e-14 -1.063495e+01 -4.893489e+00 -1.355113e+00 -1.045833e+01 -2.272896e+01 -1.814867e-14 2.272896e+01 1.045833e+01 1.355113e+00 
1.045019e+02 -2.216095e-13 -1.045019e+02 2.494428e+02 5.421107e+02 1.420480e-12 -5.421107e+02 -2.494428e+02 -3.253506e+01 -2.510954e+02 -5.457022e+02 -4.971949e-13 5.457022e+02 2.510954e+02 3.253506e+01 
4.635072e+00 -9.225814e+00 4.635072e+00 8.388273e+01 7.297423e+00 -1.824626e+02 7.297423e+00 8.388273e+01 8.214057e+01 3.553942e+02 -8.305355e+00 -8.584059e+02 -8.305355e+00 3.553942e+02 8.214057e+01 
Number of (Rows, Cols) = (15,6)
Neighbour Type
Right Right Right Right Right Right Right Right Right Right Right Right Right Right Right 
M Matrix
1.000000e+00 2.000000e-02 2.000000e-04 -6.000000e-02 -1.200000e-03 1.800000e-03 
1.000000e+00 2.000000e-02 2.000000e-04 -4.000000e-02 -8.000000e-04 8.000000e-04 
1.000000e+00 2.000000e-02 2.000000e-04 -2.000000e-02 -4.000000e-04 2.000000e-04 
1.000000e+00 2.000000e-02 2.000000e-04 0.000000e+00 0.000000e+00 0.000000e+00 
1.000000e+00 2.000000e-02 2.000000e-04 2.000000e-02 4.000000e-04 2.000000e-04 
1.000000e+00 2.000000e-02 2.000000e-04 4.000000e-02 8.000000e-04 8.000000e-04 
1.000000e+00 2.000000e-02 2.000000e-04 6.000000e-02 1.200000e-03 1.800000e-03 
1.000000e+00 4.000000e-02 8.000000e-04 -4.000000e-02 -1.600000e-03 8.000000e-04 
1.000000e+00 4.000000e-02 8.000000e-04 -2.000000e-02 -8.000000e-04 2.000000e-04 
1.000000e+00 4.000000e-02 8.000000e-04 0.000000e+00 0.000000e+00 0.000000e+00 
1.000000e+00 4.000000e-02 8.000000e-04 2.000000e-02 8.000000e-04 2.000000e-04 
1.000000e+00 4.000000e-02 8.000000e-04 4.000000e-02 1.600000e-03 8.000000e-04 
1.000000e+00 6.000000e-02 1.800000e-03 -2.000000e-02 -1.200000e-03 2.000000e-04 
1.000000e+00 6.000000e-02 1.800000e-03 0.000000e+00 0.000000e+00 0.000000e+00 
1.000000e+00 6.000000e-02 1.800000e-03 2.000000e-02 1.200000e-03 2.000000e-04 
W Matrix
7.461796e-03 0 0 0 0 0 0 0 0 0 0 0 0 0 0 
0 8.638169e-02 0 0 0 0 0 0 0 0 0 0 0 0 0 
0 0 3.754643e-01 0 0 0 0 0 0 0 0 0 0 0 0 
0 0 0 6.127514e-01 0 0 0 0 0 0 0 0 0 0 0 
0 0 0 0 3.754643e-01 0 0 0 0 0 0 0 0 0 0 
0 0 0 0 0 8.638169e-02 0 0 0 0 0 0 0 0 0 
0 0 0 0 0 0 7.461796e-03 0 0 0 0 0 0 0 0 
0 0 0 0 0 0 0 1.987351e-02 0 0 0 0 0 0 0 
0 0 0 0 0 0 0 0 8.638169e-02 0 0 0 0 0 0 
0 0 0 0 0 0 0 0 0 1.409735e-01 0 0 0 0 0 
0 0 0 0 0 0 0 0 0 0 8.638169e-02 0 0 0 0 
0 0 0 0 0 0 0 0 0 0 0 1.987351e-02 0 0 0 
0 0 0 0 0 0 0 0 0 0 0 0 7.461796e-03 0 0 
0 0 0 0 0 0 0 0 0 0 0 0 0 1.217752e-02 0 
0 0 0 0 0 0 0 0 0 0 0 0 0 0 7.461796e-03 
Identity Matrix
9.965862e-01 2.425714e-01 -7.379118e+00 -1.813770e-16 6.852460e-15 -3.248320e-02 
5.413399e-05 9.961534e-01 1.170153e-01 2.876208e-18 -1.086637e-16 5.151063e-04 
3.436093e-07 -2.441589e-05 1.000743e+00 1.825640e-20 -6.897305e-19 3.269578e-06 
-8.207781e-20 5.832212e-18 -1.774182e-16 1.000000e+00 4.646645e-29 -7.810028e-19 
-5.574229e-22 3.960886e-20 -1.204917e-18 5.551115e-17 1.000000e+00 -5.304099e-21 
-5.828612e-10 4.141644e-08 -1.259904e-06 -3.096816e-23 1.169983e-21 1.000000e+00 
MTWMINvMTW Matrix
1.468348e-03 1.106530e-01 7.252077e-01 1.316395e+00 7.252077e-01 1.106530e-01 1.468348e-03 -1.808861e-01 -7.300417e-01 -1.160847e+00 -7.300417e-01 -1.808861e-01 2.725415e-01 4.474238e-01 2.725415e-01 
-9.134084e-01 -8.289160e+00 -3.007045e+01 -4.583280e+01 -3.007045e+01 -8.289160e+00 -9.134084e-01 1.085497e+01 4.855289e+01 7.998330e+01 4.855289e+01 1.085497e+01 -2.052437e+01 -3.343100e+01 -2.052437e+01 
2.457681e+01 1.928666e+02 5.992974e+02 8.480224e+02 5.992974e+02 1.928666e+02 2.457681e+01 -2.661884e+02 -1.211996e+03 -2.007871e+03 -1.211996e+03 -2.661884e+02 6.847754e+02 1.114958e+03 6.847754e+02 
-1.355113e+00 -1.045833e+01 -2.272896e+01 3.529237e-14 2.272896e+01 1.045833e+01 1.355113e+00 4.893489e+00 1.063495e+01 -5.980670e-14 -1.063495e+01 -4.893489e+00 2.289035e+00 3.370379e-14 -2.289035e+00 
3.253506e+01 2.510954e+02 5.457022e+02 -1.679941e-12 -5.457022e+02 -2.510954e+02 -3.253506e+01 -2.494428e+02 -5.421107e+02 2.295730e-12 5.421107e+02 2.494428e+02 -1.045019e+02 -1.349102e-12 1.045019e+02 
8.214057e+01 3.553942e+02 -8.305355e+00 -8.584059e+02 -8.305355e+00 3.553942e+02 8.214057e+01 8.388273e+01 7.297423e+00 -1.824626e+02 7.297423e+00 8.388273e+01 4.635072e+00 -9.225814e+00 4.635072e+00 
Number of (Rows, Cols) = (15,6)
Neighbour Type
Bottom Bottom Bottom Bottom Bottom Bottom Bottom Bottom Bottom Bottom Bottom Bottom Bottom Bottom Bottom 
M Matrix
1.000000e+00 -6.000000e-02 1.800000e-03 -2.000000e-02 1.200000e-03 2.000000e-04 
1.000000e+00 -4.000000e-02 8.000000e-04 -4.000000e-02 1.600000e-03 8.000000e-04 
1.000000e+00 -4.000000e-02 8.000000e-04 -2.000000e-02 8.000000e-04 2.000000e-04 
1.000000e+00 -2.000000e-02 2.000000e-04 -6.000000e-02 1.200000e-03 1.800000e-03 
1.000000e+00 -2.000000e-02 2.000000e-04 -4.000000e-02 8.000000e-04 8.000000e-04 
1.000000e+00 -2.000000e-02 2.000000e-04 -2.000000e-02 4.000000e-04 2.000000e-04 
1.000000e+00 0.000000e+00 0.000000e+00 -6.000000e-02 -0.000000e+00 1.800000e-03 
1.000000e+00 0.000000e+00 0.000000e+00 -4.000000e-02 -0.000000e+00 8.000000e-04 
1.000000e+00 0.000000e+00 0.000000e+00 -2.000000e-02 -0.000000e+00 2.000000e-04 
1.000000e+00 2.000000e-02 2.000000e-04 -6.000000e-02 -1.200000e-03 1.800000e-03 
1.000000e+00 2.000000e-02 2.000000e-04 -4.000000e-02 -8.000000e-04 8.000000e-04 
1.000000e+00 2.000000e-02 2.000000e-04 -2.000000e-02 -4.000000e-04 2.000000e-04 
1.000000e+00 4.000000e-02 8.000000e-04 -4.000000e-02 -1.600000e-03 8.000000e-04 
1.000000e+00 4.000000e-02 8.000000e-04 -2.000000e-02 -8.000000e-04 2.000000e-04 
1.000000e+00 6.000000e-02 1.800000e-03 -2.000000e-02 -1.200000e-03 2.000000e-04 
W Matrix
7.461796e-03 0 0 0 0 0 0 0 0 0 0 0 0 0 0 
0 1.987351e-02 0 0 0 0 0 0 0 0 0 0 0 0 0 
0 0 8.638169e-02 0 0 0 0 0 0 0 0 0 0 0 0 
0 0 0 7.461796e-03 0 0 0 0 0 0 0 0 0 0 0 
0 0 0 0 8.638169e-02 0 0 0 0 0 0 0 0 0 0 
0 0 0 0 0 3.754643e-01 0 0 0 0 0 0 0 0 0 
0 0 0 0 0 0 1.217752e-02 0 0 0 0 0 0 0 0 
0 0 0 0 0 0 0 1.409735e-01 0 0 0 0 0 0 0 
0 0 0 0 0 0 0 0 6.127514e-01 0 0 0 0 0 0 
0 0 0 0 0 0 0 0 0 7.461796e-03 0 0 0 0 0 
0 0 0 0 0 0 0 0 0 0 8.638169e-02 0 0 0 0 
0 0 0 0 0 0 0 0 0 0 0 3.754643e-01 0 0 0 
0 0 0 0 0 0 0 0 0 0 0 0 1.987351e-02 0 0 
0 0 0 0 0 0 0 0 0 0 0 0 0 8.638169e-02 0 
0 0 0 0 0 0 0 0 0 0 0 0 0 0 7.461796e-03 
Identity Matrix
9.965835e-01 -7.142887e-16 1.342466e-02 -2.420731e-01 -1.332136e-14 -7.362075e+00 
-3.909785e-20 1.000000e+00 1.536303e-19 -2.770258e-18 -3.475245e-27 -8.425075e-17 
-8.530699e-07 -1.783525e-19 1.000003e+00 -6.044382e-05 -3.326241e-18 -1.838254e-03 
-5.447696e-05 -1.138957e-17 2.140607e-04 9.961401e-01 -2.124134e-16 -1.173907e-01 
1.451524e-21 2.552953e-30 -5.703591e-21 1.028470e-19 1.000000e+00 3.127845e-18 
3.465576e-07 7.245526e-20 -1.361757e-06 2.455516e-05 1.351278e-18 1.000747e+00 
MTWMINvMTW Matrix
1.538873e-03 -1.808149e-01 1.109584e-01 2.725480e-01 -7.300388e-01 7.252020e-01 4.474198e-01 -1.161009e+00 1.315661e+00 2.725480e-01 -7.300388e-01 7.252020e-01 -1.808149e-01 1.109584e-01 1.538873e-03 
-1.355113e+00 4.893489e+00 -1.045833e+01 2.289035e+00 1.063495e+01 -2.272896e+01 2.698418e-14 -7.134079e-14 8.333640e-14 -2.289035e+00 -1.063495e+01 2.272896e+01 -4.893489e+00 1.045833e+01 1.355113e+00 
8.213985e+01 8.389557e+01 3.553870e+02 4.607524e+00 7.353848e+00 -8.334253e+00 -9.270743e+00 -1.823702e+02 -8.584516e+02 4.607524e+00 7.353848e+00 -8.334253e+00 8.389557e+01 3.553870e+02 8.213985e+01 
9.183006e-01 -1.084983e+01 8.310279e+00 2.052441e+01 -4.855186e+01 3.006962e+01 3.343006e+01 -7.999320e+01 4.578107e+01 2.052441e+01 -4.855186e+01 3.006962e+01 -1.084983e+01 8.310279e+00 9.183006e-01 
-3.253506e+01 2.494428e+02 -2.510954e+02 1.045019e+02 5.421107e+02 -5.457022e+02 1.054306e-12 -3.015117e-12 2.648276e-12 -1.045019e+02 -5.421107e+02 5.457022e+02 -2.494428e+02 2.510954e+02 3.253506e+01 
2.472247e+01 -2.660348e+02 1.934952e+02 6.847754e+02 -1.211963e+03 5.992717e+02 1.114928e+03 -2.008162e+03 8.464799e+02 6.847754e+02 -1.211963e+03 5.992717e+02 -2.660348e+02 1.934952e+02 2.472247e+01 
Number of (Rows, Cols) = (15,6)
Neighbour Type
Top Top Top Top Top Top Top Top Top Top Top Top Top Top Top 
M Matrix
1.000000e+00 -6.000000e-02 1.800000e-03 2.000000e-02 -1.200000e-03 2.000000e-04 
1.000000e+00 -4.000000e-02 8.000000e-04 2.000000e-02 -8.000000e-04 2.000000e-04 
1.000000e+00 -4.000000e-02 8.000000e-04 4.000000e-02 -1.600000e-03 8.000000e-04 
1.000000e+00 -2.000000e-02 2.000000e-04 2.000000e-02 -4.000000e-04 2.000000e-04 
1.000000e+00 -2.000000e-02 2.000000e-04 4.000000e-02 -8.000000e-04 8.000000e-04 
1.000000e+00 -2.000000e-02 2.000000e-04 6.000000e-02 -1.200000e-03 1.800000e-03 
1.000000e+00 0.000000e+00 0.000000e+00 2.000000e-02 0.000000e+00 2.000000e-04 
1.000000e+00 0.000000e+00 0.000000e+00 4.000000e-02 0.000000e+00 8.000000e-04 
1.000000e+00 0.000000e+00 0.000000e+00 6.000000e-02 0.000000e+00 1.800000e-03 
1.000000e+00 2.000000e-02 2.000000e-04 2.000000e-02 4.000000e-04 2.000000e-04 
1.000000e+00 2.000000e-02 2.000000e-04 4.000000e-02 8.000000e-04 8.000000e-04 
1.000000e+00 2.000000e-02 2.000000e-04 6.000000e-02 1.200000e-03 1.800000e-03 
1.000000e+00 4.000000e-02 8.000000e-04 2.000000e-02 8.000000e-04 2.000000e-04 
1.000000e+00 4.000000e-02 8.000000e-04 4.000000e-02 1.600000e-03 8.000000e-04 
1.000000e+00 6.000000e-02 1.800000e-03 2.000000e-02 1.200000e-03 2.000000e-04 
W Matrix
7.461796e-03 0 0 0 0 0 0 0 0 0 0 0 0 0 0 
0 8.638169e-02 0 0 0 0 0 0 0 0 0 0 0 0 0 
0 0 1.987351e-02 0 0 0 0 0 0 0 0 0 0 0 0 
0 0 0 3.754643e-01 0 0 0 0 0 0 0 0 0 0 0 
0 0 0 0 8.638169e-02 0 0 0 0 0 0 0 0 0 0 
0 0 0 0 0 7.461796e-03 0 0 0 0 0 0 0 0 0 
0 0 0 0 0 0 6.127514e-01 0 0 0 0 0 0 0 0 
0 0 0 0 0 0 0 1.409735e-01 0 0 0 0 0 0 0 
0 0 0 0 0 0 0 0 1.217752e-02 0 0 0 0 0 0 
0 0 0 0 0 0 0 0 0 3.754643e-01 0 0 0 0 0 
0 0 0 0 0 0 0 0 0 0 8.638169e-02 0 0 0 0 
0 0 0 0 0 0 0 0 0 0 0 7.461796e-03 0 0 0 
0 0 0 0 0 0 0 0 0 0 0 0 8.638169e-02 0 0 
0 0 0 0 0 0 0 0 0 0 0 0 0 1.987351e-02 0 
0 0 0 0 0 0 0 0 0 0 0 0 0 0 7.461796e-03 
Identity Matrix
9.965835e-01 7.145130e-16 1.342466e-02 2.420731e-01 -9.551293e-15 -7.362075e+00 
1.360174e-19 1.000000e+00 -5.344641e-19 -9.637440e-18 -2.700211e-27 2.930997e-16 
-8.530699e-07 1.784084e-19 1.000003e+00 6.044382e-05 -2.384885e-18 -1.838254e-03 
5.447696e-05 -1.139315e-17 -2.140607e-04 9.961401e-01 1.522985e-16 1.173907e-01 
-4.766490e-22 2.775558e-17 1.872936e-21 3.377272e-20 1.000000e+00 -1.027116e-18 
3.465576e-07 -7.247801e-20 -1.361757e-06 -2.455516e-05 9.688539e-19 1.000747e+00 
MTWMINvMTW Matrix
1.538873e-03 1.109584e-01 -1.808149e-01 7.252020e-01 -7.300388e-01 2.725480e-01 1.315661e+00 -1.161009e+00 4.474198e-01 7.252020e-01 -7.300388e-01 2.725480e-01 1.109584e-01 -1.808149e-01 1.538873e-03 
-1.355113e+00 -1.045833e+01 4.893489e+00 -2.272896e+01 1.063495e+01 2.289035e+00 -1.621182e-14 6.092036e-14 -3.351993e-14 2.272896e+01 -1.063495e+01 -2.289035e+00 1.045833e+01 -4.893489e+00 1.355113e+00 
8.213985e+01 3.553870e+02 8.389557e+01 -8.334253e+00 7.353848e+00 4.607524e+00 -8.584516e+02 -1.823702e+02 -9.270743e+00 -8.334253e+00 7.353848e+00 4.607524e+00 3.553870e+02 8.389557e+01 8.213985e+01 
-9.183006e-01 -8.310279e+00 1.084983e+01 -3.006962e+01 4.855186e+01 -2.052441e+01 -4.578107e+01 7.999320e+01 -3.343006e+01 -3.006962e+01 4.855186e+01 -2.052441e+01 -8.310279e+00 1.084983e+01 -9.183006e-01 
3.253506e+01 2.510954e+02 -2.494428e+02 5.457022e+02 -5.421107e+02 -1.045019e+02 1.404705e-12 -2.429526e-12 1.430225e-12 -5.457022e+02 5.421107e+02 1.045019e+02 -2.510954e+02 2.494428e+02 -3.253506e+01 
2.472247e+01 1.934952e+02 -2.660348e+02 5.992717e+02 -1.211963e+03 6.847754e+02 8.464799e+02 -2.008162e+03 1.114928e+03 5.992717e+02 -1.211963e+03 6.847754e+02 1.934952e+02 -2.660348e+02 2.472247e+01 
Number of (Rows, Cols) = (37,6)
Neighbour Type
Center Center Center Center Center Center Center Center Center Center Center Center Center Center Center Center Center Center Center Center Center Center Center Center Center Center Center Center Center Center Center Center Center Center Center Center Center 
M Matrix
1.000000e+00 -6.000000e-02 1.800000e-03 -2.000000e-02 1.200000e-03 2.000000e-04 
1.000000e+00 -6.000000e-02 1.800000e-03 0.000000e+00 -0.000000e+00 0.000000e+00 
1.000000e+00 -6.000000e-02 1.800000e-03 2.000000e-02 -1.200000e-03 2.000000e-04 
1.000000e+00 -4.000000e-02 8.000000e-04 -4.000000e-02 1.600000e-03 8.000000e-04 
1.000000e+00 -4.000000e-02 8.000000e-04 -2.000000e-02 8.000000e-04 2.000000e-04 
1.000000e+00 -4.000000e-02 8.000000e-04 0.000000e+00 -0.000000e+00 0.000000e+00 
1.000000e+00 -4.000000e-02 8.000000e-04 2.000000e-02 -8.000000e-04 2.000000e-04 
1.000000e+00 -4.000000e-02 8.000000e-04 4.000000e-02 -1.600000e-03 8.000000e-04 
1.000000e+00 -2.000000e-02 2.000000e-04 -6.000000e-02 1.200000e-03 1.800000e-03 
1.000000e+00 -2.000000e-02 2.000000e-04 -4.000000e-02 8.000000e-04 8.000000e-04 
1.000000e+00 -2.000000e-02 2.000000e-04 -2.000000e-02 4.000000e-04 2.000000e-04 
1.000000e+00 -2.000000e-02 2.000000e-04 0.000000e+00 -0.000000e+00 0.000000e+00 
1.000000e+00 -2.000000e-02 2.000000e-04 2.000000e-02 -4.000000e-04 2.000000e-04 
1.000000e+00 -2.000000e-02 2.000000e-04 4.000000e-02 -8.000000e-04 8.000000e-04 
1.000000e+00 -2.000000e-02 2.000000e-04 6.000000e-02 -1.200000e-03 1.800000e-03 
1.000000e+00 0.000000e+00 0.000000e+00 -6.000000e-02 -0.000000e+00 1.800000e-03 
1.000000e+00 0.000000e+00 0.000000e+00 -4.000000e-02 -0.000000e+00 8.000000e-04 
1.000000e+00 0.000000e+00 0.000000e+00 -2.000000e-02 -0.000000e+00 2.000000e-04 
1.000000e+00 0.000000e+00 0.000000e+00 0.000000e+00 0.000000e+00 0.000000e+00 
1.000000e+00 0.000000e+00 0.000000e+00 2.000000e-02 0.000000e+00 2.000000e-04 
1.000000e+00 0.000000e+00 0.000000e+00 4.000000e-02 0.000000e+00 8.000000e-04 
1.000000e+00 0.000000e+00 0.000000e+00 6.000000e-02 0.000000e+00 1.800000e-03 
1.000000e+00 2.000000e-02 2.000000e-04 -6.000000e-02 -1.200000e-03 1.800000e-03 
1.000000e+00 2.000000e-02 2.000000e-04 -4.000000e-02 -8.000000e-04 8.000000e-04 
1.000000e+00 2.000000e-02 2.000000e-04 -2.000000e-02 -4.000000e-04 2.000000e-04 
1.000000e+00 2.000000e-02 2.000000e-04 0.000000e+00 0.000000e+00 0.000000e+00 
1.000000e+00 2.000000e-02 2.000000e-04 2.000000e-02 4.000000e-04 2.000000e-04 
1.000000e+00 2.000000e-02 2.000000e-04 4.000000e-02 8.000000e-04 8.000000e-04 
1.000000e+00 2.000000e-02 2.000000e-04 6.000000e-02 1.200000e-03 1.800000e-03 
1.000000e+00 4.000000e-02 8.000000e-04 -4.000000e-02 -1.600000e-03 8.000000e-04 
1.000000e+00 4.000000e-02 8.000000e-04 -2.000000e-02 -8.000000e-04 2.000000e-04 
1.000000e+00 4.000000e-02 8.000000e-04 0.000000e+00 0.000000e+00 0.000000e+00 
1.000000e+00 4.000000e-02 8.000000e-04 2.000000e-02 8.000000e-04 2.000000e-04 
1.000000e+00 4.000000e-02 8.000000e-04 4.000000e-02 1.600000e-03 8.000000e-04 
1.000000e+00 6.000000e-02 1.800000e-03 -2.000000e-02 -1.200000e-03 2.000000e-04 
1.000000e+00 6.000000e-02 1.800000e-03 0.000000e+00 0.000000e+00 0.000000e+00 
1.000000e+00 6.000000e-02 1.800000e-03 2.000000e-02 1.200000e-03 2.000000e-04 
W Matrix
7.461796e-03 0 0 0 0 0 0 0 0 0 0 0 0 0 0 0 0 0 0 0 0 0 0 0 0 0 0 0 0 0 0 0 0 0 0 0 0 
0 1.217752e-02 0 0 0 0 0 0 0 0 0 0 0 0 0 0 0 0 0 0 0 0 0 0 0 0 0 0 0 0 0 0 0 0 0 0 0 
0 0 7.461796e-03 0 0 0 0 0 0 0 0 0 0 0 0 0 0 0 0 0 0 0 0 0 0 0 0 0 0 0 0 0 0 0 0 0 0 
0 0 0 1.987351e-02 0 0 0 0 0 0 0 0 0 0 0 0 0 0 0 0 0 0 0 0 0 0 0 0 0 0 0 0 0 0 0 0 0 
0 0 0 0 8.638169e-02 0 0 0 0 0 0 0 0 0 0 0 0 0 0 0 0 0 0 0 0 0 0 0 0 0 0 0 0 0 0 0 0 
0 0 0 0 0 1.409735e-01 0 0 0 0 0 0 0 0 0 0 0 0 0 0 0 0 0 0 0 0 0 0 0 0 0 0 0 0 0 0 0 
0 0 0 0 0 0 8.638169e-02 0 0 0 0 0 0 0 0 0 0 0 0 0 0 0 0 0 0 0 0 0 0 0 0 0 0 0 0 0 0 
0 0 0 0 0 0 0 1.987351e-02 0 0 0 0 0 0 0 0 0 0 0 0 0 0 0 0 0 0 0 0 0 0 0 0 0 0 0 0 0 
0 0 0 0 0 0 0 0 7.461796e-03 0 0 0 0 0 0 0 0 0 0 0 0 0 0 0 0 0 0 0 0 0 0 0 0 0 0 0 0 
0 0 0 0 0 0 0 0 0 8.638169e-02 0 0 0 0 0 0 0 0 0 0 0 0 0 0 0 0 0 0 0 0 0 0 0 0 0 0 0 
0 0 0 0 0 0 0 0 0 0 3.754643e-01 0 0 0 0 0 0 0 0 0 0 0 0 0 0 0 0 0 0 0 0 0 0 0 0 0 0 
0 0 0 0 0 0 0 0 0 0 0 6.127514e-01 0 0 0 0 0 0 0 0 0 0 0 0 0 0 0 0 0 0 0 0 0 0 0 0 0 
0 0 0 0 0 0 0 0 0 0 0 0 3.754643e-01 0 0 0 0 0 0 0 0 0 0 0 0 0 0 0 0 0 0 0 0 0 0 0 0 
0 0 0 0 0 0 0 0 0 0 0 0 0 8.638169e-02 0 0 0 0 0 0 0 0 0 0 0 0 0 0 0 0 0 0 0 0 0 0 0 
0 0 0 0 0 0 0 0 0 0 0 0 0 0 7.461796e-03 0 0 0 0 0 0 0 0 0 0 0 0 0 0 0 0 0 0 0 0 0 0 
0 0 0 0 0 0 0 0 0 0 0 0 0 0 0 1.217752e-02 0 0 0 0 0 0 0 0 0 0 0 0 0 0 0 0 0 0 0 0 0 
0 0 0 0 0 0 0 0 0 0 0 0 0 0 0 0 1.409735e-01 0 0 0 0 0 0 0 0 0 0 0 0 0 0 0 0 0 0 0 0 
0 0 0 0 0 0 0 0 0 0 0 0 0 0 0 0 0 6.127514e-01 0 0 0 0 0 0 0 0 0 0 0 0 0 0 0 0 0 0 0 
0 0 0 0 0 0 0 0 0 0 0 0 0 0 0 0 0 0 1.000000e+00 0 0 0 0 0 0 0 0 0 0 0 0 0 0 0 0 0 0 
0 0 0 0 0 0 0 0 0 0 0 0 0 0 0 0 0 0 0 6.127514e-01 0 0 0 0 0 0 0 0 0 0 0 0 0 0 0 0 0 
0 0 0 0 0 0 0 0 0 0 0 0 0 0 0 0 0 0 0 0 1.409735e-01 0 0 0 0 0 0 0 0 0 0 0 0 0 0 0 0 
0 0 0 0 0 0 0 0 0 0 0 0 0 0 0 0 0 0 0 0 0 1.217752e-02 0 0 0 0 0 0 0 0 0 0 0 0 0 0 0 
0 0 0 0 0 0 0 0 0 0 0 0 0 0 0 0 0 0 0 0 0 0 7.461796e-03 0 0 0 0 0 0 0 0 0 0 0 0 0 0 
0 0 0 0 0 0 0 0 0 0 0 0 0 0 0 0 0 0 0 0 0 0 0 8.638169e-02 0 0 0 0 0 0 0 0 0 0 0 0 0 
0 0 0 0 0 0 0 0 0 0 0 0 0 0 0 0 0 0 0 0 0 0 0 0 3.754643e-01 0 0 0 0 0 0 0 0 0 0 0 0 
0 0 0 0 0 0 0 0 0 0 0 0 0 0 0 0 0 0 0 0 0 0 0 0 0 6.127514e-01 0 0 0 0 0 0 0 0 0 0 0 
0 0 0 0 0 0 0 0 0 0 0 0 0 0 0 0 0 0 0 0 0 0 0 0 0 0 3.754643e-01 0 0 0 0 0 0 0 0 0 0 
0 0 0 0 0 0 0 0 0 0 0 0 0 0 0 0 0 0 0 0 0 0 0 0 0 0 0 8.638169e-02 0 0 0 0 0 0 0 0 0 
0 0 0 0 0 0 0 0 0 0 0 0 0 0 0 0 0 0 0 0 0 0 0 0 0 0 0 0 7.461796e-03 0 0 0 0 0 0 0 0 
0 0 0 0 0 0 0 0 0 0 0 0 0 0 0 0 0 0 0 0 0 0 0 0 0 0 0 0 0 1.987351e-02 0 0 0 0 0 0 0 
0 0 0 0 0 0 0 0 0 0 0 0 0 0 0 0 0 0 0 0 0 0 0 0 0 0 0 0 0 0 8.638169e-02 0 0 0 0 0 0 
0 0 0 0 0 0 0 0 0 0 0 0 0 0 0 0 0 0 0 0 0 0 0 0 0 0 0 0 0 0 0 1.409735e-01 0 0 0 0 0 
0 0 0 0 0 0 0 0 0 0 0 0 0 0 0 0 0 0 0 0 0 0 0 0 0 0 0 0 0 0 0 0 8.638169e-02 0 0 0 0 
0 0 0 0 0 0 0 0 0 0 0 0 0 0 0 0 0 0 0 0 0 0 0 0 0 0 0 0 0 0 0 0 0 1.987351e-02 0 0 0 
0 0 0 0 0 0 0 0 0 0 0 0 0 0 0 0 0 0 0 0 0 0 0 0 0 0 0 0 0 0 0 0 0 0 7.461796e-03 0 0 
0 0 0 0 0 0 0 0 0 0 0 0 0 0 0 0 0 0 0 0 0 0 0 0 0 0 0 0 0 0 0 0 0 0 0 1.217752e-02 0 
0 0 0 0 0 0 0 0 0 0 0 0 0 0 0 0 0 0 0 0 0 0 0 0 0 0 0 0 0 0 0 0 0 0 0 0 7.461796e-03 
Identity Matrix
1.000000e+00 -6.694093e-25 5.826450e-13 5.450587e-25 -6.565847e-26 0.000000e+00 
7.703720e-34 1.000000e+00 -4.437343e-30 -7.456222e-42 -9.537719e-29 0.000000e+00 
6.776264e-20 -1.220251e-28 1.000000e+00 1.200070e-28 -1.514551e-29 0.000000e+00 
3.081488e-33 -1.898785e-32 7.888609e-31 1.000000e+00 5.993643e-29 0.000000e+00 
-1.504633e-36 1.386772e-31 -7.703720e-34 -7.951125e-32 1.000000e+00 0.000000e+00 
5.421011e-20 -3.976756e-29 0.000000e+00 4.652430e-29 -6.076694e-30 1.000000e+00 
MTWMINvMTW Matrix
-3.822168e-03 -5.219092e-03 -3.822168e-03 -6.855099e-03 -8.119335e-03 -1.458529e-03 -8.119335e-03 -6.855099e-03 -3.822168e-03 -8.119335e-03 5.892876e-02 1.474259e-01 5.892876e-02 -8.119335e-03 -3.822168e-03 -5.219092e-03 -1.458529e-03 1.474259e-01 3.242442e-01 1.474259e-01 -1.458529e-03 -5.219092e-03 -3.822168e-03 -8.119335e-03 5.892876e-02 1.474259e-01 5.892876e-02 -8.119335e-03 -3.822168e-03 -6.855099e-03 -8.119335e-03 -1.458529e-03 -8.119335e-03 -6.855099e-03 -3.822168e-03 -5.219092e-03 -3.822168e-03 
-1.743838e-01 -2.845914e-01 -1.743838e-01 -3.096323e-01 -1.345839e+00 -2.196387e+00 -1.345839e+00 -3.096323e-01 -5.812793e-02 -6.729196e-01 -2.924894e+00 -4.773378e+00 -2.924894e+00 -6.729196e-01 -5.812793e-02 7.115928e-17 8.862568e-16 4.015123e-15 6.641253e-15 4.015123e-15 8.862568e-16 7.115928e-17 5.812793e-02 6.729196e-01 2.924894e+00 4.773378e+00 2.924894e+00 6.729196e-01 5.812793e-02 3.096323e-01 1.345839e+00 2.196387e+00 1.345839e+00 3.096323e-01 1.743838e-01 2.845914e-01 1.743838e-01 
2.415174e+01 3.926932e+01 2.415174e+01 2.481790e+01 1.047676e+02 1.692897e+02 1.047676e+02 2.481790e+01 7.042523e-01 2.977383e+00 -5.557746e-01 -8.249409e+00 -5.557746e-01 2.977383e+00 7.042523e-01 -3.779830e+00 -5.220349e+01 -2.489335e+02 -4.182379e+02 -2.489335e+02 -5.220349e+01 -3.779830e+00 7.042523e-01 2.977383e+00 -5.557746e-01 -8.249409e+00 -5.557746e-01 2.977383e+00 7.042523e-01 2.481790e+01 1.047676e+02 1.692897e+02 1.047676e+02 2.481790e+01 2.415174e+01 3.926932e+01 2.415174e+01 
-5.812793e-02 -2.975059e-18 5.812793e-02 -3.096323e-01 -6.729196e-01 -2.772426e-16 6.729196e-01 3.096323e-01 -1.743838e-01 -1.345839e+00 -2.924894e+00 -1.833229e-15 2.924894e+00 1.345839e+00 1.743838e-01 -2.845914e-01 -2.196387e+00 -4.773378e+00 -3.319815e-15 4.773378e+00 2.196387e+00 2.845914e-01 -1.743838e-01 -1.345839e+00 -2.924894e+00 -1.808032e-15 2.924894e+00 1.345839e+00 1.743838e-01 -3.096323e-01 -6.729196e-01 -2.656484e-16 6.729196e-01 3.096323e-01 -5.812793e-02 -1.472770e-18 5.812793e-02 
9.211752e+00 1.415878e-14 -9.211752e+00 3.271239e+01 7.109340e+01 1.092654e-13 -7.109340e+01 -3.271239e+01 9.211752e+00 7.109340e+01 1.545063e+02 2.363366e-13 -1.545063e+02 -7.109340e+01 -9.211752e+00 -7.599850e-15 -6.129958e-14 -1.400849e-13 -5.444760e-15 1.438027e-13 6.932636e-14 9.325685e-15 -9.211752e+00 -7.109340e+01 -1.545063e+02 -2.440886e-13 1.545063e+02 7.109340e+01 9.211752e+00 -3.271239e+01 -7.109340e+01 -1.117939e-13 7.109340e+01 3.271239e+01 -9.211752e+00 -1.448444e-14 9.211752e+00 
7.042523e-01 -3.779830e+00 7.042523e-01 2.481790e+01 2.977383e+00 -5.220349e+01 2.977383e+00 2.481790e+01 2.415174e+01 1.047676e+02 -5.557746e-01 -2.489335e+02 -5.557746e-01 1.047676e+02 2.415174e+01 3.926932e+01 1.692897e+02 -8.249409e+00 -4.182379e+02 -8.249409e+00 1.692897e+02 3.926932e+01 2.415174e+01 1.047676e+02 -5.557746e-01 -2.489335e+02 -5.557746e-01 1.047676e+02 2.415174e+01 2.481790e+01 2.977383e+00 -5.220349e+01 2.977383e+00 2.481790e+01 7.042523e-01 -3.779830e+00 7.042523e-01 
Number of (Rows, Cols) = (15,6)
Neighbour Type
Left Left Left Left Left Left Left Left Left Left Left Left Left Left Left 
M Matrix
1.000000e+00 -6.000000e-02 1.800000e-03 -2.000000e-02 1.200000e-03 2.000000e-04 
1.000000e+00 -6.000000e-02 1.800000e-03 0.000000e+00 -0.000000e+00 0.000000e+00 
1.000000e+00 -6.000000e-02 1.800000e-03 2.000000e-02 -1.200000e-03 2.000000e-04 
1.000000e+00 -4.000000e-02 8.000000e-04 -4.000000e-02 1.600000e-03 8.000000e-04 
1.000000e+00 -4.000000e-02 8.000000e-04 -2.000000e-02 8.000000e-04 2.000000e-04 
1.000000e+00 -4.000000e-02 8.000000e-04 0.000000e+00 -0.000000e+00 0.000000e+00 
1.000000e+00 -4.000000e-02 8.000000e-04 2.000000e-02 -8.000000e-04 2.000000e-04 
1.000000e+00 -4.000000e-02 8.000000e-04 4.000000e-02 -1.600000e-03 8.000000e-04 
1.000000e+00 -2.000000e-02 2.000000e-04 -6.000000e-02 1.200000e-03 1.800000e-03 
1.000000e+00 -2.000000e-02 2.000000e-04 -4.000000e-02 8.000000e-04 8.000000e-04 
1.000000e+00 -2.000000e-02 2.000000e-04 -2.000000e-02 4.000000e-04 2.000000e-04 
1.000000e+00 -2.000000e-02 2.000000e-04 0.000000e+00 -0.000000e+00 0.000000e+00 
1.000000e+00 -2.000000e-02 2.000000e-04 2.000000e-02 -4.000000e-04 2.000000e-04 
1.000000e+00 -2.000000e-02 2.000000e-04 4.000000e-02 -8.000000e-04 8.000000e-04 
1.000000e+00 -2.000000e-02 2.000000e-04 6.000000e-02 -1.200000e-03 1.800000e-03 
W Matrix
7.461796e-03 0 0 0 0 0 0 0 0 0 0 0 0 0 0 
0 1.217752e-02 0 0 0 0 0 0 0 0 0 0 0 0 0 
0 0 7.461796e-03 0 0 0 0 0 0 0 0 0 0 0 0 
0 0 0 1.987351e-02 0 0 0 0 0 0 0 0 0 0 0 
0 0 0 0 8.638169e-02 0 0 0 0 0 0 0 0 0 0 
0 0 0 0 0 1.409735e-01 0 0 0 0 0 0 0 0 0 
0 0 0 0 0 0 8.638169e-02 0 0 0 0 0 0 0 0 
0 0 0 0 0 0 0 1.987351e-02 0 0 0 0 0 0 0 
0 0 0 0 0 0 0 0 7.461796e-03 0 0 0 0 0 0 
0 0 0 0 0 0 0 0 0 8.638169e-02 0 0 0 0 0 
0 0 0 0 0 0 0 0 0 0 3.754643e-01 0 0 0 0 
0 0 0 0 0 0 0 0 0 0 0 6.127514e-01 0 0 0 
0 0 0 0 0 0 0 0 0 0 0 0 3.754643e-01 0 0 
0 0 0 0 0 0 0 0 0 0 0 0 0 8.638169e-02 0 
0 0 0 0 0 0 0 0 0 0 0 0 0 0 7.461796e-03 
Identity Matrix
9.965862e-01 -2.425714e-01 -7.379118e+00 7.141185e-16 2.846063e-15 -3.248320e-02 
-5.413399e-05 9.961534e-01 -1.170153e-01 1.132422e-17 4.513179e-17 -5.151063e-04 
3.436093e-07 2.441589e-05 1.000743e+00 -7.187919e-20 -2.864689e-19 3.269578e-06 
2.472881e-20 1.757158e-18 5.345344e-17 1.000000e+00 -6.960953e-29 2.353044e-19 
-1.611873e-22 -1.145351e-20 -3.484202e-19 6.791601e-32 1.000000e+00 -1.533761e-21 
-5.828612e-10 -4.141644e-08 -1.259904e-06 1.219280e-22 4.859345e-22 1.000000e+00 
MTWMINvMTW Matrix
2.725415e-01 4.474238e-01 2.725415e-01 -1.808861e-01 -7.300417e-01 -1.160847e+00 -7.300417e-01 -1.808861e-01 1.468348e-03 1.106530e-01 7.252077e-01 1.316395e+00 7.252077e-01 1.106530e-01 1.468348e-03 
2.052437e+01 3.343100e+01 2.052437e+01 -1.085497e+01 -4.855289e+01 -7.998330e+01 -4.855289e+01 -1.085497e+01 9.134084e-01 8.289160e+00 3.007045e+01 4.583280e+01 3.007045e+01 8.289160e+00 9.134084e-01 
6.847754e+02 1.114958e+03 6.847754e+02 -2.661884e+02 -1.211996e+03 -2.007871e+03 -1.211996e+03 -2.661884e+02 2.457681e+01 1.928666e+02 5.992974e+02 8.480224e+02 5.992974e+02 1.928666e+02 2.457681e+01 
2.289035e+00 -5.279100e-15 -2.289035e+00 4.893489e+00 1.063495e+01 3.262039e-14 -1.063495e+01 -4.893489e+00 -1.355113e+00 -1.045833e+01 -2.272896e+01 -1.814867e-14 2.272896e+01 1.045833e+01 1.355113e+00 
1.045019e+02 -2.216095e-13 -1.045019e+02 2.494428e+02 5.421107e+02 1.420480e-12 -5.421107e+02 -2.494428e+02 -3.253506e+01 -2.510954e+02 -5.457022e+02 -4.971949e-13 5.457022e+02 2.510954e+02 3.253506e+01 
4.635072e+00 -9.225814e+00 4.635072e+00 8.388273e+01 7.297423e+00 -1.824626e+02 7.297423e+00 8.388273e+01 8.214057e+01 3.553942e+02 -8.305355e+00 -8.584059e+02 -8.305355e+00 3.553942e+02 8.214057e+01 
Number of (Rows, Cols) = (15,6)
Neighbour Type
Right Right Right Right Right Right Right Right Right Right Right Right Right Right Right 
M Matrix
1.000000e+00 2.000000e-02 2.000000e-04 -6.000000e-02 -1.200000e-03 1.800000e-03 
1.000000e+00 2.000000e-02 2.000000e-04 -4.000000e-02 -8.000000e-04 8.000000e-04 
1.000000e+00 2.000000e-02 2.000000e-04 -2.000000e-02 -4.000000e-04 2.000000e-04 
1.000000e+00 2.000000e-02 2.000000e-04 0.000000e+00 0.000000e+00 0.000000e+00 
1.000000e+00 2.000000e-02 2.000000e-04 2.000000e-02 4.000000e-04 2.000000e-04 
1.000000e+00 2.000000e-02 2.000000e-04 4.000000e-02 8.000000e-04 8.000000e-04 
1.000000e+00 2.000000e-02 2.000000e-04 6.000000e-02 1.200000e-03 1.800000e-03 
1.000000e+00 4.000000e-02 8.000000e-04 -4.000000e-02 -1.600000e-03 8.000000e-04 
1.000000e+00 4.000000e-02 8.000000e-04 -2.000000e-02 -8.000000e-04 2.000000e-04 
1.000000e+00 4.000000e-02 8.000000e-04 0.000000e+00 0.000000e+00 0.000000e+00 
1.000000e+00 4.000000e-02 8.000000e-04 2.000000e-02 8.000000e-04 2.000000e-04 
1.000000e+00 4.000000e-02 8.000000e-04 4.000000e-02 1.600000e-03 8.000000e-04 
1.000000e+00 6.000000e-02 1.800000e-03 -2.000000e-02 -1.200000e-03 2.000000e-04 
1.000000e+00 6.000000e-02 1.800000e-03 0.000000e+00 0.000000e+00 0.000000e+00 
1.000000e+00 6.000000e-02 1.800000e-03 2.000000e-02 1.200000e-03 2.000000e-04 
W Matrix
7.461796e-03 0 0 0 0 0 0 0 0 0 0 0 0 0 0 
0 8.638169e-02 0 0 0 0 0 0 0 0 0 0 0 0 0 
0 0 3.754643e-01 0 0 0 0 0 0 0 0 0 0 0 0 
0 0 0 6.127514e-01 0 0 0 0 0 0 0 0 0 0 0 
0 0 0 0 3.754643e-01 0 0 0 0 0 0 0 0 0 0 
0 0 0 0 0 8.638169e-02 0 0 0 0 0 0 0 0 0 
0 0 0 0 0 0 7.461796e-03 0 0 0 0 0 0 0 0 
0 0 0 0 0 0 0 1.987351e-02 0 0 0 0 0 0 0 
0 0 0 0 0 0 0 0 8.638169e-02 0 0 0 0 0 0 
0 0 0 0 0 0 0 0 0 1.409735e-01 0 0 0 0 0 
0 0 0 0 0 0 0 0 0 0 8.638169e-02 0 0 0 0 
0 0 0 0 0 0 0 0 0 0 0 1.987351e-02 0 0 0 
0 0 0 0 0 0 0 0 0 0 0 0 7.461796e-03 0 0 
0 0 0 0 0 0 0 0 0 0 0 0 0 1.217752e-02 0 
0 0 0 0 0 0 0 0 0 0 0 0 0 0 7.461796e-03 
Identity Matrix
9.965862e-01 2.425714e-01 -7.379118e+00 -1.813770e-16 6.852460e-15 -3.248320e-02 
5.413399e-05 9.961534e-01 1.170153e-01 2.876208e-18 -1.086637e-16 5.151063e-04 
3.436093e-07 -2.441589e-05 1.000743e+00 1.825640e-20 -6.897305e-19 3.269578e-06 
-8.207781e-20 5.832212e-18 -1.774182e-16 1.000000e+00 4.646645e-29 -7.810028e-19 
-5.574229e-22 3.960886e-20 -1.204917e-18 5.551115e-17 1.000000e+00 -5.304099e-21 
-5.828612e-10 4.141644e-08 -1.259904e-06 -3.096816e-23 1.169983e-21 1.000000e+00 
MTWMINvMTW Matrix
1.468348e-03 1.106530e-01 7.252077e-01 1.316395e+00 7.252077e-01 1.106530e-01 1.468348e-03 -1.808861e-01 -7.300417e-01 -1.160847e+00 -7.300417e-01 -1.808861e-01 2.725415e-01 4.474238e-01 2.725415e-01 
-9.134084e-01 -8.289160e+00 -3.007045e+01 -4.583280e+01 -3.007045e+01 -8.289160e+00 -9.134084e-01 1.085497e+01 4.855289e+01 7.998330e+01 4.855289e+01 1.085497e+01 -2.052437e+01 -3.343100e+01 -2.052437e+01 
2.457681e+01 1.928666e+02 5.992974e+02 8.480224e+02 5.992974e+02 1.928666e+02 2.457681e+01 -2.661884e+02 -1.211996e+03 -2.007871e+03 -1.211996e+03 -2.661884e+02 6.847754e+02 1.114958e+03 6.847754e+02 
-1.355113e+00 -1.045833e+01 -2.272896e+01 3.529237e-14 2.272896e+01 1.045833e+01 1.355113e+00 4.893489e+00 1.063495e+01 -5.980670e-14 -1.063495e+01 -4.893489e+00 2.289035e+00 3.370379e-14 -2.289035e+00 
3.253506e+01 2.510954e+02 5.457022e+02 -1.679941e-12 -5.457022e+02 -2.510954e+02 -3.253506e+01 -2.494428e+02 -5.421107e+02 2.295730e-12 5.421107e+02 2.494428e+02 -1.045019e+02 -1.349102e-12 1.045019e+02 
8.214057e+01 3.553942e+02 -8.305355e+00 -8.584059e+02 -8.305355e+00 3.553942e+02 8.214057e+01 8.388273e+01 7.297423e+00 -1.824626e+02 7.297423e+00 8.388273e+01 4.635072e+00 -9.225814e+00 4.635072e+00 
Number of (Rows, Cols) = (15,6)
Neighbour Type
Bottom Bottom Bottom Bottom Bottom Bottom Bottom Bottom Bottom Bottom Bottom Bottom Bottom Bottom Bottom 
M Matrix
1.000000e+00 -6.000000e-02 1.800000e-03 -2.000000e-02 1.200000e-03 2.000000e-04 
1.000000e+00 -4.000000e-02 8.000000e-04 -4.000000e-02 1.600000e-03 8.000000e-04 
1.000000e+00 -4.000000e-02 8.000000e-04 -2.000000e-02 8.000000e-04 2.000000e-04 
1.000000e+00 -2.000000e-02 2.000000e-04 -6.000000e-02 1.200000e-03 1.800000e-03 
1.000000e+00 -2.000000e-02 2.000000e-04 -4.000000e-02 8.000000e-04 8.000000e-04 
1.000000e+00 -2.000000e-02 2.000000e-04 -2.000000e-02 4.000000e-04 2.000000e-04 
1.000000e+00 0.000000e+00 0.000000e+00 -6.000000e-02 -0.000000e+00 1.800000e-03 
1.000000e+00 0.000000e+00 0.000000e+00 -4.000000e-02 -0.000000e+00 8.000000e-04 
1.000000e+00 0.000000e+00 0.000000e+00 -2.000000e-02 -0.000000e+00 2.000000e-04 
1.000000e+00 2.000000e-02 2.000000e-04 -6.000000e-02 -1.200000e-03 1.800000e-03 
1.000000e+00 2.000000e-02 2.000000e-04 -4.000000e-02 -8.000000e-04 8.000000e-04 
1.000000e+00 2.000000e-02 2.000000e-04 -2.000000e-02 -4.000000e-04 2.000000e-04 
1.000000e+00 4.000000e-02 8.000000e-04 -4.000000e-02 -1.600000e-03 8.000000e-04 
1.000000e+00 4.000000e-02 8.000000e-04 -2.000000e-02 -8.000000e-04 2.000000e-04 
1.000000e+00 6.000000e-02 1.800000e-03 -2.000000e-02 -1.200000e-03 2.000000e-04 
W Matrix
7.461796e-03 0 0 0 0 0 0 0 0 0 0 0 0 0 0 
0 1.987351e-02 0 0 0 0 0 0 0 0 0 0 0 0 0 
0 0 8.638169e-02 0 0 0 0 0 0 0 0 0 0 0 0 
0 0 0 7.461796e-03 0 0 0 0 0 0 0 0 0 0 0 
0 0 0 0 8.638169e-02 0 0 0 0 0 0 0 0 0 0 
0 0 0 0 0 3.754643e-01 0 0 0 0 0 0 0 0 0 
0 0 0 0 0 0 1.217752e-02 0 0 0 0 0 0 0 0 
0 0 0 0 0 0 0 1.409735e-01 0 0 0 0 0 0 0 
0 0 0 0 0 0 0 0 6.127514e-01 0 0 0 0 0 0 
0 0 0 0 0 0 0 0 0 7.461796e-03 0 0 0 0 0 
0 0 0 0 0 0 0 0 0 0 8.638169e-02 0 0 0 0 
0 0 0 0 0 0 0 0 0 0 0 3.754643e-01 0 0 0 
0 0 0 0 0 0 0 0 0 0 0 0 1.987351e-02 0 0 
0 0 0 0 0 0 0 0 0 0 0 0 0 8.638169e-02 0 
0 0 0 0 0 0 0 0 0 0 0 0 0 0 7.461796e-03 
Identity Matrix
9.965835e-01 -7.142887e-16 1.342466e-02 -2.420731e-01 -1.332136e-14 -7.362075e+00 
-3.909785e-20 1.000000e+00 1.536303e-19 -2.770258e-18 -3.475245e-27 -8.425075e-17 
-8.530699e-07 -1.783525e-19 1.000003e+00 -6.044382e-05 -3.326241e-18 -1.838254e-03 
-5.447696e-05 -1.138957e-17 2.140607e-04 9.961401e-01 -2.124134e-16 -1.173907e-01 
1.451524e-21 2.552953e-30 -5.703591e-21 1.028470e-19 1.000000e+00 3.127845e-18 
3.465576e-07 7.245526e-20 -1.361757e-06 2.455516e-05 1.351278e-18 1.000747e+00 
MTWMINvMTW Matrix
1.538873e-03 -1.808149e-01 1.109584e-01 2.725480e-01 -7.300388e-01 7.252020e-01 4.474198e-01 -1.161009e+00 1.315661e+00 2.725480e-01 -7.300388e-01 7.252020e-01 -1.808149e-01 1.109584e-01 1.538873e-03 
-1.355113e+00 4.893489e+00 -1.045833e+01 2.289035e+00 1.063495e+01 -2.272896e+01 2.698418e-14 -7.134079e-14 8.333640e-14 -2.289035e+00 -1.063495e+01 2.272896e+01 -4.893489e+00 1.045833e+01 1.355113e+00 
8.213985e+01 8.389557e+01 3.553870e+02 4.607524e+00 7.353848e+00 -8.334253e+00 -9.270743e+00 -1.823702e+02 -8.584516e+02 4.607524e+00 7.353848e+00 -8.334253e+00 8.389557e+01 3.553870e+02 8.213985e+01 
9.183006e-01 -1.084983e+01 8.310279e+00 2.052441e+01 -4.855186e+01 3.006962e+01 3.343006e+01 -7.999320e+01 4.578107e+01 2.052441e+01 -4.855186e+01 3.006962e+01 -1.084983e+01 8.310279e+00 9.183006e-01 
-3.253506e+01 2.494428e+02 -2.510954e+02 1.045019e+02 5.421107e+02 -5.457022e+02 1.054306e-12 -3.015117e-12 2.648276e-12 -1.045019e+02 -5.421107e+02 5.457022e+02 -2.494428e+02 2.510954e+02 3.253506e+01 
2.472247e+01 -2.660348e+02 1.934952e+02 6.847754e+02 -1.211963e+03 5.992717e+02 1.114928e+03 -2.008162e+03 8.464799e+02 6.847754e+02 -1.211963e+03 5.992717e+02 -2.660348e+02 1.934952e+02 2.472247e+01 
Number of (Rows, Cols) = (15,6)
Neighbour Type
Top Top Top Top Top Top Top Top Top Top Top Top Top Top Top 
M Matrix
1.000000e+00 -6.000000e-02 1.800000e-03 2.000000e-02 -1.200000e-03 2.000000e-04 
1.000000e+00 -4.000000e-02 8.000000e-04 2.000000e-02 -8.000000e-04 2.000000e-04 
1.000000e+00 -4.000000e-02 8.000000e-04 4.000000e-02 -1.600000e-03 8.000000e-04 
1.000000e+00 -2.000000e-02 2.000000e-04 2.000000e-02 -4.000000e-04 2.000000e-04 
1.000000e+00 -2.000000e-02 2.000000e-04 4.000000e-02 -8.000000e-04 8.000000e-04 
1.000000e+00 -2.000000e-02 2.000000e-04 6.000000e-02 -1.200000e-03 1.800000e-03 
1.000000e+00 0.000000e+00 0.000000e+00 2.000000e-02 0.000000e+00 2.000000e-04 
1.000000e+00 0.000000e+00 0.000000e+00 4.000000e-02 0.000000e+00 8.000000e-04 
1.000000e+00 0.000000e+00 0.000000e+00 6.000000e-02 0.000000e+00 1.800000e-03 
1.000000e+00 2.000000e-02 2.000000e-04 2.000000e-02 4.000000e-04 2.000000e-04 
1.000000e+00 2.000000e-02 2.000000e-04 4.000000e-02 8.000000e-04 8.000000e-04 
1.000000e+00 2.000000e-02 2.000000e-04 6.000000e-02 1.200000e-03 1.800000e-03 
1.000000e+00 4.000000e-02 8.000000e-04 2.000000e-02 8.000000e-04 2.000000e-04 
1.000000e+00 4.000000e-02 8.000000e-04 4.000000e-02 1.600000e-03 8.000000e-04 
1.000000e+00 6.000000e-02 1.800000e-03 2.000000e-02 1.200000e-03 2.000000e-04 
W Matrix
7.461796e-03 0 0 0 0 0 0 0 0 0 0 0 0 0 0 
0 8.638169e-02 0 0 0 0 0 0 0 0 0 0 0 0 0 
0 0 1.987351e-02 0 0 0 0 0 0 0 0 0 0 0 0 
0 0 0 3.754643e-01 0 0 0 0 0 0 0 0 0 0 0 
0 0 0 0 8.638169e-02 0 0 0 0 0 0 0 0 0 0 
0 0 0 0 0 7.461796e-03 0 0 0 0 0 0 0 0 0 
0 0 0 0 0 0 6.127514e-01 0 0 0 0 0 0 0 0 
0 0 0 0 0 0 0 1.409735e-01 0 0 0 0 0 0 0 
0 0 0 0 0 0 0 0 1.217752e-02 0 0 0 0 0 0 
0 0 0 0 0 0 0 0 0 3.754643e-01 0 0 0 0 0 
0 0 0 0 0 0 0 0 0 0 8.638169e-02 0 0 0 0 
0 0 0 0 0 0 0 0 0 0 0 7.461796e-03 0 0 0 
0 0 0 0 0 0 0 0 0 0 0 0 8.638169e-02 0 0 
0 0 0 0 0 0 0 0 0 0 0 0 0 1.987351e-02 0 
0 0 0 0 0 0 0 0 0 0 0 0 0 0 7.461796e-03 
Identity Matrix
9.965835e-01 7.145130e-16 1.342466e-02 2.420731e-01 -9.551293e-15 -7.362075e+00 
1.360174e-19 1.000000e+00 -5.344641e-19 -9.637440e-18 -2.700211e-27 2.930997e-16 
-8.530699e-07 1.784084e-19 1.000003e+00 6.044382e-05 -2.384885e-18 -1.838254e-03 
5.447696e-05 -1.139315e-17 -2.140607e-04 9.961401e-01 1.522985e-16 1.173907e-01 
-4.766490e-22 2.775558e-17 1.872936e-21 3.377272e-20 1.000000e+00 -1.027116e-18 
3.465576e-07 -7.247801e-20 -1.361757e-06 -2.455516e-05 9.688539e-19 1.000747e+00 
MTWMINvMTW Matrix
1.538873e-03 1.109584e-01 -1.808149e-01 7.252020e-01 -7.300388e-01 2.725480e-01 1.315661e+00 -1.161009e+00 4.474198e-01 7.252020e-01 -7.300388e-01 2.725480e-01 1.109584e-01 -1.808149e-01 1.538873e-03 
-1.355113e+00 -1.045833e+01 4.893489e+00 -2.272896e+01 1.063495e+01 2.289035e+00 -1.621182e-14 6.092036e-14 -3.351993e-14 2.272896e+01 -1.063495e+01 -2.289035e+00 1.045833e+01 -4.893489e+00 1.355113e+00 
8.213985e+01 3.553870e+02 8.389557e+01 -8.334253e+00 7.353848e+00 4.607524e+00 -8.584516e+02 -1.823702e+02 -9.270743e+00 -8.334253e+00 7.353848e+00 4.607524e+00 3.553870e+02 8.389557e+01 8.213985e+01 
-9.183006e-01 -8.310279e+00 1.084983e+01 -3.006962e+01 4.855186e+01 -2.052441e+01 -4.578107e+01 7.999320e+01 -3.343006e+01 -3.006962e+01 4.855186e+01 -2.052441e+01 -8.310279e+00 1.084983e+01 -9.183006e-01 
3.253506e+01 2.510954e+02 -2.494428e+02 5.457022e+02 -5.421107e+02 -1.045019e+02 1.404705e-12 -2.429526e-12 1.430225e-12 -5.457022e+02 5.421107e+02 1.045019e+02 -2.510954e+02 2.494428e+02 -3.253506e+01 
2.472247e+01 1.934952e+02 -2.660348e+02 5.992717e+02 -1.211963e+03 6.847754e+02 8.464799e+02 -2.008162e+03 1.114928e+03 5.992717e+02 -1.211963e+03 6.847754e+02 1.934952e+02 -2.660348e+02 2.472247e+01 
Number of (Rows, Cols) = (37,6)
Neighbour Type
Center Center Center Center Center Center Center Center Center Center Center Center Center Center Center Center Center Center Center Center Center Center Center Center Center Center Center Center Center Center Center Center Center Center Center Center Center 
M Matrix
1.000000e+00 -6.000000e-02 1.800000e-03 -2.000000e-02 1.200000e-03 2.000000e-04 
1.000000e+00 -6.000000e-02 1.800000e-03 0.000000e+00 -0.000000e+00 0.000000e+00 
1.000000e+00 -6.000000e-02 1.800000e-03 2.000000e-02 -1.200000e-03 2.000000e-04 
1.000000e+00 -4.000000e-02 8.000000e-04 -4.000000e-02 1.600000e-03 8.000000e-04 
1.000000e+00 -4.000000e-02 8.000000e-04 -2.000000e-02 8.000000e-04 2.000000e-04 
1.000000e+00 -4.000000e-02 8.000000e-04 0.000000e+00 -0.000000e+00 0.000000e+00 
1.000000e+00 -4.000000e-02 8.000000e-04 2.000000e-02 -8.000000e-04 2.000000e-04 
1.000000e+00 -4.000000e-02 8.000000e-04 4.000000e-02 -1.600000e-03 8.000000e-04 
1.000000e+00 -2.000000e-02 2.000000e-04 -6.000000e-02 1.200000e-03 1.800000e-03 
1.000000e+00 -2.000000e-02 2.000000e-04 -4.000000e-02 8.000000e-04 8.000000e-04 
1.000000e+00 -2.000000e-02 2.000000e-04 -2.000000e-02 4.000000e-04 2.000000e-04 
1.000000e+00 -2.000000e-02 2.000000e-04 0.000000e+00 -0.000000e+00 0.000000e+00 
1.000000e+00 -2.000000e-02 2.000000e-04 2.000000e-02 -4.000000e-04 2.000000e-04 
1.000000e+00 -2.000000e-02 2.000000e-04 4.000000e-02 -8.000000e-04 8.000000e-04 
1.000000e+00 -2.000000e-02 2.000000e-04 6.000000e-02 -1.200000e-03 1.800000e-03 
1.000000e+00 0.000000e+00 0.000000e+00 -6.000000e-02 -0.000000e+00 1.800000e-03 
1.000000e+00 0.000000e+00 0.000000e+00 -4.000000e-02 -0.000000e+00 8.000000e-04 
1.000000e+00 0.000000e+00 0.000000e+00 -2.000000e-02 -0.000000e+00 2.000000e-04 
1.000000e+00 0.000000e+00 0.000000e+00 0.000000e+00 0.000000e+00 0.000000e+00 
1.000000e+00 0.000000e+00 0.000000e+00 2.000000e-02 0.000000e+00 2.000000e-04 
1.000000e+00 0.000000e+00 0.000000e+00 4.000000e-02 0.000000e+00 8.000000e-04 
1.000000e+00 0.000000e+00 0.000000e+00 6.000000e-02 0.000000e+00 1.800000e-03 
1.000000e+00 2.000000e-02 2.000000e-04 -6.000000e-02 -1.200000e-03 1.800000e-03 
1.000000e+00 2.000000e-02 2.000000e-04 -4.000000e-02 -8.000000e-04 8.000000e-04 
1.000000e+00 2.000000e-02 2.000000e-04 -2.000000e-02 -4.000000e-04 2.000000e-04 
1.000000e+00 2.000000e-02 2.000000e-04 0.000000e+00 0.000000e+00 0.000000e+00 
1.000000e+00 2.000000e-02 2.000000e-04 2.000000e-02 4.000000e-04 2.000000e-04 
1.000000e+00 2.000000e-02 2.000000e-04 4.000000e-02 8.000000e-04 8.000000e-04 
1.000000e+00 2.000000e-02 2.000000e-04 6.000000e-02 1.200000e-03 1.800000e-03 
1.000000e+00 4.000000e-02 8.000000e-04 -4.000000e-02 -1.600000e-03 8.000000e-04 
1.000000e+00 4.000000e-02 8.000000e-04 -2.000000e-02 -8.000000e-04 2.000000e-04 
1.000000e+00 4.000000e-02 8.000000e-04 0.000000e+00 0.000000e+00 0.000000e+00 
1.000000e+00 4.000000e-02 8.000000e-04 2.000000e-02 8.000000e-04 2.000000e-04 
1.000000e+00 4.000000e-02 8.000000e-04 4.000000e-02 1.600000e-03 8.000000e-04 
1.000000e+00 6.000000e-02 1.800000e-03 -2.000000e-02 -1.200000e-03 2.000000e-04 
1.000000e+00 6.000000e-02 1.800000e-03 0.000000e+00 0.000000e+00 0.000000e+00 
1.000000e+00 6.000000e-02 1.800000e-03 2.000000e-02 1.200000e-03 2.000000e-04 
W Matrix
7.461796e-03 0 0 0 0 0 0 0 0 0 0 0 0 0 0 0 0 0 0 0 0 0 0 0 0 0 0 0 0 0 0 0 0 0 0 0 0 
0 1.217752e-02 0 0 0 0 0 0 0 0 0 0 0 0 0 0 0 0 0 0 0 0 0 0 0 0 0 0 0 0 0 0 0 0 0 0 0 
0 0 7.461796e-03 0 0 0 0 0 0 0 0 0 0 0 0 0 0 0 0 0 0 0 0 0 0 0 0 0 0 0 0 0 0 0 0 0 0 
0 0 0 1.987351e-02 0 0 0 0 0 0 0 0 0 0 0 0 0 0 0 0 0 0 0 0 0 0 0 0 0 0 0 0 0 0 0 0 0 
0 0 0 0 8.638169e-02 0 0 0 0 0 0 0 0 0 0 0 0 0 0 0 0 0 0 0 0 0 0 0 0 0 0 0 0 0 0 0 0 
0 0 0 0 0 1.409735e-01 0 0 0 0 0 0 0 0 0 0 0 0 0 0 0 0 0 0 0 0 0 0 0 0 0 0 0 0 0 0 0 
0 0 0 0 0 0 8.638169e-02 0 0 0 0 0 0 0 0 0 0 0 0 0 0 0 0 0 0 0 0 0 0 0 0 0 0 0 0 0 0 
0 0 0 0 0 0 0 1.987351e-02 0 0 0 0 0 0 0 0 0 0 0 0 0 0 0 0 0 0 0 0 0 0 0 0 0 0 0 0 0 
0 0 0 0 0 0 0 0 7.461796e-03 0 0 0 0 0 0 0 0 0 0 0 0 0 0 0 0 0 0 0 0 0 0 0 0 0 0 0 0 
0 0 0 0 0 0 0 0 0 8.638169e-02 0 0 0 0 0 0 0 0 0 0 0 0 0 0 0 0 0 0 0 0 0 0 0 0 0 0 0 
0 0 0 0 0 0 0 0 0 0 3.754643e-01 0 0 0 0 0 0 0 0 0 0 0 0 0 0 0 0 0 0 0 0 0 0 0 0 0 0 
0 0 0 0 0 0 0 0 0 0 0 6.127514e-01 0 0 0 0 0 0 0 0 0 0 0 0 0 0 0 0 0 0 0 0 0 0 0 0 0 
0 0 0 0 0 0 0 0 0 0 0 0 3.754643e-01 0 0 0 0 0 0 0 0 0 0 0 0 0 0 0 0 0 0 0 0 0 0 0 0 
0 0 0 0 0 0 0 0 0 0 0 0 0 8.638169e-02 0 0 0 0 0 0 0 0 0 0 0 0 0 0 0 0 0 0 0 0 0 0 0 
0 0 0 0 0 0 0 0 0 0 0 0 0 0 7.461796e-03 0 0 0 0 0 0 0 0 0 0 0 0 0 0 0 0 0 0 0 0 0 0 
0 0 0 0 0 0 0 0 0 0 0 0 0 0 0 1.217752e-02 0 0 0 0 0 0 0 0 0 0 0 0 0 0 0 0 0 0 0 0 0 
0 0 0 0 0 0 0 0 0 0 0 0 0 0 0 0 1.409735e-01 0 0 0 0 0 0 0 0 0 0 0 0 0 0 0 0 0 0 0 0 
0 0 0 0 0 0 0 0 0 0 0 0 0 0 0 0 0 6.127514e-01 0 0 0 0 0 0 0 0 0 0 0 0 0 0 0 0 0 0 0 
0 0 0 0 0 0 0 0 0 0 0 0 0 0 0 0 0 0 1.000000e+00 0 0 0 0 0 0 0 0 0 0 0 0 0 0 0 0 0 0 
0 0 0 0 0 0 0 0 0 0 0 0 0 0 0 0 0 0 0 6.127514e-01 0 0 0 0 0 0 0 0 0 0 0 0 0 0 0 0 0 
0 0 0 0 0 0 0 0 0 0 0 0 0 0 0 0 0 0 0 0 1.409735e-01 0 0 0 0 0 0 0 0 0 0 0 0 0 0 0 0 
0 0 0 0 0 0 0 0 0 0 0 0 0 0 0 0 0 0 0 0 0 1.217752e-02 0 0 0 0 0 0 0 0 0 0 0 0 0 0 0 
0 0 0 0 0 0 0 0 0 0 0 0 0 0 0 0 0 0 0 0 0 0 7.461796e-03 0 0 0 0 0 0 0 0 0 0 0 0 0 0 
0 0 0 0 0 0 0 0 0 0 0 0 0 0 0 0 0 0 0 0 0 0 0 8.638169e-02 0 0 0 0 0 0 0 0 0 0 0 0 0 
0 0 0 0 0 0 0 0 0 0 0 0 0 0 0 0 0 0 0 0 0 0 0 0 3.754643e-01 0 0 0 0 0 0 0 0 0 0 0 0 
0 0 0 0 0 0 0 0 0 0 0 0 0 0 0 0 0 0 0 0 0 0 0 0 0 6.127514e-01 0 0 0 0 0 0 0 0 0 0 0 
0 0 0 0 0 0 0 0 0 0 0 0 0 0 0 0 0 0 0 0 0 0 0 0 0 0 3.754643e-01 0 0 0 0 0 0 0 0 0 0 
0 0 0 0 0 0 0 0 0 0 0 0 0 0 0 0 0 0 0 0 0 0 0 0 0 0 0 8.638169e-02 0 0 0 0 0 0 0 0 0 
0 0 0 0 0 0 0 0 0 0 0 0 0 0 0 0 0 0 0 0 0 0 0 0 0 0 0 0 7.461796e-03 0 0 0 0 0 0 0 0 
0 0 0 0 0 0 0 0 0 0 0 0 0 0 0 0 0 0 0 0 0 0 0 0 0 0 0 0 0 1.987351e-02 0 0 0 0 0 0 0 
0 0 0 0 0 0 0 0 0 0 0 0 0 0 0 0 0 0 0 0 0 0 0 0 0 0 0 0 0 0 8.638169e-02 0 0 0 0 0 0 
0 0 0 0 0 0 0 0 0 0 0 0 0 0 0 0 0 0 0 0 0 0 0 0 0 0 0 0 0 0 0 1.409735e-01 0 0 0 0 0 
0 0 0 0 0 0 0 0 0 0 0 0 0 0 0 0 0 0 0 0 0 0 0 0 0 0 0 0 0 0 0 0 8.638169e-02 0 0 0 0 
0 0 0 0 0 0 0 0 0 0 0 0 0 0 0 0 0 0 0 0 0 0 0 0 0 0 0 0 0 0 0 0 0 1.987351e-02 0 0 0 
0 0 0 0 0 0 0 0 0 0 0 0 0 0 0 0 0 0 0 0 0 0 0 0 0 0 0 0 0 0 0 0 0 0 7.461796e-03 0 0 
0 0 0 0 0 0 0 0 0 0 0 0 0 0 0 0 0 0 0 0 0 0 0 0 0 0 0 0 0 0 0 0 0 0 0 1.217752e-02 0 
0 0 0 0 0 0 0 0 0 0 0 0 0 0 0 0 0 0 0 0 0 0 0 0 0 0 0 0 0 0 0 0 0 0 0 0 7.461796e-03 
Identity Matrix
1.000000e+00 -6.694093e-25 5.826450e-13 5.450587e-25 -6.565847e-26 0.000000e+00 
7.703720e-34 1.000000e+00 -4.437343e-30 -7.456222e-42 -9.537719e-29 0.000000e+00 
6.776264e-20 -1.220251e-28 1.000000e+00 1.200070e-28 -1.514551e-29 0.000000e+00 
3.081488e-33 -1.898785e-32 7.888609e-31 1.000000e+00 5.993643e-29 0.000000e+00 
-1.504633e-36 1.386772e-31 -7.703720e-34 -7.951125e-32 1.000000e+00 0.000000e+00 
5.421011e-20 -3.976756e-29 0.000000e+00 4.652430e-29 -6.076694e-30 1.000000e+00 
MTWMINvMTW Matrix
-3.822168e-03 -5.219092e-03 -3.822168e-03 -6.855099e-03 -8.119335e-03 -1.458529e-03 -8.119335e-03 -6.855099e-03 -3.822168e-03 -8.119335e-03 5.892876e-02 1.474259e-01 5.892876e-02 -8.119335e-03 -3.822168e-03 -5.219092e-03 -1.458529e-03 1.474259e-01 3.242442e-01 1.474259e-01 -1.458529e-03 -5.219092e-03 -3.822168e-03 -8.119335e-03 5.892876e-02 1.474259e-01 5.892876e-02 -8.119335e-03 -3.822168e-03 -6.855099e-03 -8.119335e-03 -1.458529e-03 -8.119335e-03 -6.855099e-03 -3.822168e-03 -5.219092e-03 -3.822168e-03 
-1.743838e-01 -2.845914e-01 -1.743838e-01 -3.096323e-01 -1.345839e+00 -2.196387e+00 -1.345839e+00 -3.096323e-01 -5.812793e-02 -6.729196e-01 -2.924894e+00 -4.773378e+00 -2.924894e+00 -6.729196e-01 -5.812793e-02 7.115928e-17 8.862568e-16 4.015123e-15 6.641253e-15 4.015123e-15 8.862568e-16 7.115928e-17 5.812793e-02 6.729196e-01 2.924894e+00 4.773378e+00 2.924894e+00 6.729196e-01 5.812793e-02 3.096323e-01 1.345839e+00 2.196387e+00 1.345839e+00 3.096323e-01 1.743838e-01 2.845914e-01 1.743838e-01 
2.415174e+01 3.926932e+01 2.415174e+01 2.481790e+01 1.047676e+02 1.692897e+02 1.047676e+02 2.481790e+01 7.042523e-01 2.977383e+00 -5.557746e-01 -8.249409e+00 -5.557746e-01 2.977383e+00 7.042523e-01 -3.779830e+00 -5.220349e+01 -2.489335e+02 -4.182379e+02 -2.489335e+02 -5.220349e+01 -3.779830e+00 7.042523e-01 2.977383e+00 -5.557746e-01 -8.249409e+00 -5.557746e-01 2.977383e+00 7.042523e-01 2.481790e+01 1.047676e+02 1.692897e+02 1.047676e+02 2.481790e+01 2.415174e+01 3.926932e+01 2.415174e+01 
-5.812793e-02 -2.975059e-18 5.812793e-02 -3.096323e-01 -6.729196e-01 -2.772426e-16 6.729196e-01 3.096323e-01 -1.743838e-01 -1.345839e+00 -2.924894e+00 -1.833229e-15 2.924894e+00 1.345839e+00 1.743838e-01 -2.845914e-01 -2.196387e+00 -4.773378e+00 -3.319815e-15 4.773378e+00 2.196387e+00 2.845914e-01 -1.743838e-01 -1.345839e+00 -2.924894e+00 -1.808032e-15 2.924894e+00 1.345839e+00 1.743838e-01 -3.096323e-01 -6.729196e-01 -2.656484e-16 6.729196e-01 3.096323e-01 -5.812793e-02 -1.472770e-18 5.812793e-02 
9.211752e+00 1.415878e-14 -9.211752e+00 3.271239e+01 7.109340e+01 1.092654e-13 -7.109340e+01 -3.271239e+01 9.211752e+00 7.109340e+01 1.545063e+02 2.363366e-13 -1.545063e+02 -7.109340e+01 -9.211752e+00 -7.599850e-15 -6.129958e-14 -1.400849e-13 -5.444760e-15 1.438027e-13 6.932636e-14 9.325685e-15 -9.211752e+00 -7.109340e+01 -1.545063e+02 -2.440886e-13 1.545063e+02 7.109340e+01 9.211752e+00 -3.271239e+01 -7.109340e+01 -1.117939e-13 7.109340e+01 3.271239e+01 -9.211752e+00 -1.448444e-14 9.211752e+00 
7.042523e-01 -3.779830e+00 7.042523e-01 2.481790e+01 2.977383e+00 -5.220349e+01 2.977383e+00 2.481790e+01 2.415174e+01 1.047676e+02 -5.557746e-01 -2.489335e+02 -5.557746e-01 1.047676e+02 2.415174e+01 3.926932e+01 1.692897e+02 -8.249409e+00 -4.182379e+02 -8.249409e+00 1.692897e+02 3.926932e+01 2.415174e+01 1.047676e+02 -5.557746e-01 -2.489335e+02 -5.557746e-01 1.047676e+02 2.415174e+01 2.481790e+01 2.977383e+00 -5.220349e+01 2.977383e+00 2.481790e+01 7.042523e-01 -3.779830e+00 7.042523e-01 
Number of (Rows, Cols) = (15,6)
Neighbour Type
Left Left Left Left Left Left Left Left Left Left Left Left Left Left Left 
M Matrix
1.000000e+00 -6.000000e-02 1.800000e-03 -2.000000e-02 1.200000e-03 2.000000e-04 
1.000000e+00 -6.000000e-02 1.800000e-03 0.000000e+00 -0.000000e+00 0.000000e+00 
1.000000e+00 -6.000000e-02 1.800000e-03 2.000000e-02 -1.200000e-03 2.000000e-04 
1.000000e+00 -4.000000e-02 8.000000e-04 -4.000000e-02 1.600000e-03 8.000000e-04 
1.000000e+00 -4.000000e-02 8.000000e-04 -2.000000e-02 8.000000e-04 2.000000e-04 
1.000000e+00 -4.000000e-02 8.000000e-04 0.000000e+00 -0.000000e+00 0.000000e+00 
1.000000e+00 -4.000000e-02 8.000000e-04 2.000000e-02 -8.000000e-04 2.000000e-04 
1.000000e+00 -4.000000e-02 8.000000e-04 4.000000e-02 -1.600000e-03 8.000000e-04 
1.000000e+00 -2.000000e-02 2.000000e-04 -6.000000e-02 1.200000e-03 1.800000e-03 
1.000000e+00 -2.000000e-02 2.000000e-04 -4.000000e-02 8.000000e-04 8.000000e-04 
1.000000e+00 -2.000000e-02 2.000000e-04 -2.000000e-02 4.000000e-04 2.000000e-04 
1.000000e+00 -2.000000e-02 2.000000e-04 0.000000e+00 -0.000000e+00 0.000000e+00 
1.000000e+00 -2.000000e-02 2.000000e-04 2.000000e-02 -4.000000e-04 2.000000e-04 
1.000000e+00 -2.000000e-02 2.000000e-04 4.000000e-02 -8.000000e-04 8.000000e-04 
1.000000e+00 -2.000000e-02 2.000000e-04 6.000000e-02 -1.200000e-03 1.800000e-03 
W Matrix
7.461796e-03 0 0 0 0 0 0 0 0 0 0 0 0 0 0 
0 1.217752e-02 0 0 0 0 0 0 0 0 0 0 0 0 0 
0 0 7.461796e-03 0 0 0 0 0 0 0 0 0 0 0 0 
0 0 0 1.987351e-02 0 0 0 0 0 0 0 0 0 0 0 
0 0 0 0 8.638169e-02 0 0 0 0 0 0 0 0 0 0 
0 0 0 0 0 1.409735e-01 0 0 0 0 0 0 0 0 0 
0 0 0 0 0 0 8.638169e-02 0 0 0 0 0 0 0 0 
0 0 0 0 0 0 0 1.987351e-02 0 0 0 0 0 0 0 
0 0 0 0 0 0 0 0 7.461796e-03 0 0 0 0 0 0 
0 0 0 0 0 0 0 0 0 8.638169e-02 0 0 0 0 0 
0 0 0 0 0 0 0 0 0 0 3.754643e-01 0 0 0 0 
0 0 0 0 0 0 0 0 0 0 0 6.127514e-01 0 0 0 
0 0 0 0 0 0 0 0 0 0 0 0 3.754643e-01 0 0 
0 0 0 0 0 0 0 0 0 0 0 0 0 8.638169e-02 0 
0 0 0 0 0 0 0 0 0 0 0 0 0 0 7.461796e-03 
Identity Matrix
9.965862e-01 -2.425714e-01 -7.379118e+00 7.141185e-16 2.846063e-15 -3.248320e-02 
-5.413399e-05 9.961534e-01 -1.170153e-01 1.132422e-17 4.513179e-17 -5.151063e-04 
3.436093e-07 2.441589e-05 1.000743e+00 -7.187919e-20 -2.864689e-19 3.269578e-06 
2.472881e-20 1.757158e-18 5.345344e-17 1.000000e+00 -6.960953e-29 2.353044e-19 
-1.611873e-22 -1.145351e-20 -3.484202e-19 6.791601e-32 1.000000e+00 -1.533761e-21 
-5.828612e-10 -4.141644e-08 -1.259904e-06 1.219280e-22 4.859345e-22 1.000000e+00 
MTWMINvMTW Matrix
2.725415e-01 4.474238e-01 2.725415e-01 -1.808861e-01 -7.300417e-01 -1.160847e+00 -7.300417e-01 -1.808861e-01 1.468348e-03 1.106530e-01 7.252077e-01 1.316395e+00 7.252077e-01 1.106530e-01 1.468348e-03 
2.052437e+01 3.343100e+01 2.052437e+01 -1.085497e+01 -4.855289e+01 -7.998330e+01 -4.855289e+01 -1.085497e+01 9.134084e-01 8.289160e+00 3.007045e+01 4.583280e+01 3.007045e+01 8.289160e+00 9.134084e-01 
6.847754e+02 1.114958e+03 6.847754e+02 -2.661884e+02 -1.211996e+03 -2.007871e+03 -1.211996e+03 -2.661884e+02 2.457681e+01 1.928666e+02 5.992974e+02 8.480224e+02 5.992974e+02 1.928666e+02 2.457681e+01 
2.289035e+00 -5.279100e-15 -2.289035e+00 4.893489e+00 1.063495e+01 3.262039e-14 -1.063495e+01 -4.893489e+00 -1.355113e+00 -1.045833e+01 -2.272896e+01 -1.814867e-14 2.272896e+01 1.045833e+01 1.355113e+00 
1.045019e+02 -2.216095e-13 -1.045019e+02 2.494428e+02 5.421107e+02 1.420480e-12 -5.421107e+02 -2.494428e+02 -3.253506e+01 -2.510954e+02 -5.457022e+02 -4.971949e-13 5.457022e+02 2.510954e+02 3.253506e+01 
4.635072e+00 -9.225814e+00 4.635072e+00 8.388273e+01 7.297423e+00 -1.824626e+02 7.297423e+00 8.388273e+01 8.214057e+01 3.553942e+02 -8.305355e+00 -8.584059e+02 -8.305355e+00 3.553942e+02 8.214057e+01 
Number of (Rows, Cols) = (15,6)
Neighbour Type
Right Right Right Right Right Right Right Right Right Right Right Right Right Right Right 
M Matrix
1.000000e+00 2.000000e-02 2.000000e-04 -6.000000e-02 -1.200000e-03 1.800000e-03 
1.000000e+00 2.000000e-02 2.000000e-04 -4.000000e-02 -8.000000e-04 8.000000e-04 
1.000000e+00 2.000000e-02 2.000000e-04 -2.000000e-02 -4.000000e-04 2.000000e-04 
1.000000e+00 2.000000e-02 2.000000e-04 0.000000e+00 0.000000e+00 0.000000e+00 
1.000000e+00 2.000000e-02 2.000000e-04 2.000000e-02 4.000000e-04 2.000000e-04 
1.000000e+00 2.000000e-02 2.000000e-04 4.000000e-02 8.000000e-04 8.000000e-04 
1.000000e+00 2.000000e-02 2.000000e-04 6.000000e-02 1.200000e-03 1.800000e-03 
1.000000e+00 4.000000e-02 8.000000e-04 -4.000000e-02 -1.600000e-03 8.000000e-04 
1.000000e+00 4.000000e-02 8.000000e-04 -2.000000e-02 -8.000000e-04 2.000000e-04 
1.000000e+00 4.000000e-02 8.000000e-04 0.000000e+00 0.000000e+00 0.000000e+00 
1.000000e+00 4.000000e-02 8.000000e-04 2.000000e-02 8.000000e-04 2.000000e-04 
1.000000e+00 4.000000e-02 8.000000e-04 4.000000e-02 1.600000e-03 8.000000e-04 
1.000000e+00 6.000000e-02 1.800000e-03 -2.000000e-02 -1.200000e-03 2.000000e-04 
1.000000e+00 6.000000e-02 1.800000e-03 0.000000e+00 0.000000e+00 0.000000e+00 
1.000000e+00 6.000000e-02 1.800000e-03 2.000000e-02 1.200000e-03 2.000000e-04 
W Matrix
7.461796e-03 0 0 0 0 0 0 0 0 0 0 0 0 0 0 
0 8.638169e-02 0 0 0 0 0 0 0 0 0 0 0 0 0 
0 0 3.754643e-01 0 0 0 0 0 0 0 0 0 0 0 0 
0 0 0 6.127514e-01 0 0 0 0 0 0 0 0 0 0 0 
0 0 0 0 3.754643e-01 0 0 0 0 0 0 0 0 0 0 
0 0 0 0 0 8.638169e-02 0 0 0 0 0 0 0 0 0 
0 0 0 0 0 0 7.461796e-03 0 0 0 0 0 0 0 0 
0 0 0 0 0 0 0 1.987351e-02 0 0 0 0 0 0 0 
0 0 0 0 0 0 0 0 8.638169e-02 0 0 0 0 0 0 
0 0 0 0 0 0 0 0 0 1.409735e-01 0 0 0 0 0 
0 0 0 0 0 0 0 0 0 0 8.638169e-02 0 0 0 0 
0 0 0 0 0 0 0 0 0 0 0 1.987351e-02 0 0 0 
0 0 0 0 0 0 0 0 0 0 0 0 7.461796e-03 0 0 
0 0 0 0 0 0 0 0 0 0 0 0 0 1.217752e-02 0 
0 0 0 0 0 0 0 0 0 0 0 0 0 0 7.461796e-03 
Identity Matrix
9.965862e-01 2.425714e-01 -7.379118e+00 -1.813770e-16 6.852460e-15 -3.248320e-02 
5.413399e-05 9.961534e-01 1.170153e-01 2.876208e-18 -1.086637e-16 5.151063e-04 
3.436093e-07 -2.441589e-05 1.000743e+00 1.825640e-20 -6.897305e-19 3.269578e-06 
-8.207781e-20 5.832212e-18 -1.774182e-16 1.000000e+00 4.646645e-29 -7.810028e-19 
-5.574229e-22 3.960886e-20 -1.204917e-18 5.551115e-17 1.000000e+00 -5.304099e-21 
-5.828612e-10 4.141644e-08 -1.259904e-06 -3.096816e-23 1.169983e-21 1.000000e+00 
MTWMINvMTW Matrix
1.468348e-03 1.106530e-01 7.252077e-01 1.316395e+00 7.252077e-01 1.106530e-01 1.468348e-03 -1.808861e-01 -7.300417e-01 -1.160847e+00 -7.300417e-01 -1.808861e-01 2.725415e-01 4.474238e-01 2.725415e-01 
-9.134084e-01 -8.289160e+00 -3.007045e+01 -4.583280e+01 -3.007045e+01 -8.289160e+00 -9.134084e-01 1.085497e+01 4.855289e+01 7.998330e+01 4.855289e+01 1.085497e+01 -2.052437e+01 -3.343100e+01 -2.052437e+01 
2.457681e+01 1.928666e+02 5.992974e+02 8.480224e+02 5.992974e+02 1.928666e+02 2.457681e+01 -2.661884e+02 -1.211996e+03 -2.007871e+03 -1.211996e+03 -2.661884e+02 6.847754e+02 1.114958e+03 6.847754e+02 
-1.355113e+00 -1.045833e+01 -2.272896e+01 3.529237e-14 2.272896e+01 1.045833e+01 1.355113e+00 4.893489e+00 1.063495e+01 -5.980670e-14 -1.063495e+01 -4.893489e+00 2.289035e+00 3.370379e-14 -2.289035e+00 
3.253506e+01 2.510954e+02 5.457022e+02 -1.679941e-12 -5.457022e+02 -2.510954e+02 -3.253506e+01 -2.494428e+02 -5.421107e+02 2.295730e-12 5.421107e+02 2.494428e+02 -1.045019e+02 -1.349102e-12 1.045019e+02 
8.214057e+01 3.553942e+02 -8.305355e+00 -8.584059e+02 -8.305355e+00 3.553942e+02 8.214057e+01 8.388273e+01 7.297423e+00 -1.824626e+02 7.297423e+00 8.388273e+01 4.635072e+00 -9.225814e+00 4.635072e+00 
Number of (Rows, Cols) = (15,6)
Neighbour Type
Bottom Bottom Bottom Bottom Bottom Bottom Bottom Bottom Bottom Bottom Bottom Bottom Bottom Bottom Bottom 
M Matrix
1.000000e+00 -6.000000e-02 1.800000e-03 -2.000000e-02 1.200000e-03 2.000000e-04 
1.000000e+00 -4.000000e-02 8.000000e-04 -4.000000e-02 1.600000e-03 8.000000e-04 
1.000000e+00 -4.000000e-02 8.000000e-04 -2.000000e-02 8.000000e-04 2.000000e-04 
1.000000e+00 -2.000000e-02 2.000000e-04 -6.000000e-02 1.200000e-03 1.800000e-03 
1.000000e+00 -2.000000e-02 2.000000e-04 -4.000000e-02 8.000000e-04 8.000000e-04 
1.000000e+00 -2.000000e-02 2.000000e-04 -2.000000e-02 4.000000e-04 2.000000e-04 
1.000000e+00 0.000000e+00 0.000000e+00 -6.000000e-02 -0.000000e+00 1.800000e-03 
1.000000e+00 0.000000e+00 0.000000e+00 -4.000000e-02 -0.000000e+00 8.000000e-04 
1.000000e+00 0.000000e+00 0.000000e+00 -2.000000e-02 -0.000000e+00 2.000000e-04 
1.000000e+00 2.000000e-02 2.000000e-04 -6.000000e-02 -1.200000e-03 1.800000e-03 
1.000000e+00 2.000000e-02 2.000000e-04 -4.000000e-02 -8.000000e-04 8.000000e-04 
1.000000e+00 2.000000e-02 2.000000e-04 -2.000000e-02 -4.000000e-04 2.000000e-04 
1.000000e+00 4.000000e-02 8.000000e-04 -4.000000e-02 -1.600000e-03 8.000000e-04 
1.000000e+00 4.000000e-02 8.000000e-04 -2.000000e-02 -8.000000e-04 2.000000e-04 
1.000000e+00 6.000000e-02 1.800000e-03 -2.000000e-02 -1.200000e-03 2.000000e-04 
W Matrix
7.461796e-03 0 0 0 0 0 0 0 0 0 0 0 0 0 0 
0 1.987351e-02 0 0 0 0 0 0 0 0 0 0 0 0 0 
0 0 8.638169e-02 0 0 0 0 0 0 0 0 0 0 0 0 
0 0 0 7.461796e-03 0 0 0 0 0 0 0 0 0 0 0 
0 0 0 0 8.638169e-02 0 0 0 0 0 0 0 0 0 0 
0 0 0 0 0 3.754643e-01 0 0 0 0 0 0 0 0 0 
0 0 0 0 0 0 1.217752e-02 0 0 0 0 0 0 0 0 
0 0 0 0 0 0 0 1.409735e-01 0 0 0 0 0 0 0 
0 0 0 0 0 0 0 0 6.127514e-01 0 0 0 0 0 0 
0 0 0 0 0 0 0 0 0 7.461796e-03 0 0 0 0 0 
0 0 0 0 0 0 0 0 0 0 8.638169e-02 0 0 0 0 
0 0 0 0 0 0 0 0 0 0 0 3.754643e-01 0 0 0 
0 0 0 0 0 0 0 0 0 0 0 0 1.987351e-02 0 0 
0 0 0 0 0 0 0 0 0 0 0 0 0 8.638169e-02 0 
0 0 0 0 0 0 0 0 0 0 0 0 0 0 7.461796e-03 
Identity Matrix
9.965835e-01 -7.142887e-16 1.342466e-02 -2.420731e-01 -1.332136e-14 -7.362075e+00 
-3.909785e-20 1.000000e+00 1.536303e-19 -2.770258e-18 -3.475245e-27 -8.425075e-17 
-8.530699e-07 -1.783525e-19 1.000003e+00 -6.044382e-05 -3.326241e-18 -1.838254e-03 
-5.447696e-05 -1.138957e-17 2.140607e-04 9.961401e-01 -2.124134e-16 -1.173907e-01 
1.451524e-21 2.552953e-30 -5.703591e-21 1.028470e-19 1.000000e+00 3.127845e-18 
3.465576e-07 7.245526e-20 -1.361757e-06 2.455516e-05 1.351278e-18 1.000747e+00 
MTWMINvMTW Matrix
1.538873e-03 -1.808149e-01 1.109584e-01 2.725480e-01 -7.300388e-01 7.252020e-01 4.474198e-01 -1.161009e+00 1.315661e+00 2.725480e-01 -7.300388e-01 7.252020e-01 -1.808149e-01 1.109584e-01 1.538873e-03 
-1.355113e+00 4.893489e+00 -1.045833e+01 2.289035e+00 1.063495e+01 -2.272896e+01 2.698418e-14 -7.134079e-14 8.333640e-14 -2.289035e+00 -1.063495e+01 2.272896e+01 -4.893489e+00 1.045833e+01 1.355113e+00 
8.213985e+01 8.389557e+01 3.553870e+02 4.607524e+00 7.353848e+00 -8.334253e+00 -9.270743e+00 -1.823702e+02 -8.584516e+02 4.607524e+00 7.353848e+00 -8.334253e+00 8.389557e+01 3.553870e+02 8.213985e+01 
9.183006e-01 -1.084983e+01 8.310279e+00 2.052441e+01 -4.855186e+01 3.006962e+01 3.343006e+01 -7.999320e+01 4.578107e+01 2.052441e+01 -4.855186e+01 3.006962e+01 -1.084983e+01 8.310279e+00 9.183006e-01 
-3.253506e+01 2.494428e+02 -2.510954e+02 1.045019e+02 5.421107e+02 -5.457022e+02 1.054306e-12 -3.015117e-12 2.648276e-12 -1.045019e+02 -5.421107e+02 5.457022e+02 -2.494428e+02 2.510954e+02 3.253506e+01 
2.472247e+01 -2.660348e+02 1.934952e+02 6.847754e+02 -1.211963e+03 5.992717e+02 1.114928e+03 -2.008162e+03 8.464799e+02 6.847754e+02 -1.211963e+03 5.992717e+02 -2.660348e+02 1.934952e+02 2.472247e+01 
Number of (Rows, Cols) = (15,6)
Neighbour Type
Top Top Top Top Top Top Top Top Top Top Top Top Top Top Top 
M Matrix
1.000000e+00 -6.000000e-02 1.800000e-03 2.000000e-02 -1.200000e-03 2.000000e-04 
1.000000e+00 -4.000000e-02 8.000000e-04 2.000000e-02 -8.000000e-04 2.000000e-04 
1.000000e+00 -4.000000e-02 8.000000e-04 4.000000e-02 -1.600000e-03 8.000000e-04 
1.000000e+00 -2.000000e-02 2.000000e-04 2.000000e-02 -4.000000e-04 2.000000e-04 
1.000000e+00 -2.000000e-02 2.000000e-04 4.000000e-02 -8.000000e-04 8.000000e-04 
1.000000e+00 -2.000000e-02 2.000000e-04 6.000000e-02 -1.200000e-03 1.800000e-03 
1.000000e+00 0.000000e+00 0.000000e+00 2.000000e-02 0.000000e+00 2.000000e-04 
1.000000e+00 0.000000e+00 0.000000e+00 4.000000e-02 0.000000e+00 8.000000e-04 
1.000000e+00 0.000000e+00 0.000000e+00 6.000000e-02 0.000000e+00 1.800000e-03 
1.000000e+00 2.000000e-02 2.000000e-04 2.000000e-02 4.000000e-04 2.000000e-04 
1.000000e+00 2.000000e-02 2.000000e-04 4.000000e-02 8.000000e-04 8.000000e-04 
1.000000e+00 2.000000e-02 2.000000e-04 6.000000e-02 1.200000e-03 1.800000e-03 
1.000000e+00 4.000000e-02 8.000000e-04 2.000000e-02 8.000000e-04 2.000000e-04 
1.000000e+00 4.000000e-02 8.000000e-04 4.000000e-02 1.600000e-03 8.000000e-04 
1.000000e+00 6.000000e-02 1.800000e-03 2.000000e-02 1.200000e-03 2.000000e-04 
W Matrix
7.461796e-03 0 0 0 0 0 0 0 0 0 0 0 0 0 0 
0 8.638169e-02 0 0 0 0 0 0 0 0 0 0 0 0 0 
0 0 1.987351e-02 0 0 0 0 0 0 0 0 0 0 0 0 
0 0 0 3.754643e-01 0 0 0 0 0 0 0 0 0 0 0 
0 0 0 0 8.638169e-02 0 0 0 0 0 0 0 0 0 0 
0 0 0 0 0 7.461796e-03 0 0 0 0 0 0 0 0 0 
0 0 0 0 0 0 6.127514e-01 0 0 0 0 0 0 0 0 
0 0 0 0 0 0 0 1.409735e-01 0 0 0 0 0 0 0 
0 0 0 0 0 0 0 0 1.217752e-02 0 0 0 0 0 0 
0 0 0 0 0 0 0 0 0 3.754643e-01 0 0 0 0 0 
0 0 0 0 0 0 0 0 0 0 8.638169e-02 0 0 0 0 
0 0 0 0 0 0 0 0 0 0 0 7.461796e-03 0 0 0 
0 0 0 0 0 0 0 0 0 0 0 0 8.638169e-02 0 0 
0 0 0 0 0 0 0 0 0 0 0 0 0 1.987351e-02 0 
0 0 0 0 0 0 0 0 0 0 0 0 0 0 7.461796e-03 
Identity Matrix
9.965835e-01 7.145130e-16 1.342466e-02 2.420731e-01 -9.551293e-15 -7.362075e+00 
1.360174e-19 1.000000e+00 -5.344641e-19 -9.637440e-18 -2.700211e-27 2.930997e-16 
-8.530699e-07 1.784084e-19 1.000003e+00 6.044382e-05 -2.384885e-18 -1.838254e-03 
5.447696e-05 -1.139315e-17 -2.140607e-04 9.961401e-01 1.522985e-16 1.173907e-01 
-4.766490e-22 2.775558e-17 1.872936e-21 3.377272e-20 1.000000e+00 -1.027116e-18 
3.465576e-07 -7.247801e-20 -1.361757e-06 -2.455516e-05 9.688539e-19 1.000747e+00 
MTWMINvMTW Matrix
1.538873e-03 1.109584e-01 -1.808149e-01 7.252020e-01 -7.300388e-01 2.725480e-01 1.315661e+00 -1.161009e+00 4.474198e-01 7.252020e-01 -7.300388e-01 2.725480e-01 1.109584e-01 -1.808149e-01 1.538873e-03 
-1.355113e+00 -1.045833e+01 4.893489e+00 -2.272896e+01 1.063495e+01 2.289035e+00 -1.621182e-14 6.092036e-14 -3.351993e-14 2.272896e+01 -1.063495e+01 -2.289035e+00 1.045833e+01 -4.893489e+00 1.355113e+00 
8.213985e+01 3.553870e+02 8.389557e+01 -8.334253e+00 7.353848e+00 4.607524e+00 -8.584516e+02 -1.823702e+02 -9.270743e+00 -8.334253e+00 7.353848e+00 4.607524e+00 3.553870e+02 8.389557e+01 8.213985e+01 
-9.183006e-01 -8.310279e+00 1.084983e+01 -3.006962e+01 4.855186e+01 -2.052441e+01 -4.578107e+01 7.999320e+01 -3.343006e+01 -3.006962e+01 4.855186e+01 -2.052441e+01 -8.310279e+00 1.084983e+01 -9.183006e-01 
3.253506e+01 2.510954e+02 -2.494428e+02 5.457022e+02 -5.421107e+02 -1.045019e+02 1.404705e-12 -2.429526e-12 1.430225e-12 -5.457022e+02 5.421107e+02 1.045019e+02 -2.510954e+02 2.494428e+02 -3.253506e+01 
2.472247e+01 1.934952e+02 -2.660348e+02 5.992717e+02 -1.211963e+03 6.847754e+02 8.464799e+02 -2.008162e+03 1.114928e+03 5.992717e+02 -1.211963e+03 6.847754e+02 1.934952e+02 -2.660348e+02 2.472247e+01 
Number of (Rows, Cols) = (37,6)
Neighbour Type
Center Center Center Center Center Center Center Center Center Center Center Center Center Center Center Center Center Center Center Center Center Center Center Center Center Center Center Center Center Center Center Center Center Center Center Center Center 
M Matrix
1.000000e+00 -6.000000e-02 1.800000e-03 -2.000000e-02 1.200000e-03 2.000000e-04 
1.000000e+00 -6.000000e-02 1.800000e-03 0.000000e+00 -0.000000e+00 0.000000e+00 
1.000000e+00 -6.000000e-02 1.800000e-03 2.000000e-02 -1.200000e-03 2.000000e-04 
1.000000e+00 -4.000000e-02 8.000000e-04 -4.000000e-02 1.600000e-03 8.000000e-04 
1.000000e+00 -4.000000e-02 8.000000e-04 -2.000000e-02 8.000000e-04 2.000000e-04 
1.000000e+00 -4.000000e-02 8.000000e-04 0.000000e+00 -0.000000e+00 0.000000e+00 
1.000000e+00 -4.000000e-02 8.000000e-04 2.000000e-02 -8.000000e-04 2.000000e-04 
1.000000e+00 -4.000000e-02 8.000000e-04 4.000000e-02 -1.600000e-03 8.000000e-04 
1.000000e+00 -2.000000e-02 2.000000e-04 -6.000000e-02 1.200000e-03 1.800000e-03 
1.000000e+00 -2.000000e-02 2.000000e-04 -4.000000e-02 8.000000e-04 8.000000e-04 
1.000000e+00 -2.000000e-02 2.000000e-04 -2.000000e-02 4.000000e-04 2.000000e-04 
1.000000e+00 -2.000000e-02 2.000000e-04 0.000000e+00 -0.000000e+00 0.000000e+00 
1.000000e+00 -2.000000e-02 2.000000e-04 2.000000e-02 -4.000000e-04 2.000000e-04 
1.000000e+00 -2.000000e-02 2.000000e-04 4.000000e-02 -8.000000e-04 8.000000e-04 
1.000000e+00 -2.000000e-02 2.000000e-04 6.000000e-02 -1.200000e-03 1.800000e-03 
1.000000e+00 0.000000e+00 0.000000e+00 -6.000000e-02 -0.000000e+00 1.800000e-03 
1.000000e+00 0.000000e+00 0.000000e+00 -4.000000e-02 -0.000000e+00 8.000000e-04 
1.000000e+00 0.000000e+00 0.000000e+00 -2.000000e-02 -0.000000e+00 2.000000e-04 
1.000000e+00 0.000000e+00 0.000000e+00 0.000000e+00 0.000000e+00 0.000000e+00 
1.000000e+00 0.000000e+00 0.000000e+00 2.000000e-02 0.000000e+00 2.000000e-04 
1.000000e+00 0.000000e+00 0.000000e+00 4.000000e-02 0.000000e+00 8.000000e-04 
1.000000e+00 0.000000e+00 0.000000e+00 6.000000e-02 0.000000e+00 1.800000e-03 
1.000000e+00 2.000000e-02 2.000000e-04 -6.000000e-02 -1.200000e-03 1.800000e-03 
1.000000e+00 2.000000e-02 2.000000e-04 -4.000000e-02 -8.000000e-04 8.000000e-04 
1.000000e+00 2.000000e-02 2.000000e-04 -2.000000e-02 -4.000000e-04 2.000000e-04 
1.000000e+00 2.000000e-02 2.000000e-04 0.000000e+00 0.000000e+00 0.000000e+00 
1.000000e+00 2.000000e-02 2.000000e-04 2.000000e-02 4.000000e-04 2.000000e-04 
1.000000e+00 2.000000e-02 2.000000e-04 4.000000e-02 8.000000e-04 8.000000e-04 
1.000000e+00 2.000000e-02 2.000000e-04 6.000000e-02 1.200000e-03 1.800000e-03 
1.000000e+00 4.000000e-02 8.000000e-04 -4.000000e-02 -1.600000e-03 8.000000e-04 
1.000000e+00 4.000000e-02 8.000000e-04 -2.000000e-02 -8.000000e-04 2.000000e-04 
1.000000e+00 4.000000e-02 8.000000e-04 0.000000e+00 0.000000e+00 0.000000e+00 
1.000000e+00 4.000000e-02 8.000000e-04 2.000000e-02 8.000000e-04 2.000000e-04 
1.000000e+00 4.000000e-02 8.000000e-04 4.000000e-02 1.600000e-03 8.000000e-04 
1.000000e+00 6.000000e-02 1.800000e-03 -2.000000e-02 -1.200000e-03 2.000000e-04 
1.000000e+00 6.000000e-02 1.800000e-03 0.000000e+00 0.000000e+00 0.000000e+00 
1.000000e+00 6.000000e-02 1.800000e-03 2.000000e-02 1.200000e-03 2.000000e-04 
W Matrix
7.461796e-03 0 0 0 0 0 0 0 0 0 0 0 0 0 0 0 0 0 0 0 0 0 0 0 0 0 0 0 0 0 0 0 0 0 0 0 0 
0 1.217752e-02 0 0 0 0 0 0 0 0 0 0 0 0 0 0 0 0 0 0 0 0 0 0 0 0 0 0 0 0 0 0 0 0 0 0 0 
0 0 7.461796e-03 0 0 0 0 0 0 0 0 0 0 0 0 0 0 0 0 0 0 0 0 0 0 0 0 0 0 0 0 0 0 0 0 0 0 
0 0 0 1.987351e-02 0 0 0 0 0 0 0 0 0 0 0 0 0 0 0 0 0 0 0 0 0 0 0 0 0 0 0 0 0 0 0 0 0 
0 0 0 0 8.638169e-02 0 0 0 0 0 0 0 0 0 0 0 0 0 0 0 0 0 0 0 0 0 0 0 0 0 0 0 0 0 0 0 0 
0 0 0 0 0 1.409735e-01 0 0 0 0 0 0 0 0 0 0 0 0 0 0 0 0 0 0 0 0 0 0 0 0 0 0 0 0 0 0 0 
0 0 0 0 0 0 8.638169e-02 0 0 0 0 0 0 0 0 0 0 0 0 0 0 0 0 0 0 0 0 0 0 0 0 0 0 0 0 0 0 
0 0 0 0 0 0 0 1.987351e-02 0 0 0 0 0 0 0 0 0 0 0 0 0 0 0 0 0 0 0 0 0 0 0 0 0 0 0 0 0 
0 0 0 0 0 0 0 0 7.461796e-03 0 0 0 0 0 0 0 0 0 0 0 0 0 0 0 0 0 0 0 0 0 0 0 0 0 0 0 0 
0 0 0 0 0 0 0 0 0 8.638169e-02 0 0 0 0 0 0 0 0 0 0 0 0 0 0 0 0 0 0 0 0 0 0 0 0 0 0 0 
0 0 0 0 0 0 0 0 0 0 3.754643e-01 0 0 0 0 0 0 0 0 0 0 0 0 0 0 0 0 0 0 0 0 0 0 0 0 0 0 
0 0 0 0 0 0 0 0 0 0 0 6.127514e-01 0 0 0 0 0 0 0 0 0 0 0 0 0 0 0 0 0 0 0 0 0 0 0 0 0 
0 0 0 0 0 0 0 0 0 0 0 0 3.754643e-01 0 0 0 0 0 0 0 0 0 0 0 0 0 0 0 0 0 0 0 0 0 0 0 0 
0 0 0 0 0 0 0 0 0 0 0 0 0 8.638169e-02 0 0 0 0 0 0 0 0 0 0 0 0 0 0 0 0 0 0 0 0 0 0 0 
0 0 0 0 0 0 0 0 0 0 0 0 0 0 7.461796e-03 0 0 0 0 0 0 0 0 0 0 0 0 0 0 0 0 0 0 0 0 0 0 
0 0 0 0 0 0 0 0 0 0 0 0 0 0 0 1.217752e-02 0 0 0 0 0 0 0 0 0 0 0 0 0 0 0 0 0 0 0 0 0 
0 0 0 0 0 0 0 0 0 0 0 0 0 0 0 0 1.409735e-01 0 0 0 0 0 0 0 0 0 0 0 0 0 0 0 0 0 0 0 0 
0 0 0 0 0 0 0 0 0 0 0 0 0 0 0 0 0 6.127514e-01 0 0 0 0 0 0 0 0 0 0 0 0 0 0 0 0 0 0 0 
0 0 0 0 0 0 0 0 0 0 0 0 0 0 0 0 0 0 1.000000e+00 0 0 0 0 0 0 0 0 0 0 0 0 0 0 0 0 0 0 
0 0 0 0 0 0 0 0 0 0 0 0 0 0 0 0 0 0 0 6.127514e-01 0 0 0 0 0 0 0 0 0 0 0 0 0 0 0 0 0 
0 0 0 0 0 0 0 0 0 0 0 0 0 0 0 0 0 0 0 0 1.409735e-01 0 0 0 0 0 0 0 0 0 0 0 0 0 0 0 0 
0 0 0 0 0 0 0 0 0 0 0 0 0 0 0 0 0 0 0 0 0 1.217752e-02 0 0 0 0 0 0 0 0 0 0 0 0 0 0 0 
0 0 0 0 0 0 0 0 0 0 0 0 0 0 0 0 0 0 0 0 0 0 7.461796e-03 0 0 0 0 0 0 0 0 0 0 0 0 0 0 
0 0 0 0 0 0 0 0 0 0 0 0 0 0 0 0 0 0 0 0 0 0 0 8.638169e-02 0 0 0 0 0 0 0 0 0 0 0 0 0 
0 0 0 0 0 0 0 0 0 0 0 0 0 0 0 0 0 0 0 0 0 0 0 0 3.754643e-01 0 0 0 0 0 0 0 0 0 0 0 0 
0 0 0 0 0 0 0 0 0 0 0 0 0 0 0 0 0 0 0 0 0 0 0 0 0 6.127514e-01 0 0 0 0 0 0 0 0 0 0 0 
0 0 0 0 0 0 0 0 0 0 0 0 0 0 0 0 0 0 0 0 0 0 0 0 0 0 3.754643e-01 0 0 0 0 0 0 0 0 0 0 
0 0 0 0 0 0 0 0 0 0 0 0 0 0 0 0 0 0 0 0 0 0 0 0 0 0 0 8.638169e-02 0 0 0 0 0 0 0 0 0 
0 0 0 0 0 0 0 0 0 0 0 0 0 0 0 0 0 0 0 0 0 0 0 0 0 0 0 0 7.461796e-03 0 0 0 0 0 0 0 0 
0 0 0 0 0 0 0 0 0 0 0 0 0 0 0 0 0 0 0 0 0 0 0 0 0 0 0 0 0 1.987351e-02 0 0 0 0 0 0 0 
0 0 0 0 0 0 0 0 0 0 0 0 0 0 0 0 0 0 0 0 0 0 0 0 0 0 0 0 0 0 8.638169e-02 0 0 0 0 0 0 
0 0 0 0 0 0 0 0 0 0 0 0 0 0 0 0 0 0 0 0 0 0 0 0 0 0 0 0 0 0 0 1.409735e-01 0 0 0 0 0 
0 0 0 0 0 0 0 0 0 0 0 0 0 0 0 0 0 0 0 0 0 0 0 0 0 0 0 0 0 0 0 0 8.638169e-02 0 0 0 0 
0 0 0 0 0 0 0 0 0 0 0 0 0 0 0 0 0 0 0 0 0 0 0 0 0 0 0 0 0 0 0 0 0 1.987351e-02 0 0 0 
0 0 0 0 0 0 0 0 0 0 0 0 0 0 0 0 0 0 0 0 0 0 0 0 0 0 0 0 0 0 0 0 0 0 7.461796e-03 0 0 
0 0 0 0 0 0 0 0 0 0 0 0 0 0 0 0 0 0 0 0 0 0 0 0 0 0 0 0 0 0 0 0 0 0 0 1.217752e-02 0 
0 0 0 0 0 0 0 0 0 0 0 0 0 0 0 0 0 0 0 0 0 0 0 0 0 0 0 0 0 0 0 0 0 0 0 0 7.461796e-03 
Identity Matrix
1.000000e+00 -6.694093e-25 5.826450e-13 5.450587e-25 -6.565847e-26 0.000000e+00 
7.703720e-34 1.000000e+00 -4.437343e-30 -7.456222e-42 -9.537719e-29 0.000000e+00 
6.776264e-20 -1.220251e-28 1.000000e+00 1.200070e-28 -1.514551e-29 0.000000e+00 
3.081488e-33 -1.898785e-32 7.888609e-31 1.000000e+00 5.993643e-29 0.000000e+00 
-1.504633e-36 1.386772e-31 -7.703720e-34 -7.951125e-32 1.000000e+00 0.000000e+00 
5.421011e-20 -3.976756e-29 0.000000e+00 4.652430e-29 -6.076694e-30 1.000000e+00 
MTWMINvMTW Matrix
-3.822168e-03 -5.219092e-03 -3.822168e-03 -6.855099e-03 -8.119335e-03 -1.458529e-03 -8.119335e-03 -6.855099e-03 -3.822168e-03 -8.119335e-03 5.892876e-02 1.474259e-01 5.892876e-02 -8.119335e-03 -3.822168e-03 -5.219092e-03 -1.458529e-03 1.474259e-01 3.242442e-01 1.474259e-01 -1.458529e-03 -5.219092e-03 -3.822168e-03 -8.119335e-03 5.892876e-02 1.474259e-01 5.892876e-02 -8.119335e-03 -3.822168e-03 -6.855099e-03 -8.119335e-03 -1.458529e-03 -8.119335e-03 -6.855099e-03 -3.822168e-03 -5.219092e-03 -3.822168e-03 
-1.743838e-01 -2.845914e-01 -1.743838e-01 -3.096323e-01 -1.345839e+00 -2.196387e+00 -1.345839e+00 -3.096323e-01 -5.812793e-02 -6.729196e-01 -2.924894e+00 -4.773378e+00 -2.924894e+00 -6.729196e-01 -5.812793e-02 7.115928e-17 8.862568e-16 4.015123e-15 6.641253e-15 4.015123e-15 8.862568e-16 7.115928e-17 5.812793e-02 6.729196e-01 2.924894e+00 4.773378e+00 2.924894e+00 6.729196e-01 5.812793e-02 3.096323e-01 1.345839e+00 2.196387e+00 1.345839e+00 3.096323e-01 1.743838e-01 2.845914e-01 1.743838e-01 
2.415174e+01 3.926932e+01 2.415174e+01 2.481790e+01 1.047676e+02 1.692897e+02 1.047676e+02 2.481790e+01 7.042523e-01 2.977383e+00 -5.557746e-01 -8.249409e+00 -5.557746e-01 2.977383e+00 7.042523e-01 -3.779830e+00 -5.220349e+01 -2.489335e+02 -4.182379e+02 -2.489335e+02 -5.220349e+01 -3.779830e+00 7.042523e-01 2.977383e+00 -5.557746e-01 -8.249409e+00 -5.557746e-01 2.977383e+00 7.042523e-01 2.481790e+01 1.047676e+02 1.692897e+02 1.047676e+02 2.481790e+01 2.415174e+01 3.926932e+01 2.415174e+01 
-5.812793e-02 -2.975059e-18 5.812793e-02 -3.096323e-01 -6.729196e-01 -2.772426e-16 6.729196e-01 3.096323e-01 -1.743838e-01 -1.345839e+00 -2.924894e+00 -1.833229e-15 2.924894e+00 1.345839e+00 1.743838e-01 -2.845914e-01 -2.196387e+00 -4.773378e+00 -3.319815e-15 4.773378e+00 2.196387e+00 2.845914e-01 -1.743838e-01 -1.345839e+00 -2.924894e+00 -1.808032e-15 2.924894e+00 1.345839e+00 1.743838e-01 -3.096323e-01 -6.729196e-01 -2.656484e-16 6.729196e-01 3.096323e-01 -5.812793e-02 -1.472770e-18 5.812793e-02 
9.211752e+00 1.415878e-14 -9.211752e+00 3.271239e+01 7.109340e+01 1.092654e-13 -7.109340e+01 -3.271239e+01 9.211752e+00 7.109340e+01 1.545063e+02 2.363366e-13 -1.545063e+02 -7.109340e+01 -9.211752e+00 -7.599850e-15 -6.129958e-14 -1.400849e-13 -5.444760e-15 1.438027e-13 6.932636e-14 9.325685e-15 -9.211752e+00 -7.109340e+01 -1.545063e+02 -2.440886e-13 1.545063e+02 7.109340e+01 9.211752e+00 -3.271239e+01 -7.109340e+01 -1.117939e-13 7.109340e+01 3.271239e+01 -9.211752e+00 -1.448444e-14 9.211752e+00 
7.042523e-01 -3.779830e+00 7.042523e-01 2.481790e+01 2.977383e+00 -5.220349e+01 2.977383e+00 2.481790e+01 2.415174e+01 1.047676e+02 -5.557746e-01 -2.489335e+02 -5.557746e-01 1.047676e+02 2.415174e+01 3.926932e+01 1.692897e+02 -8.249409e+00 -4.182379e+02 -8.249409e+00 1.692897e+02 3.926932e+01 2.415174e+01 1.047676e+02 -5.557746e-01 -2.489335e+02 -5.557746e-01 1.047676e+02 2.415174e+01 2.481790e+01 2.977383e+00 -5.220349e+01 2.977383e+00 2.481790e+01 7.042523e-01 -3.779830e+00 7.042523e-01 
Number of (Rows, Cols) = (15,6)
Neighbour Type
Left Left Left Left Left Left Left Left Left Left Left Left Left Left Left 
M Matrix
1.000000e+00 -6.000000e-02 1.800000e-03 -2.000000e-02 1.200000e-03 2.000000e-04 
1.000000e+00 -6.000000e-02 1.800000e-03 0.000000e+00 -0.000000e+00 0.000000e+00 
1.000000e+00 -6.000000e-02 1.800000e-03 2.000000e-02 -1.200000e-03 2.000000e-04 
1.000000e+00 -4.000000e-02 8.000000e-04 -4.000000e-02 1.600000e-03 8.000000e-04 
1.000000e+00 -4.000000e-02 8.000000e-04 -2.000000e-02 8.000000e-04 2.000000e-04 
1.000000e+00 -4.000000e-02 8.000000e-04 0.000000e+00 -0.000000e+00 0.000000e+00 
1.000000e+00 -4.000000e-02 8.000000e-04 2.000000e-02 -8.000000e-04 2.000000e-04 
1.000000e+00 -4.000000e-02 8.000000e-04 4.000000e-02 -1.600000e-03 8.000000e-04 
1.000000e+00 -2.000000e-02 2.000000e-04 -6.000000e-02 1.200000e-03 1.800000e-03 
1.000000e+00 -2.000000e-02 2.000000e-04 -4.000000e-02 8.000000e-04 8.000000e-04 
1.000000e+00 -2.000000e-02 2.000000e-04 -2.000000e-02 4.000000e-04 2.000000e-04 
1.000000e+00 -2.000000e-02 2.000000e-04 0.000000e+00 -0.000000e+00 0.000000e+00 
1.000000e+00 -2.000000e-02 2.000000e-04 2.000000e-02 -4.000000e-04 2.000000e-04 
1.000000e+00 -2.000000e-02 2.000000e-04 4.000000e-02 -8.000000e-04 8.000000e-04 
1.000000e+00 -2.000000e-02 2.000000e-04 6.000000e-02 -1.200000e-03 1.800000e-03 
W Matrix
7.461796e-03 0 0 0 0 0 0 0 0 0 0 0 0 0 0 
0 1.217752e-02 0 0 0 0 0 0 0 0 0 0 0 0 0 
0 0 7.461796e-03 0 0 0 0 0 0 0 0 0 0 0 0 
0 0 0 1.987351e-02 0 0 0 0 0 0 0 0 0 0 0 
0 0 0 0 8.638169e-02 0 0 0 0 0 0 0 0 0 0 
0 0 0 0 0 1.409735e-01 0 0 0 0 0 0 0 0 0 
0 0 0 0 0 0 8.638169e-02 0 0 0 0 0 0 0 0 
0 0 0 0 0 0 0 1.987351e-02 0 0 0 0 0 0 0 
0 0 0 0 0 0 0 0 7.461796e-03 0 0 0 0 0 0 
0 0 0 0 0 0 0 0 0 8.638169e-02 0 0 0 0 0 
0 0 0 0 0 0 0 0 0 0 3.754643e-01 0 0 0 0 
0 0 0 0 0 0 0 0 0 0 0 6.127514e-01 0 0 0 
0 0 0 0 0 0 0 0 0 0 0 0 3.754643e-01 0 0 
0 0 0 0 0 0 0 0 0 0 0 0 0 8.638169e-02 0 
0 0 0 0 0 0 0 0 0 0 0 0 0 0 7.461796e-03 
Identity Matrix
9.965862e-01 -2.425714e-01 -7.379118e+00 7.141185e-16 2.846063e-15 -3.248320e-02 
-5.413399e-05 9.961534e-01 -1.170153e-01 1.132422e-17 4.513179e-17 -5.151063e-04 
3.436093e-07 2.441589e-05 1.000743e+00 -7.187919e-20 -2.864689e-19 3.269578e-06 
2.472881e-20 1.757158e-18 5.345344e-17 1.000000e+00 -6.960953e-29 2.353044e-19 
-1.611873e-22 -1.145351e-20 -3.484202e-19 6.791601e-32 1.000000e+00 -1.533761e-21 
-5.828612e-10 -4.141644e-08 -1.259904e-06 1.219280e-22 4.859345e-22 1.000000e+00 
MTWMINvMTW Matrix
2.725415e-01 4.474238e-01 2.725415e-01 -1.808861e-01 -7.300417e-01 -1.160847e+00 -7.300417e-01 -1.808861e-01 1.468348e-03 1.106530e-01 7.252077e-01 1.316395e+00 7.252077e-01 1.106530e-01 1.468348e-03 
2.052437e+01 3.343100e+01 2.052437e+01 -1.085497e+01 -4.855289e+01 -7.998330e+01 -4.855289e+01 -1.085497e+01 9.134084e-01 8.289160e+00 3.007045e+01 4.583280e+01 3.007045e+01 8.289160e+00 9.134084e-01 
6.847754e+02 1.114958e+03 6.847754e+02 -2.661884e+02 -1.211996e+03 -2.007871e+03 -1.211996e+03 -2.661884e+02 2.457681e+01 1.928666e+02 5.992974e+02 8.480224e+02 5.992974e+02 1.928666e+02 2.457681e+01 
2.289035e+00 -5.279100e-15 -2.289035e+00 4.893489e+00 1.063495e+01 3.262039e-14 -1.063495e+01 -4.893489e+00 -1.355113e+00 -1.045833e+01 -2.272896e+01 -1.814867e-14 2.272896e+01 1.045833e+01 1.355113e+00 
1.045019e+02 -2.216095e-13 -1.045019e+02 2.494428e+02 5.421107e+02 1.420480e-12 -5.421107e+02 -2.494428e+02 -3.253506e+01 -2.510954e+02 -5.457022e+02 -4.971949e-13 5.457022e+02 2.510954e+02 3.253506e+01 
4.635072e+00 -9.225814e+00 4.635072e+00 8.388273e+01 7.297423e+00 -1.824626e+02 7.297423e+00 8.388273e+01 8.214057e+01 3.553942e+02 -8.305355e+00 -8.584059e+02 -8.305355e+00 3.553942e+02 8.214057e+01 
Number of (Rows, Cols) = (15,6)
Neighbour Type
Right Right Right Right Right Right Right Right Right Right Right Right Right Right Right 
M Matrix
1.000000e+00 2.000000e-02 2.000000e-04 -6.000000e-02 -1.200000e-03 1.800000e-03 
1.000000e+00 2.000000e-02 2.000000e-04 -4.000000e-02 -8.000000e-04 8.000000e-04 
1.000000e+00 2.000000e-02 2.000000e-04 -2.000000e-02 -4.000000e-04 2.000000e-04 
1.000000e+00 2.000000e-02 2.000000e-04 0.000000e+00 0.000000e+00 0.000000e+00 
1.000000e+00 2.000000e-02 2.000000e-04 2.000000e-02 4.000000e-04 2.000000e-04 
1.000000e+00 2.000000e-02 2.000000e-04 4.000000e-02 8.000000e-04 8.000000e-04 
1.000000e+00 2.000000e-02 2.000000e-04 6.000000e-02 1.200000e-03 1.800000e-03 
1.000000e+00 4.000000e-02 8.000000e-04 -4.000000e-02 -1.600000e-03 8.000000e-04 
1.000000e+00 4.000000e-02 8.000000e-04 -2.000000e-02 -8.000000e-04 2.000000e-04 
1.000000e+00 4.000000e-02 8.000000e-04 0.000000e+00 0.000000e+00 0.000000e+00 
1.000000e+00 4.000000e-02 8.000000e-04 2.000000e-02 8.000000e-04 2.000000e-04 
1.000000e+00 4.000000e-02 8.000000e-04 4.000000e-02 1.600000e-03 8.000000e-04 
1.000000e+00 6.000000e-02 1.800000e-03 -2.000000e-02 -1.200000e-03 2.000000e-04 
1.000000e+00 6.000000e-02 1.800000e-03 0.000000e+00 0.000000e+00 0.000000e+00 
1.000000e+00 6.000000e-02 1.800000e-03 2.000000e-02 1.200000e-03 2.000000e-04 
W Matrix
7.461796e-03 0 0 0 0 0 0 0 0 0 0 0 0 0 0 
0 8.638169e-02 0 0 0 0 0 0 0 0 0 0 0 0 0 
0 0 3.754643e-01 0 0 0 0 0 0 0 0 0 0 0 0 
0 0 0 6.127514e-01 0 0 0 0 0 0 0 0 0 0 0 
0 0 0 0 3.754643e-01 0 0 0 0 0 0 0 0 0 0 
0 0 0 0 0 8.638169e-02 0 0 0 0 0 0 0 0 0 
0 0 0 0 0 0 7.461796e-03 0 0 0 0 0 0 0 0 
0 0 0 0 0 0 0 1.987351e-02 0 0 0 0 0 0 0 
0 0 0 0 0 0 0 0 8.638169e-02 0 0 0 0 0 0 
0 0 0 0 0 0 0 0 0 1.409735e-01 0 0 0 0 0 
0 0 0 0 0 0 0 0 0 0 8.638169e-02 0 0 0 0 
0 0 0 0 0 0 0 0 0 0 0 1.987351e-02 0 0 0 
0 0 0 0 0 0 0 0 0 0 0 0 7.461796e-03 0 0 
0 0 0 0 0 0 0 0 0 0 0 0 0 1.217752e-02 0 
0 0 0 0 0 0 0 0 0 0 0 0 0 0 7.461796e-03 
Identity Matrix
9.965862e-01 2.425714e-01 -7.379118e+00 -1.813770e-16 6.852460e-15 -3.248320e-02 
5.413399e-05 9.961534e-01 1.170153e-01 2.876208e-18 -1.086637e-16 5.151063e-04 
3.436093e-07 -2.441589e-05 1.000743e+00 1.825640e-20 -6.897305e-19 3.269578e-06 
-8.207781e-20 5.832212e-18 -1.774182e-16 1.000000e+00 4.646645e-29 -7.810028e-19 
-5.574229e-22 3.960886e-20 -1.204917e-18 5.551115e-17 1.000000e+00 -5.304099e-21 
-5.828612e-10 4.141644e-08 -1.259904e-06 -3.096816e-23 1.169983e-21 1.000000e+00 
MTWMINvMTW Matrix
1.468348e-03 1.106530e-01 7.252077e-01 1.316395e+00 7.252077e-01 1.106530e-01 1.468348e-03 -1.808861e-01 -7.300417e-01 -1.160847e+00 -7.300417e-01 -1.808861e-01 2.725415e-01 4.474238e-01 2.725415e-01 
-9.134084e-01 -8.289160e+00 -3.007045e+01 -4.583280e+01 -3.007045e+01 -8.289160e+00 -9.134084e-01 1.085497e+01 4.855289e+01 7.998330e+01 4.855289e+01 1.085497e+01 -2.052437e+01 -3.343100e+01 -2.052437e+01 
2.457681e+01 1.928666e+02 5.992974e+02 8.480224e+02 5.992974e+02 1.928666e+02 2.457681e+01 -2.661884e+02 -1.211996e+03 -2.007871e+03 -1.211996e+03 -2.661884e+02 6.847754e+02 1.114958e+03 6.847754e+02 
-1.355113e+00 -1.045833e+01 -2.272896e+01 3.529237e-14 2.272896e+01 1.045833e+01 1.355113e+00 4.893489e+00 1.063495e+01 -5.980670e-14 -1.063495e+01 -4.893489e+00 2.289035e+00 3.370379e-14 -2.289035e+00 
3.253506e+01 2.510954e+02 5.457022e+02 -1.679941e-12 -5.457022e+02 -2.510954e+02 -3.253506e+01 -2.494428e+02 -5.421107e+02 2.295730e-12 5.421107e+02 2.494428e+02 -1.045019e+02 -1.349102e-12 1.045019e+02 
8.214057e+01 3.553942e+02 -8.305355e+00 -8.584059e+02 -8.305355e+00 3.553942e+02 8.214057e+01 8.388273e+01 7.297423e+00 -1.824626e+02 7.297423e+00 8.388273e+01 4.635072e+00 -9.225814e+00 4.635072e+00 
Number of (Rows, Cols) = (15,6)
Neighbour Type
Bottom Bottom Bottom Bottom Bottom Bottom Bottom Bottom Bottom Bottom Bottom Bottom Bottom Bottom Bottom 
M Matrix
1.000000e+00 -6.000000e-02 1.800000e-03 -2.000000e-02 1.200000e-03 2.000000e-04 
1.000000e+00 -4.000000e-02 8.000000e-04 -4.000000e-02 1.600000e-03 8.000000e-04 
1.000000e+00 -4.000000e-02 8.000000e-04 -2.000000e-02 8.000000e-04 2.000000e-04 
1.000000e+00 -2.000000e-02 2.000000e-04 -6.000000e-02 1.200000e-03 1.800000e-03 
1.000000e+00 -2.000000e-02 2.000000e-04 -4.000000e-02 8.000000e-04 8.000000e-04 
1.000000e+00 -2.000000e-02 2.000000e-04 -2.000000e-02 4.000000e-04 2.000000e-04 
1.000000e+00 0.000000e+00 0.000000e+00 -6.000000e-02 -0.000000e+00 1.800000e-03 
1.000000e+00 0.000000e+00 0.000000e+00 -4.000000e-02 -0.000000e+00 8.000000e-04 
1.000000e+00 0.000000e+00 0.000000e+00 -2.000000e-02 -0.000000e+00 2.000000e-04 
1.000000e+00 2.000000e-02 2.000000e-04 -6.000000e-02 -1.200000e-03 1.800000e-03 
1.000000e+00 2.000000e-02 2.000000e-04 -4.000000e-02 -8.000000e-04 8.000000e-04 
1.000000e+00 2.000000e-02 2.000000e-04 -2.000000e-02 -4.000000e-04 2.000000e-04 
1.000000e+00 4.000000e-02 8.000000e-04 -4.000000e-02 -1.600000e-03 8.000000e-04 
1.000000e+00 4.000000e-02 8.000000e-04 -2.000000e-02 -8.000000e-04 2.000000e-04 
1.000000e+00 6.000000e-02 1.800000e-03 -2.000000e-02 -1.200000e-03 2.000000e-04 
W Matrix
7.461796e-03 0 0 0 0 0 0 0 0 0 0 0 0 0 0 
0 1.987351e-02 0 0 0 0 0 0 0 0 0 0 0 0 0 
0 0 8.638169e-02 0 0 0 0 0 0 0 0 0 0 0 0 
0 0 0 7.461796e-03 0 0 0 0 0 0 0 0 0 0 0 
0 0 0 0 8.638169e-02 0 0 0 0 0 0 0 0 0 0 
0 0 0 0 0 3.754643e-01 0 0 0 0 0 0 0 0 0 
0 0 0 0 0 0 1.217752e-02 0 0 0 0 0 0 0 0 
0 0 0 0 0 0 0 1.409735e-01 0 0 0 0 0 0 0 
0 0 0 0 0 0 0 0 6.127514e-01 0 0 0 0 0 0 
0 0 0 0 0 0 0 0 0 7.461796e-03 0 0 0 0 0 
0 0 0 0 0 0 0 0 0 0 8.638169e-02 0 0 0 0 
0 0 0 0 0 0 0 0 0 0 0 3.754643e-01 0 0 0 
0 0 0 0 0 0 0 0 0 0 0 0 1.987351e-02 0 0 
0 0 0 0 0 0 0 0 0 0 0 0 0 8.638169e-02 0 
0 0 0 0 0 0 0 0 0 0 0 0 0 0 7.461796e-03 
Identity Matrix
9.965835e-01 -7.142887e-16 1.342466e-02 -2.420731e-01 -1.332136e-14 -7.362075e+00 
-3.909785e-20 1.000000e+00 1.536303e-19 -2.770258e-18 -3.475245e-27 -8.425075e-17 
-8.530699e-07 -1.783525e-19 1.000003e+00 -6.044382e-05 -3.326241e-18 -1.838254e-03 
-5.447696e-05 -1.138957e-17 2.140607e-04 9.961401e-01 -2.124134e-16 -1.173907e-01 
1.451524e-21 2.552953e-30 -5.703591e-21 1.028470e-19 1.000000e+00 3.127845e-18 
3.465576e-07 7.245526e-20 -1.361757e-06 2.455516e-05 1.351278e-18 1.000747e+00 
MTWMINvMTW Matrix
1.538873e-03 -1.808149e-01 1.109584e-01 2.725480e-01 -7.300388e-01 7.252020e-01 4.474198e-01 -1.161009e+00 1.315661e+00 2.725480e-01 -7.300388e-01 7.252020e-01 -1.808149e-01 1.109584e-01 1.538873e-03 
-1.355113e+00 4.893489e+00 -1.045833e+01 2.289035e+00 1.063495e+01 -2.272896e+01 2.698418e-14 -7.134079e-14 8.333640e-14 -2.289035e+00 -1.063495e+01 2.272896e+01 -4.893489e+00 1.045833e+01 1.355113e+00 
8.213985e+01 8.389557e+01 3.553870e+02 4.607524e+00 7.353848e+00 -8.334253e+00 -9.270743e+00 -1.823702e+02 -8.584516e+02 4.607524e+00 7.353848e+00 -8.334253e+00 8.389557e+01 3.553870e+02 8.213985e+01 
9.183006e-01 -1.084983e+01 8.310279e+00 2.052441e+01 -4.855186e+01 3.006962e+01 3.343006e+01 -7.999320e+01 4.578107e+01 2.052441e+01 -4.855186e+01 3.006962e+01 -1.084983e+01 8.310279e+00 9.183006e-01 
-3.253506e+01 2.494428e+02 -2.510954e+02 1.045019e+02 5.421107e+02 -5.457022e+02 1.054306e-12 -3.015117e-12 2.648276e-12 -1.045019e+02 -5.421107e+02 5.457022e+02 -2.494428e+02 2.510954e+02 3.253506e+01 
2.472247e+01 -2.660348e+02 1.934952e+02 6.847754e+02 -1.211963e+03 5.992717e+02 1.114928e+03 -2.008162e+03 8.464799e+02 6.847754e+02 -1.211963e+03 5.992717e+02 -2.660348e+02 1.934952e+02 2.472247e+01 
Number of (Rows, Cols) = (15,6)
Neighbour Type
Top Top Top Top Top Top Top Top Top Top Top Top Top Top Top 
M Matrix
1.000000e+00 -6.000000e-02 1.800000e-03 2.000000e-02 -1.200000e-03 2.000000e-04 
1.000000e+00 -4.000000e-02 8.000000e-04 2.000000e-02 -8.000000e-04 2.000000e-04 
1.000000e+00 -4.000000e-02 8.000000e-04 4.000000e-02 -1.600000e-03 8.000000e-04 
1.000000e+00 -2.000000e-02 2.000000e-04 2.000000e-02 -4.000000e-04 2.000000e-04 
1.000000e+00 -2.000000e-02 2.000000e-04 4.000000e-02 -8.000000e-04 8.000000e-04 
1.000000e+00 -2.000000e-02 2.000000e-04 6.000000e-02 -1.200000e-03 1.800000e-03 
1.000000e+00 0.000000e+00 0.000000e+00 2.000000e-02 0.000000e+00 2.000000e-04 
1.000000e+00 0.000000e+00 0.000000e+00 4.000000e-02 0.000000e+00 8.000000e-04 
1.000000e+00 0.000000e+00 0.000000e+00 6.000000e-02 0.000000e+00 1.800000e-03 
1.000000e+00 2.000000e-02 2.000000e-04 2.000000e-02 4.000000e-04 2.000000e-04 
1.000000e+00 2.000000e-02 2.000000e-04 4.000000e-02 8.000000e-04 8.000000e-04 
1.000000e+00 2.000000e-02 2.000000e-04 6.000000e-02 1.200000e-03 1.800000e-03 
1.000000e+00 4.000000e-02 8.000000e-04 2.000000e-02 8.000000e-04 2.000000e-04 
1.000000e+00 4.000000e-02 8.000000e-04 4.000000e-02 1.600000e-03 8.000000e-04 
1.000000e+00 6.000000e-02 1.800000e-03 2.000000e-02 1.200000e-03 2.000000e-04 
W Matrix
7.461796e-03 0 0 0 0 0 0 0 0 0 0 0 0 0 0 
0 8.638169e-02 0 0 0 0 0 0 0 0 0 0 0 0 0 
0 0 1.987351e-02 0 0 0 0 0 0 0 0 0 0 0 0 
0 0 0 3.754643e-01 0 0 0 0 0 0 0 0 0 0 0 
0 0 0 0 8.638169e-02 0 0 0 0 0 0 0 0 0 0 
0 0 0 0 0 7.461796e-03 0 0 0 0 0 0 0 0 0 
0 0 0 0 0 0 6.127514e-01 0 0 0 0 0 0 0 0 
0 0 0 0 0 0 0 1.409735e-01 0 0 0 0 0 0 0 
0 0 0 0 0 0 0 0 1.217752e-02 0 0 0 0 0 0 
0 0 0 0 0 0 0 0 0 3.754643e-01 0 0 0 0 0 
0 0 0 0 0 0 0 0 0 0 8.638169e-02 0 0 0 0 
0 0 0 0 0 0 0 0 0 0 0 7.461796e-03 0 0 0 
0 0 0 0 0 0 0 0 0 0 0 0 8.638169e-02 0 0 
0 0 0 0 0 0 0 0 0 0 0 0 0 1.987351e-02 0 
0 0 0 0 0 0 0 0 0 0 0 0 0 0 7.461796e-03 
Identity Matrix
9.965835e-01 7.145130e-16 1.342466e-02 2.420731e-01 -9.551293e-15 -7.362075e+00 
1.360174e-19 1.000000e+00 -5.344641e-19 -9.637440e-18 -2.700211e-27 2.930997e-16 
-8.530699e-07 1.784084e-19 1.000003e+00 6.044382e-05 -2.384885e-18 -1.838254e-03 
5.447696e-05 -1.139315e-17 -2.140607e-04 9.961401e-01 1.522985e-16 1.173907e-01 
-4.766490e-22 2.775558e-17 1.872936e-21 3.377272e-20 1.000000e+00 -1.027116e-18 
3.465576e-07 -7.247801e-20 -1.361757e-06 -2.455516e-05 9.688539e-19 1.000747e+00 
MTWMINvMTW Matrix
1.538873e-03 1.109584e-01 -1.808149e-01 7.252020e-01 -7.300388e-01 2.725480e-01 1.315661e+00 -1.161009e+00 4.474198e-01 7.252020e-01 -7.300388e-01 2.725480e-01 1.109584e-01 -1.808149e-01 1.538873e-03 
-1.355113e+00 -1.045833e+01 4.893489e+00 -2.272896e+01 1.063495e+01 2.289035e+00 -1.621182e-14 6.092036e-14 -3.351993e-14 2.272896e+01 -1.063495e+01 -2.289035e+00 1.045833e+01 -4.893489e+00 1.355113e+00 
8.213985e+01 3.553870e+02 8.389557e+01 -8.334253e+00 7.353848e+00 4.607524e+00 -8.584516e+02 -1.823702e+02 -9.270743e+00 -8.334253e+00 7.353848e+00 4.607524e+00 3.553870e+02 8.389557e+01 8.213985e+01 
-9.183006e-01 -8.310279e+00 1.084983e+01 -3.006962e+01 4.855186e+01 -2.052441e+01 -4.578107e+01 7.999320e+01 -3.343006e+01 -3.006962e+01 4.855186e+01 -2.052441e+01 -8.310279e+00 1.084983e+01 -9.183006e-01 
3.253506e+01 2.510954e+02 -2.494428e+02 5.457022e+02 -5.421107e+02 -1.045019e+02 1.404705e-12 -2.429526e-12 1.430225e-12 -5.457022e+02 5.421107e+02 1.045019e+02 -2.510954e+02 2.494428e+02 -3.253506e+01 
2.472247e+01 1.934952e+02 -2.660348e+02 5.992717e+02 -1.211963e+03 6.847754e+02 8.464799e+02 -2.008162e+03 1.114928e+03 5.992717e+02 -1.211963e+03 6.847754e+02 1.934952e+02 -2.660348e+02 2.472247e+01 
Number of (Rows, Cols) = (37,6)
Neighbour Type
Center Center Center Center Center Center Center Center Center Center Center Center Center Center Center Center Center Center Center Center Center Center Center Center Center Center Center Center Center Center Center Center Center Center Center Center Center 
M Matrix
1.000000e+00 -6.000000e-02 1.800000e-03 -2.000000e-02 1.200000e-03 2.000000e-04 
1.000000e+00 -6.000000e-02 1.800000e-03 0.000000e+00 -0.000000e+00 0.000000e+00 
1.000000e+00 -6.000000e-02 1.800000e-03 2.000000e-02 -1.200000e-03 2.000000e-04 
1.000000e+00 -4.000000e-02 8.000000e-04 -4.000000e-02 1.600000e-03 8.000000e-04 
1.000000e+00 -4.000000e-02 8.000000e-04 -2.000000e-02 8.000000e-04 2.000000e-04 
1.000000e+00 -4.000000e-02 8.000000e-04 0.000000e+00 -0.000000e+00 0.000000e+00 
1.000000e+00 -4.000000e-02 8.000000e-04 2.000000e-02 -8.000000e-04 2.000000e-04 
1.000000e+00 -4.000000e-02 8.000000e-04 4.000000e-02 -1.600000e-03 8.000000e-04 
1.000000e+00 -2.000000e-02 2.000000e-04 -6.000000e-02 1.200000e-03 1.800000e-03 
1.000000e+00 -2.000000e-02 2.000000e-04 -4.000000e-02 8.000000e-04 8.000000e-04 
1.000000e+00 -2.000000e-02 2.000000e-04 -2.000000e-02 4.000000e-04 2.000000e-04 
1.000000e+00 -2.000000e-02 2.000000e-04 0.000000e+00 -0.000000e+00 0.000000e+00 
1.000000e+00 -2.000000e-02 2.000000e-04 2.000000e-02 -4.000000e-04 2.000000e-04 
1.000000e+00 -2.000000e-02 2.000000e-04 4.000000e-02 -8.000000e-04 8.000000e-04 
1.000000e+00 -2.000000e-02 2.000000e-04 6.000000e-02 -1.200000e-03 1.800000e-03 
1.000000e+00 0.000000e+00 0.000000e+00 -6.000000e-02 -0.000000e+00 1.800000e-03 
1.000000e+00 0.000000e+00 0.000000e+00 -4.000000e-02 -0.000000e+00 8.000000e-04 
1.000000e+00 0.000000e+00 0.000000e+00 -2.000000e-02 -0.000000e+00 2.000000e-04 
1.000000e+00 0.000000e+00 0.000000e+00 0.000000e+00 0.000000e+00 0.000000e+00 
1.000000e+00 0.000000e+00 0.000000e+00 2.000000e-02 0.000000e+00 2.000000e-04 
1.000000e+00 0.000000e+00 0.000000e+00 4.000000e-02 0.000000e+00 8.000000e-04 
1.000000e+00 0.000000e+00 0.000000e+00 6.000000e-02 0.000000e+00 1.800000e-03 
1.000000e+00 2.000000e-02 2.000000e-04 -6.000000e-02 -1.200000e-03 1.800000e-03 
1.000000e+00 2.000000e-02 2.000000e-04 -4.000000e-02 -8.000000e-04 8.000000e-04 
1.000000e+00 2.000000e-02 2.000000e-04 -2.000000e-02 -4.000000e-04 2.000000e-04 
1.000000e+00 2.000000e-02 2.000000e-04 0.000000e+00 0.000000e+00 0.000000e+00 
1.000000e+00 2.000000e-02 2.000000e-04 2.000000e-02 4.000000e-04 2.000000e-04 
1.000000e+00 2.000000e-02 2.000000e-04 4.000000e-02 8.000000e-04 8.000000e-04 
1.000000e+00 2.000000e-02 2.000000e-04 6.000000e-02 1.200000e-03 1.800000e-03 
1.000000e+00 4.000000e-02 8.000000e-04 -4.000000e-02 -1.600000e-03 8.000000e-04 
1.000000e+00 4.000000e-02 8.000000e-04 -2.000000e-02 -8.000000e-04 2.000000e-04 
1.000000e+00 4.000000e-02 8.000000e-04 0.000000e+00 0.000000e+00 0.000000e+00 
1.000000e+00 4.000000e-02 8.000000e-04 2.000000e-02 8.000000e-04 2.000000e-04 
1.000000e+00 4.000000e-02 8.000000e-04 4.000000e-02 1.600000e-03 8.000000e-04 
1.000000e+00 6.000000e-02 1.800000e-03 -2.000000e-02 -1.200000e-03 2.000000e-04 
1.000000e+00 6.000000e-02 1.800000e-03 0.000000e+00 0.000000e+00 0.000000e+00 
1.000000e+00 6.000000e-02 1.800000e-03 2.000000e-02 1.200000e-03 2.000000e-04 
W Matrix
7.461796e-03 0 0 0 0 0 0 0 0 0 0 0 0 0 0 0 0 0 0 0 0 0 0 0 0 0 0 0 0 0 0 0 0 0 0 0 0 
0 1.217752e-02 0 0 0 0 0 0 0 0 0 0 0 0 0 0 0 0 0 0 0 0 0 0 0 0 0 0 0 0 0 0 0 0 0 0 0 
0 0 7.461796e-03 0 0 0 0 0 0 0 0 0 0 0 0 0 0 0 0 0 0 0 0 0 0 0 0 0 0 0 0 0 0 0 0 0 0 
0 0 0 1.987351e-02 0 0 0 0 0 0 0 0 0 0 0 0 0 0 0 0 0 0 0 0 0 0 0 0 0 0 0 0 0 0 0 0 0 
0 0 0 0 8.638169e-02 0 0 0 0 0 0 0 0 0 0 0 0 0 0 0 0 0 0 0 0 0 0 0 0 0 0 0 0 0 0 0 0 
0 0 0 0 0 1.409735e-01 0 0 0 0 0 0 0 0 0 0 0 0 0 0 0 0 0 0 0 0 0 0 0 0 0 0 0 0 0 0 0 
0 0 0 0 0 0 8.638169e-02 0 0 0 0 0 0 0 0 0 0 0 0 0 0 0 0 0 0 0 0 0 0 0 0 0 0 0 0 0 0 
0 0 0 0 0 0 0 1.987351e-02 0 0 0 0 0 0 0 0 0 0 0 0 0 0 0 0 0 0 0 0 0 0 0 0 0 0 0 0 0 
0 0 0 0 0 0 0 0 7.461796e-03 0 0 0 0 0 0 0 0 0 0 0 0 0 0 0 0 0 0 0 0 0 0 0 0 0 0 0 0 
0 0 0 0 0 0 0 0 0 8.638169e-02 0 0 0 0 0 0 0 0 0 0 0 0 0 0 0 0 0 0 0 0 0 0 0 0 0 0 0 
0 0 0 0 0 0 0 0 0 0 3.754643e-01 0 0 0 0 0 0 0 0 0 0 0 0 0 0 0 0 0 0 0 0 0 0 0 0 0 0 
0 0 0 0 0 0 0 0 0 0 0 6.127514e-01 0 0 0 0 0 0 0 0 0 0 0 0 0 0 0 0 0 0 0 0 0 0 0 0 0 
0 0 0 0 0 0 0 0 0 0 0 0 3.754643e-01 0 0 0 0 0 0 0 0 0 0 0 0 0 0 0 0 0 0 0 0 0 0 0 0 
0 0 0 0 0 0 0 0 0 0 0 0 0 8.638169e-02 0 0 0 0 0 0 0 0 0 0 0 0 0 0 0 0 0 0 0 0 0 0 0 
0 0 0 0 0 0 0 0 0 0 0 0 0 0 7.461796e-03 0 0 0 0 0 0 0 0 0 0 0 0 0 0 0 0 0 0 0 0 0 0 
0 0 0 0 0 0 0 0 0 0 0 0 0 0 0 1.217752e-02 0 0 0 0 0 0 0 0 0 0 0 0 0 0 0 0 0 0 0 0 0 
0 0 0 0 0 0 0 0 0 0 0 0 0 0 0 0 1.409735e-01 0 0 0 0 0 0 0 0 0 0 0 0 0 0 0 0 0 0 0 0 
0 0 0 0 0 0 0 0 0 0 0 0 0 0 0 0 0 6.127514e-01 0 0 0 0 0 0 0 0 0 0 0 0 0 0 0 0 0 0 0 
0 0 0 0 0 0 0 0 0 0 0 0 0 0 0 0 0 0 1.000000e+00 0 0 0 0 0 0 0 0 0 0 0 0 0 0 0 0 0 0 
0 0 0 0 0 0 0 0 0 0 0 0 0 0 0 0 0 0 0 6.127514e-01 0 0 0 0 0 0 0 0 0 0 0 0 0 0 0 0 0 
0 0 0 0 0 0 0 0 0 0 0 0 0 0 0 0 0 0 0 0 1.409735e-01 0 0 0 0 0 0 0 0 0 0 0 0 0 0 0 0 
0 0 0 0 0 0 0 0 0 0 0 0 0 0 0 0 0 0 0 0 0 1.217752e-02 0 0 0 0 0 0 0 0 0 0 0 0 0 0 0 
0 0 0 0 0 0 0 0 0 0 0 0 0 0 0 0 0 0 0 0 0 0 7.461796e-03 0 0 0 0 0 0 0 0 0 0 0 0 0 0 
0 0 0 0 0 0 0 0 0 0 0 0 0 0 0 0 0 0 0 0 0 0 0 8.638169e-02 0 0 0 0 0 0 0 0 0 0 0 0 0 
0 0 0 0 0 0 0 0 0 0 0 0 0 0 0 0 0 0 0 0 0 0 0 0 3.754643e-01 0 0 0 0 0 0 0 0 0 0 0 0 
0 0 0 0 0 0 0 0 0 0 0 0 0 0 0 0 0 0 0 0 0 0 0 0 0 6.127514e-01 0 0 0 0 0 0 0 0 0 0 0 
0 0 0 0 0 0 0 0 0 0 0 0 0 0 0 0 0 0 0 0 0 0 0 0 0 0 3.754643e-01 0 0 0 0 0 0 0 0 0 0 
0 0 0 0 0 0 0 0 0 0 0 0 0 0 0 0 0 0 0 0 0 0 0 0 0 0 0 8.638169e-02 0 0 0 0 0 0 0 0 0 
0 0 0 0 0 0 0 0 0 0 0 0 0 0 0 0 0 0 0 0 0 0 0 0 0 0 0 0 7.461796e-03 0 0 0 0 0 0 0 0 
0 0 0 0 0 0 0 0 0 0 0 0 0 0 0 0 0 0 0 0 0 0 0 0 0 0 0 0 0 1.987351e-02 0 0 0 0 0 0 0 
0 0 0 0 0 0 0 0 0 0 0 0 0 0 0 0 0 0 0 0 0 0 0 0 0 0 0 0 0 0 8.638169e-02 0 0 0 0 0 0 
0 0 0 0 0 0 0 0 0 0 0 0 0 0 0 0 0 0 0 0 0 0 0 0 0 0 0 0 0 0 0 1.409735e-01 0 0 0 0 0 
0 0 0 0 0 0 0 0 0 0 0 0 0 0 0 0 0 0 0 0 0 0 0 0 0 0 0 0 0 0 0 0 8.638169e-02 0 0 0 0 
0 0 0 0 0 0 0 0 0 0 0 0 0 0 0 0 0 0 0 0 0 0 0 0 0 0 0 0 0 0 0 0 0 1.987351e-02 0 0 0 
0 0 0 0 0 0 0 0 0 0 0 0 0 0 0 0 0 0 0 0 0 0 0 0 0 0 0 0 0 0 0 0 0 0 7.461796e-03 0 0 
0 0 0 0 0 0 0 0 0 0 0 0 0 0 0 0 0 0 0 0 0 0 0 0 0 0 0 0 0 0 0 0 0 0 0 1.217752e-02 0 
0 0 0 0 0 0 0 0 0 0 0 0 0 0 0 0 0 0 0 0 0 0 0 0 0 0 0 0 0 0 0 0 0 0 0 0 7.461796e-03 
Identity Matrix
1.000000e+00 -6.694093e-25 5.826450e-13 5.450587e-25 -6.565847e-26 0.000000e+00 
7.703720e-34 1.000000e+00 -4.437343e-30 -7.456222e-42 -9.537719e-29 0.000000e+00 
6.776264e-20 -1.220251e-28 1.000000e+00 1.200070e-28 -1.514551e-29 0.000000e+00 
3.081488e-33 -1.898785e-32 7.888609e-31 1.000000e+00 5.993643e-29 0.000000e+00 
-1.504633e-36 1.386772e-31 -7.703720e-34 -7.951125e-32 1.000000e+00 0.000000e+00 
5.421011e-20 -3.976756e-29 0.000000e+00 4.652430e-29 -6.076694e-30 1.000000e+00 
MTWMINvMTW Matrix
-3.822168e-03 -5.219092e-03 -3.822168e-03 -6.855099e-03 -8.119335e-03 -1.458529e-03 -8.119335e-03 -6.855099e-03 -3.822168e-03 -8.119335e-03 5.892876e-02 1.474259e-01 5.892876e-02 -8.119335e-03 -3.822168e-03 -5.219092e-03 -1.458529e-03 1.474259e-01 3.242442e-01 1.474259e-01 -1.458529e-03 -5.219092e-03 -3.822168e-03 -8.119335e-03 5.892876e-02 1.474259e-01 5.892876e-02 -8.119335e-03 -3.822168e-03 -6.855099e-03 -8.119335e-03 -1.458529e-03 -8.119335e-03 -6.855099e-03 -3.822168e-03 -5.219092e-03 -3.822168e-03 
-1.743838e-01 -2.845914e-01 -1.743838e-01 -3.096323e-01 -1.345839e+00 -2.196387e+00 -1.345839e+00 -3.096323e-01 -5.812793e-02 -6.729196e-01 -2.924894e+00 -4.773378e+00 -2.924894e+00 -6.729196e-01 -5.812793e-02 7.115928e-17 8.862568e-16 4.015123e-15 6.641253e-15 4.015123e-15 8.862568e-16 7.115928e-17 5.812793e-02 6.729196e-01 2.924894e+00 4.773378e+00 2.924894e+00 6.729196e-01 5.812793e-02 3.096323e-01 1.345839e+00 2.196387e+00 1.345839e+00 3.096323e-01 1.743838e-01 2.845914e-01 1.743838e-01 
2.415174e+01 3.926932e+01 2.415174e+01 2.481790e+01 1.047676e+02 1.692897e+02 1.047676e+02 2.481790e+01 7.042523e-01 2.977383e+00 -5.557746e-01 -8.249409e+00 -5.557746e-01 2.977383e+00 7.042523e-01 -3.779830e+00 -5.220349e+01 -2.489335e+02 -4.182379e+02 -2.489335e+02 -5.220349e+01 -3.779830e+00 7.042523e-01 2.977383e+00 -5.557746e-01 -8.249409e+00 -5.557746e-01 2.977383e+00 7.042523e-01 2.481790e+01 1.047676e+02 1.692897e+02 1.047676e+02 2.481790e+01 2.415174e+01 3.926932e+01 2.415174e+01 
-5.812793e-02 -2.975059e-18 5.812793e-02 -3.096323e-01 -6.729196e-01 -2.772426e-16 6.729196e-01 3.096323e-01 -1.743838e-01 -1.345839e+00 -2.924894e+00 -1.833229e-15 2.924894e+00 1.345839e+00 1.743838e-01 -2.845914e-01 -2.196387e+00 -4.773378e+00 -3.319815e-15 4.773378e+00 2.196387e+00 2.845914e-01 -1.743838e-01 -1.345839e+00 -2.924894e+00 -1.808032e-15 2.924894e+00 1.345839e+00 1.743838e-01 -3.096323e-01 -6.729196e-01 -2.656484e-16 6.729196e-01 3.096323e-01 -5.812793e-02 -1.472770e-18 5.812793e-02 
9.211752e+00 1.415878e-14 -9.211752e+00 3.271239e+01 7.109340e+01 1.092654e-13 -7.109340e+01 -3.271239e+01 9.211752e+00 7.109340e+01 1.545063e+02 2.363366e-13 -1.545063e+02 -7.109340e+01 -9.211752e+00 -7.599850e-15 -6.129958e-14 -1.400849e-13 -5.444760e-15 1.438027e-13 6.932636e-14 9.325685e-15 -9.211752e+00 -7.109340e+01 -1.545063e+02 -2.440886e-13 1.545063e+02 7.109340e+01 9.211752e+00 -3.271239e+01 -7.109340e+01 -1.117939e-13 7.109340e+01 3.271239e+01 -9.211752e+00 -1.448444e-14 9.211752e+00 
7.042523e-01 -3.779830e+00 7.042523e-01 2.481790e+01 2.977383e+00 -5.220349e+01 2.977383e+00 2.481790e+01 2.415174e+01 1.047676e+02 -5.557746e-01 -2.489335e+02 -5.557746e-01 1.047676e+02 2.415174e+01 3.926932e+01 1.692897e+02 -8.249409e+00 -4.182379e+02 -8.249409e+00 1.692897e+02 3.926932e+01 2.415174e+01 1.047676e+02 -5.557746e-01 -2.489335e+02 -5.557746e-01 1.047676e+02 2.415174e+01 2.481790e+01 2.977383e+00 -5.220349e+01 2.977383e+00 2.481790e+01 7.042523e-01 -3.779830e+00 7.042523e-01 
Number of (Rows, Cols) = (15,6)
Neighbour Type
Left Left Left Left Left Left Left Left Left Left Left Left Left Left Left 
M Matrix
1.000000e+00 -6.000000e-02 1.800000e-03 -2.000000e-02 1.200000e-03 2.000000e-04 
1.000000e+00 -6.000000e-02 1.800000e-03 0.000000e+00 -0.000000e+00 0.000000e+00 
1.000000e+00 -6.000000e-02 1.800000e-03 2.000000e-02 -1.200000e-03 2.000000e-04 
1.000000e+00 -4.000000e-02 8.000000e-04 -4.000000e-02 1.600000e-03 8.000000e-04 
1.000000e+00 -4.000000e-02 8.000000e-04 -2.000000e-02 8.000000e-04 2.000000e-04 
1.000000e+00 -4.000000e-02 8.000000e-04 0.000000e+00 -0.000000e+00 0.000000e+00 
1.000000e+00 -4.000000e-02 8.000000e-04 2.000000e-02 -8.000000e-04 2.000000e-04 
1.000000e+00 -4.000000e-02 8.000000e-04 4.000000e-02 -1.600000e-03 8.000000e-04 
1.000000e+00 -2.000000e-02 2.000000e-04 -6.000000e-02 1.200000e-03 1.800000e-03 
1.000000e+00 -2.000000e-02 2.000000e-04 -4.000000e-02 8.000000e-04 8.000000e-04 
1.000000e+00 -2.000000e-02 2.000000e-04 -2.000000e-02 4.000000e-04 2.000000e-04 
1.000000e+00 -2.000000e-02 2.000000e-04 0.000000e+00 -0.000000e+00 0.000000e+00 
1.000000e+00 -2.000000e-02 2.000000e-04 2.000000e-02 -4.000000e-04 2.000000e-04 
1.000000e+00 -2.000000e-02 2.000000e-04 4.000000e-02 -8.000000e-04 8.000000e-04 
1.000000e+00 -2.000000e-02 2.000000e-04 6.000000e-02 -1.200000e-03 1.800000e-03 
W Matrix
7.461796e-03 0 0 0 0 0 0 0 0 0 0 0 0 0 0 
0 1.217752e-02 0 0 0 0 0 0 0 0 0 0 0 0 0 
0 0 7.461796e-03 0 0 0 0 0 0 0 0 0 0 0 0 
0 0 0 1.987351e-02 0 0 0 0 0 0 0 0 0 0 0 
0 0 0 0 8.638169e-02 0 0 0 0 0 0 0 0 0 0 
0 0 0 0 0 1.409735e-01 0 0 0 0 0 0 0 0 0 
0 0 0 0 0 0 8.638169e-02 0 0 0 0 0 0 0 0 
0 0 0 0 0 0 0 1.987351e-02 0 0 0 0 0 0 0 
0 0 0 0 0 0 0 0 7.461796e-03 0 0 0 0 0 0 
0 0 0 0 0 0 0 0 0 8.638169e-02 0 0 0 0 0 
0 0 0 0 0 0 0 0 0 0 3.754643e-01 0 0 0 0 
0 0 0 0 0 0 0 0 0 0 0 6.127514e-01 0 0 0 
0 0 0 0 0 0 0 0 0 0 0 0 3.754643e-01 0 0 
0 0 0 0 0 0 0 0 0 0 0 0 0 8.638169e-02 0 
0 0 0 0 0 0 0 0 0 0 0 0 0 0 7.461796e-03 
Identity Matrix
9.965862e-01 -2.425714e-01 -7.379118e+00 7.141185e-16 2.846063e-15 -3.248320e-02 
-5.413399e-05 9.961534e-01 -1.170153e-01 1.132422e-17 4.513179e-17 -5.151063e-04 
3.436093e-07 2.441589e-05 1.000743e+00 -7.187919e-20 -2.864689e-19 3.269578e-06 
2.472881e-20 1.757158e-18 5.345344e-17 1.000000e+00 -6.960953e-29 2.353044e-19 
-1.611873e-22 -1.145351e-20 -3.484202e-19 6.791601e-32 1.000000e+00 -1.533761e-21 
-5.828612e-10 -4.141644e-08 -1.259904e-06 1.219280e-22 4.859345e-22 1.000000e+00 
MTWMINvMTW Matrix
2.725415e-01 4.474238e-01 2.725415e-01 -1.808861e-01 -7.300417e-01 -1.160847e+00 -7.300417e-01 -1.808861e-01 1.468348e-03 1.106530e-01 7.252077e-01 1.316395e+00 7.252077e-01 1.106530e-01 1.468348e-03 
2.052437e+01 3.343100e+01 2.052437e+01 -1.085497e+01 -4.855289e+01 -7.998330e+01 -4.855289e+01 -1.085497e+01 9.134084e-01 8.289160e+00 3.007045e+01 4.583280e+01 3.007045e+01 8.289160e+00 9.134084e-01 
6.847754e+02 1.114958e+03 6.847754e+02 -2.661884e+02 -1.211996e+03 -2.007871e+03 -1.211996e+03 -2.661884e+02 2.457681e+01 1.928666e+02 5.992974e+02 8.480224e+02 5.992974e+02 1.928666e+02 2.457681e+01 
2.289035e+00 -5.279100e-15 -2.289035e+00 4.893489e+00 1.063495e+01 3.262039e-14 -1.063495e+01 -4.893489e+00 -1.355113e+00 -1.045833e+01 -2.272896e+01 -1.814867e-14 2.272896e+01 1.045833e+01 1.355113e+00 
1.045019e+02 -2.216095e-13 -1.045019e+02 2.494428e+02 5.421107e+02 1.420480e-12 -5.421107e+02 -2.494428e+02 -3.253506e+01 -2.510954e+02 -5.457022e+02 -4.971949e-13 5.457022e+02 2.510954e+02 3.253506e+01 
4.635072e+00 -9.225814e+00 4.635072e+00 8.388273e+01 7.297423e+00 -1.824626e+02 7.297423e+00 8.388273e+01 8.214057e+01 3.553942e+02 -8.305355e+00 -8.584059e+02 -8.305355e+00 3.553942e+02 8.214057e+01 
Number of (Rows, Cols) = (15,6)
Neighbour Type
Right Right Right Right Right Right Right Right Right Right Right Right Right Right Right 
M Matrix
1.000000e+00 2.000000e-02 2.000000e-04 -6.000000e-02 -1.200000e-03 1.800000e-03 
1.000000e+00 2.000000e-02 2.000000e-04 -4.000000e-02 -8.000000e-04 8.000000e-04 
1.000000e+00 2.000000e-02 2.000000e-04 -2.000000e-02 -4.000000e-04 2.000000e-04 
1.000000e+00 2.000000e-02 2.000000e-04 0.000000e+00 0.000000e+00 0.000000e+00 
1.000000e+00 2.000000e-02 2.000000e-04 2.000000e-02 4.000000e-04 2.000000e-04 
1.000000e+00 2.000000e-02 2.000000e-04 4.000000e-02 8.000000e-04 8.000000e-04 
1.000000e+00 2.000000e-02 2.000000e-04 6.000000e-02 1.200000e-03 1.800000e-03 
1.000000e+00 4.000000e-02 8.000000e-04 -4.000000e-02 -1.600000e-03 8.000000e-04 
1.000000e+00 4.000000e-02 8.000000e-04 -2.000000e-02 -8.000000e-04 2.000000e-04 
1.000000e+00 4.000000e-02 8.000000e-04 0.000000e+00 0.000000e+00 0.000000e+00 
1.000000e+00 4.000000e-02 8.000000e-04 2.000000e-02 8.000000e-04 2.000000e-04 
1.000000e+00 4.000000e-02 8.000000e-04 4.000000e-02 1.600000e-03 8.000000e-04 
1.000000e+00 6.000000e-02 1.800000e-03 -2.000000e-02 -1.200000e-03 2.000000e-04 
1.000000e+00 6.000000e-02 1.800000e-03 0.000000e+00 0.000000e+00 0.000000e+00 
1.000000e+00 6.000000e-02 1.800000e-03 2.000000e-02 1.200000e-03 2.000000e-04 
W Matrix
7.461796e-03 0 0 0 0 0 0 0 0 0 0 0 0 0 0 
0 8.638169e-02 0 0 0 0 0 0 0 0 0 0 0 0 0 
0 0 3.754643e-01 0 0 0 0 0 0 0 0 0 0 0 0 
0 0 0 6.127514e-01 0 0 0 0 0 0 0 0 0 0 0 
0 0 0 0 3.754643e-01 0 0 0 0 0 0 0 0 0 0 
0 0 0 0 0 8.638169e-02 0 0 0 0 0 0 0 0 0 
0 0 0 0 0 0 7.461796e-03 0 0 0 0 0 0 0 0 
0 0 0 0 0 0 0 1.987351e-02 0 0 0 0 0 0 0 
0 0 0 0 0 0 0 0 8.638169e-02 0 0 0 0 0 0 
0 0 0 0 0 0 0 0 0 1.409735e-01 0 0 0 0 0 
0 0 0 0 0 0 0 0 0 0 8.638169e-02 0 0 0 0 
0 0 0 0 0 0 0 0 0 0 0 1.987351e-02 0 0 0 
0 0 0 0 0 0 0 0 0 0 0 0 7.461796e-03 0 0 
0 0 0 0 0 0 0 0 0 0 0 0 0 1.217752e-02 0 
0 0 0 0 0 0 0 0 0 0 0 0 0 0 7.461796e-03 
Identity Matrix
9.965862e-01 2.425714e-01 -7.379118e+00 -1.813770e-16 6.852460e-15 -3.248320e-02 
5.413399e-05 9.961534e-01 1.170153e-01 2.876208e-18 -1.086637e-16 5.151063e-04 
3.436093e-07 -2.441589e-05 1.000743e+00 1.825640e-20 -6.897305e-19 3.269578e-06 
-8.207781e-20 5.832212e-18 -1.774182e-16 1.000000e+00 4.646645e-29 -7.810028e-19 
-5.574229e-22 3.960886e-20 -1.204917e-18 5.551115e-17 1.000000e+00 -5.304099e-21 
-5.828612e-10 4.141644e-08 -1.259904e-06 -3.096816e-23 1.169983e-21 1.000000e+00 
MTWMINvMTW Matrix
1.468348e-03 1.106530e-01 7.252077e-01 1.316395e+00 7.252077e-01 1.106530e-01 1.468348e-03 -1.808861e-01 -7.300417e-01 -1.160847e+00 -7.300417e-01 -1.808861e-01 2.725415e-01 4.474238e-01 2.725415e-01 
-9.134084e-01 -8.289160e+00 -3.007045e+01 -4.583280e+01 -3.007045e+01 -8.289160e+00 -9.134084e-01 1.085497e+01 4.855289e+01 7.998330e+01 4.855289e+01 1.085497e+01 -2.052437e+01 -3.343100e+01 -2.052437e+01 
2.457681e+01 1.928666e+02 5.992974e+02 8.480224e+02 5.992974e+02 1.928666e+02 2.457681e+01 -2.661884e+02 -1.211996e+03 -2.007871e+03 -1.211996e+03 -2.661884e+02 6.847754e+02 1.114958e+03 6.847754e+02 
-1.355113e+00 -1.045833e+01 -2.272896e+01 3.529237e-14 2.272896e+01 1.045833e+01 1.355113e+00 4.893489e+00 1.063495e+01 -5.980670e-14 -1.063495e+01 -4.893489e+00 2.289035e+00 3.370379e-14 -2.289035e+00 
3.253506e+01 2.510954e+02 5.457022e+02 -1.679941e-12 -5.457022e+02 -2.510954e+02 -3.253506e+01 -2.494428e+02 -5.421107e+02 2.295730e-12 5.421107e+02 2.494428e+02 -1.045019e+02 -1.349102e-12 1.045019e+02 
8.214057e+01 3.553942e+02 -8.305355e+00 -8.584059e+02 -8.305355e+00 3.553942e+02 8.214057e+01 8.388273e+01 7.297423e+00 -1.824626e+02 7.297423e+00 8.388273e+01 4.635072e+00 -9.225814e+00 4.635072e+00 
Number of (Rows, Cols) = (15,6)
Neighbour Type
Bottom Bottom Bottom Bottom Bottom Bottom Bottom Bottom Bottom Bottom Bottom Bottom Bottom Bottom Bottom 
M Matrix
1.000000e+00 -6.000000e-02 1.800000e-03 -2.000000e-02 1.200000e-03 2.000000e-04 
1.000000e+00 -4.000000e-02 8.000000e-04 -4.000000e-02 1.600000e-03 8.000000e-04 
1.000000e+00 -4.000000e-02 8.000000e-04 -2.000000e-02 8.000000e-04 2.000000e-04 
1.000000e+00 -2.000000e-02 2.000000e-04 -6.000000e-02 1.200000e-03 1.800000e-03 
1.000000e+00 -2.000000e-02 2.000000e-04 -4.000000e-02 8.000000e-04 8.000000e-04 
1.000000e+00 -2.000000e-02 2.000000e-04 -2.000000e-02 4.000000e-04 2.000000e-04 
1.000000e+00 0.000000e+00 0.000000e+00 -6.000000e-02 -0.000000e+00 1.800000e-03 
1.000000e+00 0.000000e+00 0.000000e+00 -4.000000e-02 -0.000000e+00 8.000000e-04 
1.000000e+00 0.000000e+00 0.000000e+00 -2.000000e-02 -0.000000e+00 2.000000e-04 
1.000000e+00 2.000000e-02 2.000000e-04 -6.000000e-02 -1.200000e-03 1.800000e-03 
1.000000e+00 2.000000e-02 2.000000e-04 -4.000000e-02 -8.000000e-04 8.000000e-04 
1.000000e+00 2.000000e-02 2.000000e-04 -2.000000e-02 -4.000000e-04 2.000000e-04 
1.000000e+00 4.000000e-02 8.000000e-04 -4.000000e-02 -1.600000e-03 8.000000e-04 
1.000000e+00 4.000000e-02 8.000000e-04 -2.000000e-02 -8.000000e-04 2.000000e-04 
1.000000e+00 6.000000e-02 1.800000e-03 -2.000000e-02 -1.200000e-03 2.000000e-04 
W Matrix
7.461796e-03 0 0 0 0 0 0 0 0 0 0 0 0 0 0 
0 1.987351e-02 0 0 0 0 0 0 0 0 0 0 0 0 0 
0 0 8.638169e-02 0 0 0 0 0 0 0 0 0 0 0 0 
0 0 0 7.461796e-03 0 0 0 0 0 0 0 0 0 0 0 
0 0 0 0 8.638169e-02 0 0 0 0 0 0 0 0 0 0 
0 0 0 0 0 3.754643e-01 0 0 0 0 0 0 0 0 0 
0 0 0 0 0 0 1.217752e-02 0 0 0 0 0 0 0 0 
0 0 0 0 0 0 0 1.409735e-01 0 0 0 0 0 0 0 
0 0 0 0 0 0 0 0 6.127514e-01 0 0 0 0 0 0 
0 0 0 0 0 0 0 0 0 7.461796e-03 0 0 0 0 0 
0 0 0 0 0 0 0 0 0 0 8.638169e-02 0 0 0 0 
0 0 0 0 0 0 0 0 0 0 0 3.754643e-01 0 0 0 
0 0 0 0 0 0 0 0 0 0 0 0 1.987351e-02 0 0 
0 0 0 0 0 0 0 0 0 0 0 0 0 8.638169e-02 0 
0 0 0 0 0 0 0 0 0 0 0 0 0 0 7.461796e-03 
Identity Matrix
9.965835e-01 -7.142887e-16 1.342466e-02 -2.420731e-01 -1.332136e-14 -7.362075e+00 
-3.909785e-20 1.000000e+00 1.536303e-19 -2.770258e-18 -3.475245e-27 -8.425075e-17 
-8.530699e-07 -1.783525e-19 1.000003e+00 -6.044382e-05 -3.326241e-18 -1.838254e-03 
-5.447696e-05 -1.138957e-17 2.140607e-04 9.961401e-01 -2.124134e-16 -1.173907e-01 
1.451524e-21 2.552953e-30 -5.703591e-21 1.028470e-19 1.000000e+00 3.127845e-18 
3.465576e-07 7.245526e-20 -1.361757e-06 2.455516e-05 1.351278e-18 1.000747e+00 
MTWMINvMTW Matrix
1.538873e-03 -1.808149e-01 1.109584e-01 2.725480e-01 -7.300388e-01 7.252020e-01 4.474198e-01 -1.161009e+00 1.315661e+00 2.725480e-01 -7.300388e-01 7.252020e-01 -1.808149e-01 1.109584e-01 1.538873e-03 
-1.355113e+00 4.893489e+00 -1.045833e+01 2.289035e+00 1.063495e+01 -2.272896e+01 2.698418e-14 -7.134079e-14 8.333640e-14 -2.289035e+00 -1.063495e+01 2.272896e+01 -4.893489e+00 1.045833e+01 1.355113e+00 
8.213985e+01 8.389557e+01 3.553870e+02 4.607524e+00 7.353848e+00 -8.334253e+00 -9.270743e+00 -1.823702e+02 -8.584516e+02 4.607524e+00 7.353848e+00 -8.334253e+00 8.389557e+01 3.553870e+02 8.213985e+01 
9.183006e-01 -1.084983e+01 8.310279e+00 2.052441e+01 -4.855186e+01 3.006962e+01 3.343006e+01 -7.999320e+01 4.578107e+01 2.052441e+01 -4.855186e+01 3.006962e+01 -1.084983e+01 8.310279e+00 9.183006e-01 
-3.253506e+01 2.494428e+02 -2.510954e+02 1.045019e+02 5.421107e+02 -5.457022e+02 1.054306e-12 -3.015117e-12 2.648276e-12 -1.045019e+02 -5.421107e+02 5.457022e+02 -2.494428e+02 2.510954e+02 3.253506e+01 
2.472247e+01 -2.660348e+02 1.934952e+02 6.847754e+02 -1.211963e+03 5.992717e+02 1.114928e+03 -2.008162e+03 8.464799e+02 6.847754e+02 -1.211963e+03 5.992717e+02 -2.660348e+02 1.934952e+02 2.472247e+01 
Number of (Rows, Cols) = (15,6)
Neighbour Type
Top Top Top Top Top Top Top Top Top Top Top Top Top Top Top 
M Matrix
1.000000e+00 -6.000000e-02 1.800000e-03 2.000000e-02 -1.200000e-03 2.000000e-04 
1.000000e+00 -4.000000e-02 8.000000e-04 2.000000e-02 -8.000000e-04 2.000000e-04 
1.000000e+00 -4.000000e-02 8.000000e-04 4.000000e-02 -1.600000e-03 8.000000e-04 
1.000000e+00 -2.000000e-02 2.000000e-04 2.000000e-02 -4.000000e-04 2.000000e-04 
1.000000e+00 -2.000000e-02 2.000000e-04 4.000000e-02 -8.000000e-04 8.000000e-04 
1.000000e+00 -2.000000e-02 2.000000e-04 6.000000e-02 -1.200000e-03 1.800000e-03 
1.000000e+00 0.000000e+00 0.000000e+00 2.000000e-02 0.000000e+00 2.000000e-04 
1.000000e+00 0.000000e+00 0.000000e+00 4.000000e-02 0.000000e+00 8.000000e-04 
1.000000e+00 0.000000e+00 0.000000e+00 6.000000e-02 0.000000e+00 1.800000e-03 
1.000000e+00 2.000000e-02 2.000000e-04 2.000000e-02 4.000000e-04 2.000000e-04 
1.000000e+00 2.000000e-02 2.000000e-04 4.000000e-02 8.000000e-04 8.000000e-04 
1.000000e+00 2.000000e-02 2.000000e-04 6.000000e-02 1.200000e-03 1.800000e-03 
1.000000e+00 4.000000e-02 8.000000e-04 2.000000e-02 8.000000e-04 2.000000e-04 
1.000000e+00 4.000000e-02 8.000000e-04 4.000000e-02 1.600000e-03 8.000000e-04 
1.000000e+00 6.000000e-02 1.800000e-03 2.000000e-02 1.200000e-03 2.000000e-04 
W Matrix
7.461796e-03 0 0 0 0 0 0 0 0 0 0 0 0 0 0 
0 8.638169e-02 0 0 0 0 0 0 0 0 0 0 0 0 0 
0 0 1.987351e-02 0 0 0 0 0 0 0 0 0 0 0 0 
0 0 0 3.754643e-01 0 0 0 0 0 0 0 0 0 0 0 
0 0 0 0 8.638169e-02 0 0 0 0 0 0 0 0 0 0 
0 0 0 0 0 7.461796e-03 0 0 0 0 0 0 0 0 0 
0 0 0 0 0 0 6.127514e-01 0 0 0 0 0 0 0 0 
0 0 0 0 0 0 0 1.409735e-01 0 0 0 0 0 0 0 
0 0 0 0 0 0 0 0 1.217752e-02 0 0 0 0 0 0 
0 0 0 0 0 0 0 0 0 3.754643e-01 0 0 0 0 0 
0 0 0 0 0 0 0 0 0 0 8.638169e-02 0 0 0 0 
0 0 0 0 0 0 0 0 0 0 0 7.461796e-03 0 0 0 
0 0 0 0 0 0 0 0 0 0 0 0 8.638169e-02 0 0 
0 0 0 0 0 0 0 0 0 0 0 0 0 1.987351e-02 0 
0 0 0 0 0 0 0 0 0 0 0 0 0 0 7.461796e-03 
Identity Matrix
9.965835e-01 7.145130e-16 1.342466e-02 2.420731e-01 -9.551293e-15 -7.362075e+00 
1.360174e-19 1.000000e+00 -5.344641e-19 -9.637440e-18 -2.700211e-27 2.930997e-16 
-8.530699e-07 1.784084e-19 1.000003e+00 6.044382e-05 -2.384885e-18 -1.838254e-03 
5.447696e-05 -1.139315e-17 -2.140607e-04 9.961401e-01 1.522985e-16 1.173907e-01 
-4.766490e-22 2.775558e-17 1.872936e-21 3.377272e-20 1.000000e+00 -1.027116e-18 
3.465576e-07 -7.247801e-20 -1.361757e-06 -2.455516e-05 9.688539e-19 1.000747e+00 
MTWMINvMTW Matrix
1.538873e-03 1.109584e-01 -1.808149e-01 7.252020e-01 -7.300388e-01 2.725480e-01 1.315661e+00 -1.161009e+00 4.474198e-01 7.252020e-01 -7.300388e-01 2.725480e-01 1.109584e-01 -1.808149e-01 1.538873e-03 
-1.355113e+00 -1.045833e+01 4.893489e+00 -2.272896e+01 1.063495e+01 2.289035e+00 -1.621182e-14 6.092036e-14 -3.351993e-14 2.272896e+01 -1.063495e+01 -2.289035e+00 1.045833e+01 -4.893489e+00 1.355113e+00 
8.213985e+01 3.553870e+02 8.389557e+01 -8.334253e+00 7.353848e+00 4.607524e+00 -8.584516e+02 -1.823702e+02 -9.270743e+00 -8.334253e+00 7.353848e+00 4.607524e+00 3.553870e+02 8.389557e+01 8.213985e+01 
-9.183006e-01 -8.310279e+00 1.084983e+01 -3.006962e+01 4.855186e+01 -2.052441e+01 -4.578107e+01 7.999320e+01 -3.343006e+01 -3.006962e+01 4.855186e+01 -2.052441e+01 -8.310279e+00 1.084983e+01 -9.183006e-01 
3.253506e+01 2.510954e+02 -2.494428e+02 5.457022e+02 -5.421107e+02 -1.045019e+02 1.404705e-12 -2.429526e-12 1.430225e-12 -5.457022e+02 5.421107e+02 1.045019e+02 -2.510954e+02 2.494428e+02 -3.253506e+01 
2.472247e+01 1.934952e+02 -2.660348e+02 5.992717e+02 -1.211963e+03 6.847754e+02 8.464799e+02 -2.008162e+03 1.114928e+03 5.992717e+02 -1.211963e+03 6.847754e+02 1.934952e+02 -2.660348e+02 2.472247e+01 
Number of (Rows, Cols) = (37,6)
Neighbour Type
Center Center Center Center Center Center Center Center Center Center Center Center Center Center Center Center Center Center Center Center Center Center Center Center Center Center Center Center Center Center Center Center Center Center Center Center Center 
M Matrix
1.000000e+00 -6.000000e-02 1.800000e-03 -2.000000e-02 1.200000e-03 2.000000e-04 
1.000000e+00 -6.000000e-02 1.800000e-03 0.000000e+00 -0.000000e+00 0.000000e+00 
1.000000e+00 -6.000000e-02 1.800000e-03 2.000000e-02 -1.200000e-03 2.000000e-04 
1.000000e+00 -4.000000e-02 8.000000e-04 -4.000000e-02 1.600000e-03 8.000000e-04 
1.000000e+00 -4.000000e-02 8.000000e-04 -2.000000e-02 8.000000e-04 2.000000e-04 
1.000000e+00 -4.000000e-02 8.000000e-04 0.000000e+00 -0.000000e+00 0.000000e+00 
1.000000e+00 -4.000000e-02 8.000000e-04 2.000000e-02 -8.000000e-04 2.000000e-04 
1.000000e+00 -4.000000e-02 8.000000e-04 4.000000e-02 -1.600000e-03 8.000000e-04 
1.000000e+00 -2.000000e-02 2.000000e-04 -6.000000e-02 1.200000e-03 1.800000e-03 
1.000000e+00 -2.000000e-02 2.000000e-04 -4.000000e-02 8.000000e-04 8.000000e-04 
1.000000e+00 -2.000000e-02 2.000000e-04 -2.000000e-02 4.000000e-04 2.000000e-04 
1.000000e+00 -2.000000e-02 2.000000e-04 0.000000e+00 -0.000000e+00 0.000000e+00 
1.000000e+00 -2.000000e-02 2.000000e-04 2.000000e-02 -4.000000e-04 2.000000e-04 
1.000000e+00 -2.000000e-02 2.000000e-04 4.000000e-02 -8.000000e-04 8.000000e-04 
1.000000e+00 -2.000000e-02 2.000000e-04 6.000000e-02 -1.200000e-03 1.800000e-03 
1.000000e+00 0.000000e+00 0.000000e+00 -6.000000e-02 -0.000000e+00 1.800000e-03 
1.000000e+00 0.000000e+00 0.000000e+00 -4.000000e-02 -0.000000e+00 8.000000e-04 
1.000000e+00 0.000000e+00 0.000000e+00 -2.000000e-02 -0.000000e+00 2.000000e-04 
1.000000e+00 0.000000e+00 0.000000e+00 0.000000e+00 0.000000e+00 0.000000e+00 
1.000000e+00 0.000000e+00 0.000000e+00 2.000000e-02 0.000000e+00 2.000000e-04 
1.000000e+00 0.000000e+00 0.000000e+00 4.000000e-02 0.000000e+00 8.000000e-04 
1.000000e+00 0.000000e+00 0.000000e+00 6.000000e-02 0.000000e+00 1.800000e-03 
1.000000e+00 2.000000e-02 2.000000e-04 -6.000000e-02 -1.200000e-03 1.800000e-03 
1.000000e+00 2.000000e-02 2.000000e-04 -4.000000e-02 -8.000000e-04 8.000000e-04 
1.000000e+00 2.000000e-02 2.000000e-04 -2.000000e-02 -4.000000e-04 2.000000e-04 
1.000000e+00 2.000000e-02 2.000000e-04 0.000000e+00 0.000000e+00 0.000000e+00 
1.000000e+00 2.000000e-02 2.000000e-04 2.000000e-02 4.000000e-04 2.000000e-04 
1.000000e+00 2.000000e-02 2.000000e-04 4.000000e-02 8.000000e-04 8.000000e-04 
1.000000e+00 2.000000e-02 2.000000e-04 6.000000e-02 1.200000e-03 1.800000e-03 
1.000000e+00 4.000000e-02 8.000000e-04 -4.000000e-02 -1.600000e-03 8.000000e-04 
1.000000e+00 4.000000e-02 8.000000e-04 -2.000000e-02 -8.000000e-04 2.000000e-04 
1.000000e+00 4.000000e-02 8.000000e-04 0.000000e+00 0.000000e+00 0.000000e+00 
1.000000e+00 4.000000e-02 8.000000e-04 2.000000e-02 8.000000e-04 2.000000e-04 
1.000000e+00 4.000000e-02 8.000000e-04 4.000000e-02 1.600000e-03 8.000000e-04 
1.000000e+00 6.000000e-02 1.800000e-03 -2.000000e-02 -1.200000e-03 2.000000e-04 
1.000000e+00 6.000000e-02 1.800000e-03 0.000000e+00 0.000000e+00 0.000000e+00 
1.000000e+00 6.000000e-02 1.800000e-03 2.000000e-02 1.200000e-03 2.000000e-04 
W Matrix
7.461796e-03 0 0 0 0 0 0 0 0 0 0 0 0 0 0 0 0 0 0 0 0 0 0 0 0 0 0 0 0 0 0 0 0 0 0 0 0 
0 1.217752e-02 0 0 0 0 0 0 0 0 0 0 0 0 0 0 0 0 0 0 0 0 0 0 0 0 0 0 0 0 0 0 0 0 0 0 0 
0 0 7.461796e-03 0 0 0 0 0 0 0 0 0 0 0 0 0 0 0 0 0 0 0 0 0 0 0 0 0 0 0 0 0 0 0 0 0 0 
0 0 0 1.987351e-02 0 0 0 0 0 0 0 0 0 0 0 0 0 0 0 0 0 0 0 0 0 0 0 0 0 0 0 0 0 0 0 0 0 
0 0 0 0 8.638169e-02 0 0 0 0 0 0 0 0 0 0 0 0 0 0 0 0 0 0 0 0 0 0 0 0 0 0 0 0 0 0 0 0 
0 0 0 0 0 1.409735e-01 0 0 0 0 0 0 0 0 0 0 0 0 0 0 0 0 0 0 0 0 0 0 0 0 0 0 0 0 0 0 0 
0 0 0 0 0 0 8.638169e-02 0 0 0 0 0 0 0 0 0 0 0 0 0 0 0 0 0 0 0 0 0 0 0 0 0 0 0 0 0 0 
0 0 0 0 0 0 0 1.987351e-02 0 0 0 0 0 0 0 0 0 0 0 0 0 0 0 0 0 0 0 0 0 0 0 0 0 0 0 0 0 
0 0 0 0 0 0 0 0 7.461796e-03 0 0 0 0 0 0 0 0 0 0 0 0 0 0 0 0 0 0 0 0 0 0 0 0 0 0 0 0 
0 0 0 0 0 0 0 0 0 8.638169e-02 0 0 0 0 0 0 0 0 0 0 0 0 0 0 0 0 0 0 0 0 0 0 0 0 0 0 0 
0 0 0 0 0 0 0 0 0 0 3.754643e-01 0 0 0 0 0 0 0 0 0 0 0 0 0 0 0 0 0 0 0 0 0 0 0 0 0 0 
0 0 0 0 0 0 0 0 0 0 0 6.127514e-01 0 0 0 0 0 0 0 0 0 0 0 0 0 0 0 0 0 0 0 0 0 0 0 0 0 
0 0 0 0 0 0 0 0 0 0 0 0 3.754643e-01 0 0 0 0 0 0 0 0 0 0 0 0 0 0 0 0 0 0 0 0 0 0 0 0 
0 0 0 0 0 0 0 0 0 0 0 0 0 8.638169e-02 0 0 0 0 0 0 0 0 0 0 0 0 0 0 0 0 0 0 0 0 0 0 0 
0 0 0 0 0 0 0 0 0 0 0 0 0 0 7.461796e-03 0 0 0 0 0 0 0 0 0 0 0 0 0 0 0 0 0 0 0 0 0 0 
0 0 0 0 0 0 0 0 0 0 0 0 0 0 0 1.217752e-02 0 0 0 0 0 0 0 0 0 0 0 0 0 0 0 0 0 0 0 0 0 
0 0 0 0 0 0 0 0 0 0 0 0 0 0 0 0 1.409735e-01 0 0 0 0 0 0 0 0 0 0 0 0 0 0 0 0 0 0 0 0 
0 0 0 0 0 0 0 0 0 0 0 0 0 0 0 0 0 6.127514e-01 0 0 0 0 0 0 0 0 0 0 0 0 0 0 0 0 0 0 0 
0 0 0 0 0 0 0 0 0 0 0 0 0 0 0 0 0 0 1.000000e+00 0 0 0 0 0 0 0 0 0 0 0 0 0 0 0 0 0 0 
0 0 0 0 0 0 0 0 0 0 0 0 0 0 0 0 0 0 0 6.127514e-01 0 0 0 0 0 0 0 0 0 0 0 0 0 0 0 0 0 
0 0 0 0 0 0 0 0 0 0 0 0 0 0 0 0 0 0 0 0 1.409735e-01 0 0 0 0 0 0 0 0 0 0 0 0 0 0 0 0 
0 0 0 0 0 0 0 0 0 0 0 0 0 0 0 0 0 0 0 0 0 1.217752e-02 0 0 0 0 0 0 0 0 0 0 0 0 0 0 0 
0 0 0 0 0 0 0 0 0 0 0 0 0 0 0 0 0 0 0 0 0 0 7.461796e-03 0 0 0 0 0 0 0 0 0 0 0 0 0 0 
0 0 0 0 0 0 0 0 0 0 0 0 0 0 0 0 0 0 0 0 0 0 0 8.638169e-02 0 0 0 0 0 0 0 0 0 0 0 0 0 
0 0 0 0 0 0 0 0 0 0 0 0 0 0 0 0 0 0 0 0 0 0 0 0 3.754643e-01 0 0 0 0 0 0 0 0 0 0 0 0 
0 0 0 0 0 0 0 0 0 0 0 0 0 0 0 0 0 0 0 0 0 0 0 0 0 6.127514e-01 0 0 0 0 0 0 0 0 0 0 0 
0 0 0 0 0 0 0 0 0 0 0 0 0 0 0 0 0 0 0 0 0 0 0 0 0 0 3.754643e-01 0 0 0 0 0 0 0 0 0 0 
0 0 0 0 0 0 0 0 0 0 0 0 0 0 0 0 0 0 0 0 0 0 0 0 0 0 0 8.638169e-02 0 0 0 0 0 0 0 0 0 
0 0 0 0 0 0 0 0 0 0 0 0 0 0 0 0 0 0 0 0 0 0 0 0 0 0 0 0 7.461796e-03 0 0 0 0 0 0 0 0 
0 0 0 0 0 0 0 0 0 0 0 0 0 0 0 0 0 0 0 0 0 0 0 0 0 0 0 0 0 1.987351e-02 0 0 0 0 0 0 0 
0 0 0 0 0 0 0 0 0 0 0 0 0 0 0 0 0 0 0 0 0 0 0 0 0 0 0 0 0 0 8.638169e-02 0 0 0 0 0 0 
0 0 0 0 0 0 0 0 0 0 0 0 0 0 0 0 0 0 0 0 0 0 0 0 0 0 0 0 0 0 0 1.409735e-01 0 0 0 0 0 
0 0 0 0 0 0 0 0 0 0 0 0 0 0 0 0 0 0 0 0 0 0 0 0 0 0 0 0 0 0 0 0 8.638169e-02 0 0 0 0 
0 0 0 0 0 0 0 0 0 0 0 0 0 0 0 0 0 0 0 0 0 0 0 0 0 0 0 0 0 0 0 0 0 1.987351e-02 0 0 0 
0 0 0 0 0 0 0 0 0 0 0 0 0 0 0 0 0 0 0 0 0 0 0 0 0 0 0 0 0 0 0 0 0 0 7.461796e-03 0 0 
0 0 0 0 0 0 0 0 0 0 0 0 0 0 0 0 0 0 0 0 0 0 0 0 0 0 0 0 0 0 0 0 0 0 0 1.217752e-02 0 
0 0 0 0 0 0 0 0 0 0 0 0 0 0 0 0 0 0 0 0 0 0 0 0 0 0 0 0 0 0 0 0 0 0 0 0 7.461796e-03 
Identity Matrix
1.000000e+00 -6.694093e-25 5.826450e-13 5.450587e-25 -6.565847e-26 0.000000e+00 
7.703720e-34 1.000000e+00 -4.437343e-30 -7.456222e-42 -9.537719e-29 0.000000e+00 
6.776264e-20 -1.220251e-28 1.000000e+00 1.200070e-28 -1.514551e-29 0.000000e+00 
3.081488e-33 -1.898785e-32 7.888609e-31 1.000000e+00 5.993643e-29 0.000000e+00 
-1.504633e-36 1.386772e-31 -7.703720e-34 -7.951125e-32 1.000000e+00 0.000000e+00 
5.421011e-20 -3.976756e-29 0.000000e+00 4.652430e-29 -6.076694e-30 1.000000e+00 
MTWMINvMTW Matrix
-3.822168e-03 -5.219092e-03 -3.822168e-03 -6.855099e-03 -8.119335e-03 -1.458529e-03 -8.119335e-03 -6.855099e-03 -3.822168e-03 -8.119335e-03 5.892876e-02 1.474259e-01 5.892876e-02 -8.119335e-03 -3.822168e-03 -5.219092e-03 -1.458529e-03 1.474259e-01 3.242442e-01 1.474259e-01 -1.458529e-03 -5.219092e-03 -3.822168e-03 -8.119335e-03 5.892876e-02 1.474259e-01 5.892876e-02 -8.119335e-03 -3.822168e-03 -6.855099e-03 -8.119335e-03 -1.458529e-03 -8.119335e-03 -6.855099e-03 -3.822168e-03 -5.219092e-03 -3.822168e-03 
-1.743838e-01 -2.845914e-01 -1.743838e-01 -3.096323e-01 -1.345839e+00 -2.196387e+00 -1.345839e+00 -3.096323e-01 -5.812793e-02 -6.729196e-01 -2.924894e+00 -4.773378e+00 -2.924894e+00 -6.729196e-01 -5.812793e-02 7.115928e-17 8.862568e-16 4.015123e-15 6.641253e-15 4.015123e-15 8.862568e-16 7.115928e-17 5.812793e-02 6.729196e-01 2.924894e+00 4.773378e+00 2.924894e+00 6.729196e-01 5.812793e-02 3.096323e-01 1.345839e+00 2.196387e+00 1.345839e+00 3.096323e-01 1.743838e-01 2.845914e-01 1.743838e-01 
2.415174e+01 3.926932e+01 2.415174e+01 2.481790e+01 1.047676e+02 1.692897e+02 1.047676e+02 2.481790e+01 7.042523e-01 2.977383e+00 -5.557746e-01 -8.249409e+00 -5.557746e-01 2.977383e+00 7.042523e-01 -3.779830e+00 -5.220349e+01 -2.489335e+02 -4.182379e+02 -2.489335e+02 -5.220349e+01 -3.779830e+00 7.042523e-01 2.977383e+00 -5.557746e-01 -8.249409e+00 -5.557746e-01 2.977383e+00 7.042523e-01 2.481790e+01 1.047676e+02 1.692897e+02 1.047676e+02 2.481790e+01 2.415174e+01 3.926932e+01 2.415174e+01 
-5.812793e-02 -2.975059e-18 5.812793e-02 -3.096323e-01 -6.729196e-01 -2.772426e-16 6.729196e-01 3.096323e-01 -1.743838e-01 -1.345839e+00 -2.924894e+00 -1.833229e-15 2.924894e+00 1.345839e+00 1.743838e-01 -2.845914e-01 -2.196387e+00 -4.773378e+00 -3.319815e-15 4.773378e+00 2.196387e+00 2.845914e-01 -1.743838e-01 -1.345839e+00 -2.924894e+00 -1.808032e-15 2.924894e+00 1.345839e+00 1.743838e-01 -3.096323e-01 -6.729196e-01 -2.656484e-16 6.729196e-01 3.096323e-01 -5.812793e-02 -1.472770e-18 5.812793e-02 
9.211752e+00 1.415878e-14 -9.211752e+00 3.271239e+01 7.109340e+01 1.092654e-13 -7.109340e+01 -3.271239e+01 9.211752e+00 7.109340e+01 1.545063e+02 2.363366e-13 -1.545063e+02 -7.109340e+01 -9.211752e+00 -7.599850e-15 -6.129958e-14 -1.400849e-13 -5.444760e-15 1.438027e-13 6.932636e-14 9.325685e-15 -9.211752e+00 -7.109340e+01 -1.545063e+02 -2.440886e-13 1.545063e+02 7.109340e+01 9.211752e+00 -3.271239e+01 -7.109340e+01 -1.117939e-13 7.109340e+01 3.271239e+01 -9.211752e+00 -1.448444e-14 9.211752e+00 
7.042523e-01 -3.779830e+00 7.042523e-01 2.481790e+01 2.977383e+00 -5.220349e+01 2.977383e+00 2.481790e+01 2.415174e+01 1.047676e+02 -5.557746e-01 -2.489335e+02 -5.557746e-01 1.047676e+02 2.415174e+01 3.926932e+01 1.692897e+02 -8.249409e+00 -4.182379e+02 -8.249409e+00 1.692897e+02 3.926932e+01 2.415174e+01 1.047676e+02 -5.557746e-01 -2.489335e+02 -5.557746e-01 1.047676e+02 2.415174e+01 2.481790e+01 2.977383e+00 -5.220349e+01 2.977383e+00 2.481790e+01 7.042523e-01 -3.779830e+00 7.042523e-01 
